:0200000480007A
:1000000073700430735040309711001093818185D4
:1000100017010110130101FF97120000938282DC87
:100020007390523073F051301705000013058509A5
:1000300097050000938505096300B50217060100C6
:10004000130606AF63FAC5008322050023A05500FE
:1000500011059105E3EAC5FE17050100130545AD3D
:1000600097050010938505FA1386418163FAC50050
:100070008322050023A0550011059105E3EAC5FE82
:1000800013854181974500109385C5B06377B5000E
:10009000232005001105E36DB5FEEF00B0721715C2
:1000A00000001305A541EF108040EF104044EF0021
:0E00B000507B014581452920EF10000901A079
:1000C0003171172500001305E57F06DF22DD26DBF1
:1000D0004AD94ED752D556D35AD15ECF62CD66CBD0
:1000E0006AC96EC7EF10C057B7070040985BC16779
:1000F000E310F740172500001305C57FEF104056A9
:10010000F32700B017F700001307874B1347F7FFDB
:100110003AD2372701051307C7C13AD43717060566
:100120003ECC014D97D700009387875F0564130786
:10013000C7C03EC4370B0A0002D802DA02DC02DE76
:1001400082C082C282C482C682C882CA82CC82CE67
:1001500082D082D282D482D682D882DA82DC82DED7
:1001600097FD0000938DDD45814702C802C602CA93
:10017000973C0010938CCC5417090010130949FACE
:100180009384C163971A0010938A8A11171A00107A
:10019000130A0A139719001093898914971B0010EA
:1001A000938B0B16130404D83AD66A8612579735E8
:1001B00000109385E51F130840066E973AD022473A
:1001C0001305F00F93081700138745FEC68621A07C
:1001D00083C706008506B38707030507B3C7A702D1
:1001E000A30FF7FEE316B7FE9305C701F108638579
:1001F000BC0083C7F8FFC9BF9737001093878719E2
:100200001717001013070719D44703A80700C8439E
:100210008C4754C72320070148C30CC7C107973632
:100220000010938626484107E390D7FEB7070040A9
:10023000394798C32257171C0010130CAC15D8CBA4
:1002400037070A001307671098CFE2873707004087
:1002500083860700850754C7971600109386864447
:10026000E398D7FE972700009387177F1307E0FDD9
:10027000B706004021A003870700850798C61737F7
:1002800000001307C786E318F7FE9727000093873F
:10029000277B930690253707004011A0944314CB89
:1002A0009107972600009386267BE399D7FE854722
:1002B0001CC3370700405C43898BF5DF9720001093
:1002C0009380400D23200700068F06878147B706DD
:1002D0000040DCCE8C5285070507A30FB7FEE39ADA
:1002E00087FE172500101305E50A0147930E000944
:1002F0009948614E33481703834505000505B34609
:10030000D7033363170393971600B6978E07050735
:100310003368C803931633009A969A06B697CA971D
:10032000C2972380B700E31787FC973300109383AD
:1003300063378142814F130D003697070010938772
:10034000A7DF3388F701970700109387E7029E889D
:100350003383F701130788FE4685C286030E070024
:10036000830E17008385060083871600769EF2951C
:10037000AE9789872300F500090789060505E31F65
:10038000E8FC13080803B108E31668FC938202092D
:1003900093830309938F0F24E391A2FB1738001076
:1003A0001308083117130010130323FF8148130E9D
:1003B0000009130548FF9A859387A5FF2A8783467E
:1003C0000700850713070709A38FD7FEE399F5FEFA
:1003D00005059905E312A8FEB1083108130383044B
:1003E000E399C8FDB7070040394798C33257D8CBC7
:1003F00013070B1198CF971700109387A7F93707AA
:10040000004083860700850754C79716001093861F
:10041000662EE398F6FE9727000093877771615761
:10042000B706004021A003870700850798C6173745
:1004300000001307E705E318F7FE972700009387EE
:10044000676B9306102D3707004019A0944391075E
:1004500014CB972600009386A66DE399F6FE854798
:100460001CC3370700405C43898BF5DF232007005E
:100470008147172700101307E7F1B70600409305DF
:100480000040DCCE885285070507A30FA7FEE39A3C
:10049000B7FE972600109386E6EF014793050040CC
:1004A0009377F700135577408E07AA9703C8060085
:1004B000135547408E071D89A697AA9723800701E9
:1004C00005078506E31EB7FC97370010938787530F
:1004D0003ECE973F0010938FEF539383C1638142C9
:1004E000914E130D000413880FFF9E88938588009A
:1004F000C686014703830600038E160003850500A8
:100500008387150072931A95AA9789873305E800A7
:100510002300F500050789068905E31DD7FD1108AD
:10052000C108E315F8FD9102930F080193830304BA
:10053000E39BA2FB7245971800109388A8E6014838
:100540004143C685130E4500938705FF2A878346DE
:10055000070085074107A38FD7FEE39AF5FE05053F
:10056000C105E313AEFE1108938808046304680014
:100570007285C1BFB7070040394798C337071004D9
:1005800013074740D8CB13070B1298CF97170010CB
:10059000938747E03707004083860700850754C7E5
:1005A00097160010938606EFE398F6FE9737000043
:1005B000938717F64157B706004021A0038707002D
:1005C000850798C617570000130787F4E318F7FE4E
:1005D00097370000938707EC930640E93707004000
:1005E00019A09443910714CB97360000938646F2E6
:1005F000E399F6FE85471CC3370700405C43898BAF
:10060000F5DF23200700972600109386A6D8014720
:10061000B707004093050002D8CF88530507850629
:10062000A38FA6FEE31AB7FE03270F00032E4F0089
:1006300003238F0023A0EA0039478328CF00032833
:100640000F0103254F0183258F018326CF0198C316
:100650003707100413074740D8CB23A2CA0113075A
:100660000B1223A46A0023A61A0123A80A0123AAB5
:10067000AA0023ACBA0023AEDA0098CF9717001077
:10068000938747D13707004083860700850754C703
:1006900097160010938606E0E398F6FE9757000041
:1006A000938717EF2147B706004021A00387070073
:1006B000850798C617770000130787EDE318F7FE44
:1006C00097570000938707E5930650C5370700400A
:1006D00019A09443910714CB97560000938646EBDC
:1006E000E399F6FE85471CC3370700405C43898BBE
:1006F000F5DF23200700972600109386A6C901473F
:10070000B707004093050002D8CF88530507850638
:10071000A38FA6FEE31AB7FE3947832E0F00032EE0
:100720004F0003238F008328CF0003280F010325E8
:100730004F0183258F018326CF0198C3370710040B
:1007400013074740D8CB2320DA0113070B122322CB
:10075000CA0123246A0023261A0123280A01232A16
:10076000AA00232CBA00232EDA0098CF9717001086
:10077000938747C23707004083860700850754C721
:1007800097160010938606D1E398F6FE977700003F
:10079000938717E84557B706004021A00387070055
:1007A000850798C617970000130787E6E318F7FE3A
:1007B00097770000938707DE930630D43707004011
:1007C00019A09443910714CB97760000938646E4D2
:1007D000E399F6FE85471CC3370700405C43898BCD
:1007E000F5DF23200700972600109386A6BA01475D
:1007F000B707004093050002D8CF88530507850648
:10080000A38FA6FEE31AB7FE3947832E0F00032EEF
:100810004F0003238F008328CF0003280F010325F7
:100820004F0183258F018326CF0198C3370710041A
:1008300013074740D8CB23A0D90113078B1123A25C
:10084000C90123A4690023A6190123A8090123AA29
:10085000A90023ACB90023AED90098CF9717001098
:10086000938747B33707004083860700850754C73F
:1008700097160010938606C2E398F6FE979700003D
:10088000938717DF0947B706004021A003870700B9
:10089000850798C617A700001307875DE318F7FEC2
:1008A00097970000938707D79306801E370700406D
:1008B00019A09443910714CB97960000938646DBCA
:1008C000E399F6FE85471CC3370700405C43898BDC
:1008D000F5DF23200700814717270010130787AB98
:1008E000B7060040E145DCCE885285070507A30F17
:1008F000A7FEE39AB7FE03270F0183274F010328C2
:100900000F0003254F0083258F008326CF0023A8E7
:10091000EB0023AAFB0023A00B0123A2AB0023A41E
:10092000BB0023A6DB009717001093876797171764
:100930000010130727A6944B83A8070003A84700BD
:100940008847CC4714CB232017012322070108C76F
:100950004CC7D107971600109386069C5107E39C5D
:10096000D7FCB7070040394798C33707780113070A
:100970001710D8CB13074B1598CF971700109387F4
:1009800067A13707004083860700850754C797167D
:1009900000109386A6A7E398F6FE97A7000093871A
:1009A00037624557B706004021A003870700850737
:1009B00098C617D700001307A7D6E318F7FE97A726
:1009C00000009387274B9306E0AE3707004019A03D
:1009D0009443910714CB97A600009386665EE39933
:1009E000F6FE85471CC3370700405C43898BF5DF63
:1009F000232007008147172700101307A799B70680
:100A0000004093054005DCCE885285070507A30FFB
:100A1000A7FEE39AB7FE972700109387A7971717AB
:100A200000101307678FD44703A80700C8438C47FB
:100A300054C72320070148C30CC7C10797260010DD
:100A40009386469A4107E390D7FE8C429717001091
:100A500093874794971600109386068C0CC3D8464C
:100A600003A80600C8428C46D8C723A00701C8C304
:100A70008CC7C106171700101307078FC107E39033
:100A8000E6FE14433707004094C3B9471CC3B707B9
:100A90005401938717105CCBB70702009387A71008
:100AA0001CCFB707004003070C00050CD8C7171769
:100AB000001013076793E31887FF97F700009387E9
:100AC00077B36557B706004021A003870700850765
:100AD00098C617F70000130767E6E318F7FEFD77DF
:100AE00017F700001307C7AE9387974BB706004070
:100AF00019A01C4311079CCA97F70000938787AF82
:100B0000E399E7FE85479CC2370700405C43898B29
:100B1000F5DF232007008147172700101307878779
:100B2000B7060040A945DCCE885285070507A30F0C
:100B3000A7FEE39AB7FE97170010938727833E8896
:100B40003E878386000011078500232ED7FE971667
:100B5000001093862684E316D7FE81460547294573
:100B600093952600C29583A847008C41910763D3D3
:100B70001501BA860507E315A7FE52471C01BA976F
:100B80004247050723ACE7FC6314D60403A707FB21
:100B9000B246050723A8E7FAA247850636C693871B
:100BA00007313EC497F70000938727A26383FD04B3
:100BB00003C60D001401A247131726003ACA369740
:100BC000032787FD83C70700850D3AC86FF00FDE46
:100BD0008255172500001305E5D4EF003017A24712
:100BE000938707313EC497F700009387079EE391F0
:100BF000FDFC732400B0E24717250000130505D55E
:100C0000930981051D8CEF00B025324617250000A1
:100C1000130545D513090103B285EF0030131725DD
:100C200000001305A5D5EF00B0238144130B400647
:100C3000972A0000938A4AD5294A83A70900A685E6
:100C4000032609005685BE86850401476356F000D9
:100C5000330766033347F70291091109EF00100FBC
:100C6000E39D44FD17250000130505D4EF00501F38
:100C7000A28517250000130565D4EF00300D9304FD
:100C80004006172500001305A5D417F9FF0F130917
:100C9000A93DB3559402EF00700B83250900172579
:100CA0000000130565D4EF00700A0326090001EA6D
:100CB00017250000130585D7EF00901A01A0130532
:100CC000803EB335A40281463305A40249212A841B
:100CD000AA85172500001305A5D2EF003007B355EC
:100CE0009402172500001305E5D2EF003006C9B7BE
:100CF00017250000130505C1EF00901601A0A547B8
:100D000023AAF1807D5582807D15854763E6A70083
:100D10008967DCC101458280A54723AAF1807D5502
:100D20008280054582800145828019C17D5582807F
:100D300041113735011022C406C62E84B52A23007E
:100D4000A400B240224405454101828017F7FF0FFD
:100D5000130747311C43973600109386A6E33E9550
:100D6000636BD50097F600109386C6A963E5A600CD
:100D700008C33E858280FD573E858280011122CCCA
:100D80004EC606CE26CA4AC82E84B289EF00D00DC0
:100D900029C533093401A944639909003DA005041C
:100DA0003735011001226302240383450400E398D0
:100DB00095FEB54537350110F520834504003735DC
:100DC00001100504C520E31224FF4E85F240624461
:100DD000D2444249B249056182807D55C5BF0000B9
:100DE0005D7106C012C216C41AC61EC82ACA2ECC0D
:100DF00032CE36D03AD23ED442DC46DEF2C0F6C223
:100E0000FAC4FEC6F322103416D6F322203416D8C4
:100E1000F322003016DA732520348A855D2AB25217
:100E200073901234C25273902234D25273900230B3
:100E300082401242A2423243C2435245E2457246C8
:100E400082561257A2576258F258064E964E264FB7
:100E5000B64F616173002030AA8711C5584D014516
:100E6000D98DCCCF82807D558280AA8715C917F78E
:100E7000FF0F0327671FB355B7021307000858C5B4
:100E80000145FD1513D785001377F70FD8C393F5E8
:100E9000F50F8CC31307600C98C70D47D8C7828025
:100EA0007D55828001C95C4993F70702EDDF0CC1D3
:100EB000014582807D55828001C95C49858BF5DFC3
:100EC00008411375F50F82801305F00F8280B7C7B4
:100ED000000203A787FF83A7C7FF411106C622C4EC
:100EE00026C2BA86B7C5000203A785FF83A7C5FF40
:100EF000BA87732600B0E389E6FEB7C6000203A4F2
:100F000086FF83A4C6FF1D8C732700B0E369A4FE8F
:100F1000B304C740B3F58402228681461395F500D9
:100F2000C581352433D78402B24022449244410122
:100F30003E073A9582804111054506C6493FB240B9
:100F400013054006410161B7411122C42A841725C7
:100F500000001305A58A06C62127A28517250000D3
:100F60001305058BE523F325103417250000130521
:100F7000258BE92BF3253034172500001305458B0D
:100F8000F12301A0411122C42A8417250000130572
:100F9000258B06C6F125A285172500001305458778
:100FA0007523F32510341725000013056587792B69
:100FB000F32530342244B24017250000130545873D
:100FC000410169A3B7B7C4049387074023A2F18006
:100FD000828041119317450106C622C4D183635113
:100FE00005022D476383E7048A0713874182BA9776
:100FF0009C4391C38297B2402244014541018280C3
:1010000029462A87AE86636BF6008A071386C18459
:10101000B2979C43EDD3B6853A85E9BF97070000A8
:101020009387C7F2B6853A85F1B7F32740F13707C2
:10103000200CB2071107BA978043C147E3ED87FA46
:101040001317240093878187BA979C4391C3829793
:10105000F32740F13707200CB2071107BA9780C376
:1010600059BF411106C622C4F935AA8713844180AD
:10107000B7050300372501101CC0F93BF1659385C6
:10108000052037350110D533171600001306867C6E
:10109000971500009385C57C171500001305057D85
:1010A0007521971500009385E57E1715000013053F
:1010B000A57E69290C40171500001305257F7921AD
:1010C00097060000938686E89387C18413878187FB
:1010D00094C39107E39EE7FE170700001307C7EAD2
:1010E000938781879386C18B98C39107E39EF6FE11
:1010F000938741829386C18498C39107E39ED7FE6C
:101100003706000C8146B728000C05484545F327F3
:1011100040F19E07C6978C433317D8001347F7FF5B
:101120006D8F98C32320060085061106E391A6FE65
:10113000F32740F13707200CB2402244B207BA9798
:1011400023A0070041018280828082808280AA8859
:10115000AE873288368546836396062097E6000080
:101160009386C67D63FFC50A41676375E60A130768
:10117000F00F3337C7000E073355E600AA9683C633
:101180000600130500023697B306E540630BE50041
:10119000B395D70033D7E8003318D600D98D3393F1
:1011A000D80093580801B3D61503131608014182DD
:1011B0009357030133F715033685B305D60242076B
:1011C000D98F63FCB700C2971385F6FF63E7070169
:1011D00063F5B7001385E6FFC2978D8F33F71703CA
:1011E000420313530301B3D7170342073363670066
:1011F000B306F6023E86637BD30042931386F7FF65
:10120000636603016374D3001386E7FF4205518DC3
:1012100081455DA8370500014147E36FA6F46147AA
:10122000A1BF01E605473358C7024167637FE8085D
:101230001307F00F6373070121453357A800BA96CF
:1012400003C70600130600022A97B306E64063159B
:10125000E608B3870741854593580801131608012E
:10126000418213570301B3F61703B3D71703C2061E
:10127000558F330EF6023E85637CC7014297138576
:10128000F7FF636707016375C7011385E7FF42979F
:101290003307C741B377170342031353030133578F
:1012A0001703C20733E36700B306E6023A86637B9F
:1012B000D30042931306F7FF636603016374D30000
:1012C0001306E7FF4205518D828037070001414533
:1012D000E365E8F6614595B73318D80033D5E700E4
:1012E0003393D800B397D70033D7E8009358080159
:1012F0003366F7003377150393170801C1839355BD
:1013000006013355150342074D8FB386A702AA8500
:10131000637CD70042979305F5FF63670701637508
:10132000D7009305E5FF4297B306D74033F716037E
:1013300042064182B3D6160342073385D702B3670C
:10134000C700368763FCA700C2971387F6FF63E7E1
:10135000070163F5A7001387E6FFC297C205898FCF
:10136000D98DDDBD63E2D514416763FFE602130743
:10137000F00FB335D7008E0533D5B60017E7000060
:101380001307C75B2A9703470700130500022E9730
:10139000B305E5406311E5020545E3E7F6F233B531
:1013A000C800134515000DB737070001C145E3E537
:1013B000E6FCE145D1B73358E600B396B600336892
:1013C000D80033D3E700935E0801B376D303B39715
:1013D000B70033D7E800331EB6003366F700931723
:1013E0000801C183135706013353D303C206558F37
:1013F000338F67021A85637CE70142971305F3FF79
:10140000636707016375E7011305E3FF429733073D
:10141000E741B376D7033357D703C2063383E702D6
:1014200093170601C183D58F3A8663FC6700C29784
:101430001306F7FF63E7070163F567001306E7FF8D
:10144000C2974205C16E518D9386FEFF13560E0161
:1014500013580501B38767403373D500B376DE00B8
:10146000330ED302B306D80213570E013303C3025F
:1014700036931A973308C8026373D7007698935649
:101480000701369863E00703E39407D9C167FD17A6
:101490007D8F4207337EFE00B398B8007297814576
:1014A000E3F4E8E27D15ADB38145014531BDAA8580
:1014B000814601460145B5AE411122C426C217E45A
:1014C00000001304E46697E4000093846466058CCE
:1014D00006C6098411E4B24022449244410182804C
:1014E0007D1493172400A6979C438297E5B741117A
:1014F00022C426C217E400001304846397E40000AA
:1015000093840463818C4AC006C6898401496315AB
:10151000990217E400001304A46197E40000938487
:101520002461818C89840149631D9900B240224461
:1015300092440249410182801C40050911048297AE
:10154000F9B71C40050911048297F9BF5D7122D4D7
:1015500006D62A842EDA32DC36DEBAC0BEC2C2C457
:10156000C6C603A5818011C51C4D81E72AC6712B13
:1015700032450C455418228636CEEF001027B25063
:10158000225461618280011126CA4AC806CE22CC4B
:101590004EC652C4AA842E8901C51C4D91E3B523C1
:1015A0009C4C804499E326858D2397E70000938720
:1015B000E74A631CF402C0408357C400A18BB1C743
:1015C0001C48A1C7FD59294A1C4483450900FD1741
:1015D000B1E91CC463DE07062286A9452685792069
:1015E000FD576308F502294535A097E7000093876A
:1015F000E7486314F4008044C1B797E7000093877D
:10160000E743E31BF4FAC04445BFA2852685392A87
:1016100055D97D55F2406244D2444249B249224AEA
:10162000056182801CC4050963D70700184C63CB91
:10163000E700638945011C401387170018C0238009
:10164000B70059B7228626851520E31F35F7D1B795
:101650001C401387170018C029472380E70061B793
:10166000AA8503A5818005B76FF0AFEB011122CCED
:1016700026CA4AC806CE4EC6AA842E89328401C51F
:101680001C4D91E3592197E700009387273D63198B
:10169000F406C0401C4C1CC48357C400A18BC9C3B2
:1016A0001C48BDCF1C4808409379F90F1379F90FF6
:1016B0001D8D5C486346F500A2852685152E2DE517
:1016C0001C440505FD171CC41C401387170018C0D7
:1016D000238037015C486389A7008357C400858B4A
:1016E00081CBA9476316F900A285268511260DED49
:1016F000F2406244D244B2494A854249056182803F
:1017000097E70000938787376314F400804459B744
:1017100097E7000093878732E31EF4F6C0449DBF2D
:10172000A285268521203DDD7D59D9B7411122C4EE
:1017300026C24AC006C683A481802A892E8489C411
:101740009C4C99E32685D12697E7000093870731C3
:101750006317F402C0408317C4001397070193F680
:1017600087004183ADEA9376070195EA2547232058
:10177000E90093E707042316F4007D5571A897E765
:1017800000009387A72F6314F4008044E9B797E71C
:1017900000009387A72AE310F4FCC0446DBF118BAF
:1017A0000DC74C5889C9930744046384F5004A85E2
:1017B0008525232A04028357C4002322040093F7BB
:1017C000B7FD2316F4001C481CC08357C40093E7E0
:1017D00087002316F4001C4881EF8357C4001307C9
:1017E000002093F707286385E700A2854A85F92939
:1017F0008317C4001397070193F6170041839DC216
:10180000544823240400B306D04014CC14480145A6
:1018100081E61377070831FFB2402244924402491F
:101820004101828093762700014691E2504810C41E
:10183000F1BFAA88138581811C4191EF1727001001
:101840001307472C18C113050000BA8709C51C41AE
:101850002324F708BA87D8437D487D556346E804BA
:10186000638D080203A88708630008041315270086
:10187000429510C10323081005463316E600336372
:10188000C300232068102320D50889466397D80019
:1018900083264810558E2322C810930617000A0786
:1018A000D4C3BA978CC70145828083D7C500011184
:1018B00022CC26CA06CE4AC84EC613F78700AA8491
:1018C0002E8475E3D8416347E000B8416344E000EB
:1018D000014575A858546DDF856603A90400F58F8E
:1018E00023A00400A5CF68488357C400918B99C7F3
:1018F0005C401D8D5C5899C33C401D8D5C540C5060
:101900002A86814626858297FD570357C400631DAA
:10191000F5009440F54763E3D708B70740208507F3
:10192000B3D7D700858BBDCB1C48232204001CC035
:1019300085677D8F19C7FD576314F5009C4091E3BF
:1019400068C84C5823A02401C1D59307440463847C
:10195000F50026857529232A04029DBF0C50854673
:10196000014626850297FD57E310F5F89C40ADDF50
:1019700075476385E70059476395E70023A0240175
:1019800081BF8357C40093E707042316F400F24095
:101990006244D2444249B249056182801367070418
:1019A0002316E400EDB783A90501E38309F203A937
:1019B00005008D8B23A0350133093941014791E39F
:1019C000D84918C4E35620F11C540C50CA864E86E0
:1019D00026858297634AA0008357C4007D5593E70C
:1019E00007042316F40065B7AA993309A940D9BFA3
:1019F0009C49B9CF011122CC06CE2A8411C51C4DB9
:101A000081E72EC61922B24597E7000093870705A4
:101A1000639BF5004C408397C50095C722856244BF
:101A2000F240056159B597E7000093872705639455
:101A3000F5000C44CDB797E7000093872700E39C9F
:101A4000F5FC4C44C9BFF240624401450561828007
:101A500001458280411122C406C62A842316B5009E
:101A60002317C50023200500232205002324050099
:101A70002322050623280500232A0500232C050020
:101A8000214681451305C505C52497170000938796
:101A9000C7815CD097170000938727841CD49717C1
:101AA0000000938767885CD4971700009387278B83
:101AB000B24000D01CD8224441018280970500002A
:101AC000938545F391A2411126C2130680069384A3
:101AD000F5FFB384C4024AC02E8922C406C693858A
:101AE0004407F1262A8419C9232005002322250151
:101AF000310508C4138684068145BD24B240228581
:101B0000224492440249410182801C4DADE34111BF
:101B100022C406C697070000938787FA1CD52324A2
:101B20000504232605042328050483A701812A84AC
:101B30006314F50085471CCD22851D2848C02285E9
:101B4000052808C422852D2048C4484001469145F7
:101B5000113708440546A545F53D48440946C945A1
:101B6000D53D8547B2401CCC224441018280828011
:101B7000411126C283A401819C4C4AC006C622C4DE
:101B80002A8999E326855137938484048044DC4074
:101B9000FD1763D607009C40B1CF8440C5BF031733
:101BA000C40031E7C17785072322040623200400FF
:101BB00023220400232404005CC423280400232AD5
:101BC0000400232C0400214681451305C405692A1D
:101BD000232A0402232C04022324040423260404BD
:101BE000B24022852244924402494101828013047A
:101BF000840679BF91454A85F93588C02A8451FD0C
:101C0000B1472320F900E9BF797122D44AD04ECEE2
:101C100052CC5AC85EC606D626D256CA2A892E8A01
:101C2000130485048149054BFD5B0444832A440069
:101C3000FD1A63D00A0200406DF8B250225492544B
:101C40000259624AD24A424BB24B4E85F249456133
:101C5000828083D7C400637BFB008397E4006387A3
:101C60007701A6854A85029AB3E9A9009384840680
:101C7000C1B75971CAD02E898395E500A2D4A6D2E6
:101C800086D63284B68463DC05008317C90023A09E
:101C9000040093F707088DE39307004005A0300088
:101CA000112FE34405FE3247BD67F98F7977BA9764
:101CB00093B717009CC0CDB793070004B6501CC063
:101CC00026549654065901456561828083D7C50024
:101CD000011122CC06CE26CA4AC8898B2E8489CF10
:101CE000930774041CC01CC885475CC8F24062445A
:101CF000D244424905618280740030002A89953FB0
:101D0000A245AA844A85652201ED8317C40013F712
:101D1000072069FFF19B93E727002316F400C9B75A
:101D2000970700009387C7D92324F9028357C4007B
:101D300008C008C893E707082316F400A2475CC848
:101D4000B24789CF8315E4004A85512D01C98357D5
:101D5000C400F19B93E717002316F4000355C40059
:101D6000C98C2316940059B73D432A876373C30275
:101D70009377F700BDEFADE5937606FF3D8ABA96FF
:101D80000CC34CC30CC74CC74107E36BD7FE11E231
:101D90008280B306C3408A06970200009696678049
:101DA000A6002307B700A306B7002306B700A305C4
:101DB000B7002305B700A304B7002304B700A303AB
:101DC000B7002303B700A302B7002302B700A301A3
:101DD000B7002301B700A300B7002300B70082803B
:101DE00093F5F50F93968500D58D93960501D58DC6
:101DF00061B7939627009702000096968682E78047
:101E000086FA9680C1171D8F3E96E374C3F8A5B776
:101E1000D1CD83A7C5FF011122CC06CE1384C5FF07
:101E200063D307003E942AC615251387C1811C433E
:101E3000324581EB2322040000C36244F240056175
:101E400039A5637DF4001040B306C4006396D70043
:101E50009443DC43B29614C05CC0F9BF3E87DC43B8
:101E600099C3E37DF4FE14433306D700631F860055
:101E70001040B29614C33306D700E390C7FC9043DA
:101E8000DC43B29614C35CC34DBF6375C400B14755
:101E90001CC165B71040B306C4006396D7009443D5
:101EA000DC43B29614C05CC040C341BF82800111C4
:101EB00026CA93843500F1984AC806CE22CC4EC675
:101EC000A104B1472A8963F0F404B14463EFB4027A
:101ED0004A85AD2B9386C18198423A8431E01384C0
:101EE00001821C4089E781454A85512E08C0A6859C
:101EF0004A857126FD5963183507B1472320F9003B
:101F00004A85B12331A0E3D304FCB1472320F90073
:101F10000145F2406244D2444249B249056182809F
:101F20001C40858F63CE07022D466376F6001CC0E9
:101F30003E9404C029A05C40631287029CC24A857B
:101F400039231305B4009307440061993307F54022
:101F5000E301F5FC3A94898F1CC065BF5CC3C5B72B
:101F600022874040A5BF130435007198E30385FC28
:101F7000B305A4404A852126E31D35FBBDBF1C46A1
:101F8000FD171CC663DA0700184E63C5E700A947B2
:101F90006394F5006FF08FED1C422E8513871700B8
:101FA00018C22380B7008280011122CC26CA4AC8F9
:101FB0004EC652C406CE2A89AE893284B304D600F6
:101FC0007D5A63149400014509A8834504004E8698
:101FD0004A8575370504E31645FFF2406244D24452
:101FE0004249B249224A05618280357122CD26CB11
:101FF0004AC94EC706CF52C556C35AC1DEDEE2DC1F
:10200000E6DAAA89AE843289368401C51C4D91E393
:10201000ED3C97E70000938767A4639BF40C83A4CF
:10202000490083D7C400A18BF5C79C48E5C7930737
:102030000002A304F1029307000302D22305F10278
:1020400022C6930B500297EA0000938A2AA5054CFA
:10205000294B4A848347040099C36390770FB30CDC
:102060002441630D2401E6864A86A6854E852D3FD0
:10207000FD576304F51E9257E6973ED2834704004E
:10208000638D071CFD571309140002C802CE3ECA17
:1020900002CCA309010482D4834509001546568564
:1020A000492EC2471304190059E913F7070109C75C
:1020B00013070002A309E10413F7870009C71307F8
:1020C000B002A309E104834609001307A00263805C
:1020D000E608F2474A8481462546034704009305F3
:1020E0001400130707FD6379E60AB5CA3ECE85A83A
:1020F00097E70000938787986395F40083A489008D
:102100000DB797E7000093876793E39CF4F083A4EF
:10211000C90001BFA6854E85EFF04FE109D97D5575
:10212000FA406A44DA444A49BA492A4A9A4A0A4B66
:10213000F65B665CD65C0D618280050421BF3305C9
:1021400055413315AC00C98F3EC82289B1B732471B
:1021500093064700184336C6634907023ACE034741
:1021600004009307E002631FF7040347140093077A
:10217000A002631BF702B2470904138747009C4380
:102180003AC663C107023ECA35A83307E04093E769
:1021900027003ACE3EC8E1B7B38767032E84854651
:1021A000BA9725BFFD57C5B7050402CA81468147C6
:1021B00025460347040093051400130707FD6374C5
:1021C000E606F1F2834504000D4617E5000013050D
:1021D000658D852411CD97E700009387A78C1D8D11
:1021E00093070004B397A700424505045D8D2AC8F4
:1021F00083450400194617E500001305E58A130915
:1022000014002304B10235242DC19307000095E783
:102210004247B2471377071009CF91073EC692573E
:10222000D2973ED23DB5B38767032E848546BA97D1
:1022300049B79D07E19BA107D5B778009706000035
:102240009386C6D626860C084E8597000000E700C8
:102250000000FD572A8AE314F5FC83D7C40093F7E6
:102260000704E39E07EA125565BD78009706000053
:102270009386C6D326860C084E85CD24D9BF41113E
:1022800022C42A842E8523AA018006C6EFE01FAC53
:10229000FD576316F50083A7418191C31CC0B2406E
:1022A000224441018280411122C42E848395E5009D
:1022B00006C6292B634905007C48AA977CC8B24012
:1022C0002244410182808357C4007D777D17F98FB6
:1022D0002316F400EDB783D7C500011122CC26CA1E
:1022E0004AC84EC606CE93F70710AA842E843289B8
:1022F000B68991C78395E50089460146292283570F
:10230000C4007D777D17F98F8315E4002316F40050
:102310006244F240CE864A86B24942492685D2447A
:1023200005613DA8411122C42E848395E50006C6AF
:10233000D928FD570357C400631BF500FD77FD172F
:10234000F98F2316F400B240224441018280856750
:10235000D98F2316F40068C8FDB78395E5003DA02A
:10236000411122C42A842E85B285368623AA018093
:1023700006C6EFE0BFA0FD576316F50083A74181B5
:1023800091C31CC0B240224441018280411122C449
:102390002A842E8523AA018006C6EFE05F96FD57AA
:1023A0006316F50083A7418191C31CC0B24022444B
:1023B00041018280411122C42A842E85B28523AA3C
:1023C000018006C6EFE05F94FD576316F50083A712
:1023D000418191C31CC0B24022444101828041111D
:1023E00022C42A842E8523AA018006C6EFE07F93AB
:1023F000FD576316F50083A7418191C31CC0B2400D
:10240000224441018280411122C42A842E85B28552
:10241000368623AA018006C6EFE0FF90FD576316BB
:10242000F50083A7418191C31CC0B2402244410101
:10243000828093F5F50F2A966314C50001458280CA
:1024400083470500E38DB7FE0505FDB782808280D6
:10245000797152CC9C493A8A984522D426D24ECEE4
:1024600056CA06D64AD05AC85EC6AA892E84B284F5
:10247000B68A63D3E700BA879CC00347340419C304
:1024800085079CC01C4093F7070281C79C408907C1
:102490009CC00329040013796900631A0900130B17
:1024A0009401FD5B5C449840998F634CF904834729
:1024B0003404B336F0001C4093F70702A5EB130673
:1024C0003404D6854E85029AFD576303F5041C40FB
:1024D00011469840998B544481446397C700B38454
:1024E000E64063D3040081441C4418486354F70059
:1024F000998FBE94014969047D5B63982405014569
:1025000009A885465A86D6854E85029A631E7501AE
:102510007D55B250225492540259F249624AD24A2D
:10252000424BB24B456182800509ADBF3307D400F1
:1025300013060003A301C70403475404938716003E
:10254000A2978906A381E7049DBF85462286D6858A
:102550004E85029AE30E65FB050945B7797122D4D1
:1025600026D24AD04ECE06D652CC56CA5AC803C836
:10257000850193078007AA842E843289B68963EE89
:102580000701930720069386350463ED0701630571
:10259000081C93078005630AF812930A2404230198
:1025A000040515A89307D8F993F7F70F5546E36686
:1025B000F6FE17D60000130626528A07B2979C43F0
:1025C000B29782871C43938A2504938647009C43D5
:1025D00014C32381F50485475DA29C41084313F68B
:1025E0000708930545000DC21C410CC363D80700C2
:1025F0001307D002B307F040A301E40417D600008C
:102600001306064B2948A1A013F607041C410CC36E
:1026100071DEC207C187D9BF90411C4313750608FC
:102620009385470001C50CC39C4339A0137606046B
:102630000CC37DDA83D707001307F00617D6000016
:10264000130606476304E80E2948A3010404584012
:1026500018C4634507000C40ED990CC099E3B68A95
:1026600019CFB68A33F70703FD1A329703470700DD
:102670002380EA003E87B3D70703E37507FFA1472E
:10268000631EF8001C40858B91CB58401C4863C7E3
:10269000E70093070003A38FFAFEFD1AB3865641A5
:1026A00014C84E87CA867000A285268555337D5A88
:1026B000631B450D7D55B250225492540259F24984
:1026C000624AD24A424B45618280A382050517D6F1
:1026D00000001306E63D0C40084313F805081C41B2
:1026E0001105630D080208C313F7150001C793E530
:1026F00005020CC04148B1FB18401377F7FD18C024
:10270000A9B79C4193E707029CC193078007A302E6
:10271000F40417D600001306E63A75BF13F8050453
:1027200008C3E30308FCC207C1837DBF214831BF52
:1027300090411C43CC491378060813854700630673
:10274000080008C39C438CC301A808C31376060481
:102750009C4375DA2390B70023280400B68A91B70A
:102760001C43D04181459386470014C383AA0700C8
:102770005685C13101C53305554148C05C401CC870
:10278000A301040439BF14485686CA852685829958
:10279000E30245F31C40898B8DE7B2474844E35C74
:1027A000F5F03E8509BF85465686CA8526858299FD
:1027B000E30265F1050A5C443247998FE345FAFE6E
:1027C000E9BF014A930A94017D5BF5B7411122C428
:1027D0002A842E85B285368623AA018006C6EFE0BC
:1027E000CFD4FD576316F50083A7418191C31CC068
:0827F000B24022444101828045
:1027F8005472617020696E20457863657074696FE2
:102808006E0D00004D43415553453A203078256CF4
:10281800780D0A004D45504320203A203078256C29
:10282800780D0A004D5456414C203A203078256CDA
:10283800780D0A005472617020696E20496E7465C3
:1028480072727570740D000031393A34393A333385
:10285800000000004F6374202033203230323600ED
:1028680048756D6D696E67426972642053444B20E8
:102878004275696C642054696D653A2025732C2073
:1028880025730D0A00000000494C4D00446F776E17
:102898006C6F6164204D6F64653A2025730D0A00E2
:1028A800435055204672657175656E637920256CB5
:1028B8007520487A0D0A00000A3D3D3D3D3D204CFB
:1028C800654E65742D3520416363757261637920A7
:1028D80054657374202831303020696D61676573E1
:1028E80029203D3D3D3D3D00434E4E205645525327
:1028F800494F4E204F4B0A004552524F523A2043FF
:102908004E4E2056455253494F4E206D69736D61A6
:10291800746368210000000020205B2533645D207B
:102928006C6162656C3D25642C20707265643D2580
:102938006420204D49534D415443480A000000008B
:102948000A3D3D3D3D3D20416363757261637920D9
:102958003D3D3D3D3D000000546F74616C3A2025BB
:10296800642F313030203D20256425250A000000E1
:102978000A5065722D636C6173733A002020636C92
:102988006173732025643A202532642F2532642030
:102998003D2025336425250A000000000A3D3D3D01
:1029A8003D3D2054696D696E67203D3D3D3D3D00CC
:1029B800546F74616C206379636C65733A20257574
:1029C8000A0000005065722D696D616765206379A2
:1029D800636C65733A2025750A0000004350552042
:1029E8004672657175656E63793A20257520487A57
:1029F8000A000000546F74616C2074696D653A2098
:102A08002575206D730A00005065722D696D616728
:102A1800652074696D653A202575206D730A00007C
:102A28003D3D3D3D3D20446F6E65203D3D3D3D3D76
:102A38000A000000590200000A0B00009B00000079
:102A48007C0000004705000045130000DEF5D5E1D5
:102A5800D627CAB50A03FB149D8D17362638E524F8
:102A6800DD32323BED3DFF3045FB25D0A7D159047F
:102A7800F79FAEEF7851DECDF357473AF910FE4491
:102A88003E44B93E064746F42FCB81FC19304EC46C
:102A980000E3430B16E91A611D123F0F193B544816
:102AA800FC645373450738A0BEFD2CF411A919CD59
:102AB8001602581A55F6FBFE27355C49D4F4514CDA
:102AC8006333FEF2DCC9FAB8C8B503A753A6BFF44E
:102AD8003E2B77E5B4F2582143E4D8FB4E523C1D17
:102AE800C3C20000D102000008FDFFFF530400002C
:102AF8007EFAFFFF93090000FC070000B5FFFFFF07
:102B0800E20000002107000044FBFFFF85FDFFFFF6
:102B1800ED0700004E04000041010000C607000058
:102B2800D8F3FFFFF806FB14FC1BE90C0A0FFEFEA6
:102B3800FB04ED03ED0004231000FE0C07FEEC027D
:102B4800F30EFDD0E2F2F315EC1F070316071BEC9A
:102B5800F600ED050C1204221509EF0602FE0D071A
:102B6800FE0D061106FDFA180500F4FBFE0504101B
:102B780009E9080DFAEA06160CFA07F513FE0BFF29
:102B8800F8F6F8150515111CF30D05F215FF02E905
:102B9800061505FDEF07FE4F03FAF9160304F703C0
:102BA800FA10F7C4FD1408290720F0031FFE01E4FA
:102BB800031BEBB915180829F9FCECFDEBF3EAF057
:102BC800FC0809E514EDEE17F80400FFEF07F9EA31
:102BD80004F1F909FA040B1C13FBEE0303FF03F6D7
:102BE8000FFFFEF3FA10FCE40C20FADE2105E3F1F6
:102BF8000C0BF500FA07F108F702FD22DDFFF10AD8
:102C0800F2FDEA08E80D09E70D20E8F425F8F0E9F7
:102C1800F3F9DFFB0101E7E4F1EBEBF10BF4F8F971
:102C280009F70407030CF7FF0BFEF0FA0D0915006E
:102C380003F3F5F80C05FB081202F300F9F405F7A5
:102C48000CF2FFE5F310F5CBFA180BE427FDE8E8E2
:102C5800FAFAE61514FFF6132606115AE4FAF507F0
:102C68000A01F545130FEFAE262A19F51907E0F505
:102C7800F20FCF2FFA01E3A400E7ED0718EE0B09D6
:102C880019FDF00DED0D08E5FAF1EC140FF816FB3F
:102C980009EEEBE6F608EFE2FEFBE9F3F90213F9B9
:102CA80007F4FCFFEE05E1F10206F70C2A020DF429
:102CB800F0F5F2090FC6073F2DFC3A35EA00F90195
:102CC800E9E20C4001E8EEFD181A2F0720FB060484
:102CD800F307E029FCF0F6FBFFF1EE1B15FC230DD2
:102CE800FEEEE6FC0012FBC00200E4070EEF281916
:102CF800F6FBE70702080AE009F7F3120EF628FCCC
:102D08000DF4F8F61B1908F80A0F1603DF000B106C
:102D180000EE15FED319063519F10613E9F6070D6D
:102D2800ED0AD6B2ED1EFB1911DE19FAF5F40D0BFA
:102D3800F00FF1E4F316132108100B0C09F213FE3F
:102D4800F30BEDFAEFF8020B0619F7FA19FE06FB7A
:102D5800F1F4F20DFBF30E18F70BF90817F70EF75D
:102D6800EEF40AFA1103180316101BECF9070A0807
:102D7800FC000800EF19EC4D3505DD19D1FB12FFF9
:102D8800DF07DBEE0D2C162039FC00F1CFFBFC052C
:102D9800FF19F5F1040F09120D1D00F115F6FDE7F5
:102DA800FC1F0DDEF5FE0D16052401EB240608D9DF
:102DB8000205FEE8F10A0118FD06F9080F0513FDE2
:102DC800F10AF6EC01082900080F22D9F801EBF8FE
:102DD8000FFE0C100AFAE3E71EE9F1FFC8F7D4F278
:102DE800D900F530110C08EC38F809E4DEEFEE18DC
:102DF800F20BF920FBF4FDC6F9210ADE16F3DDF427
:102E0800FB06FC05EE140AEA1A1CFEF02807EEF48D
:102E18000C00FAE7F4021401FD0FF6FC15F6FE06A5
:102E2800F50EF4DFEC0516EC012114CB0407E503DD
:102E3800060E0F0709E1C90010D33322EE03FAEF9B
:102E4800E5F0FF650EECE4BC1EEF1CCBF105D40BDE
:102E580004F81E47EBFBDCB20E1E1D061FF0F7E35D
:102E68000DF0F521052502C2151E0CF216FBEDF931
:102E7800FF08F0090611F9CC150602F018F8EFF072
:102E88000607EB11FC0BF1FF100F2BDC1F03DDEB2A
:102E9800EB050CE3E0DFFC41FCDB2606F8FDF6E47D
:102EA800EFED050EF5F7E61705EC33D91009E40642
:102EB80007061D11F3FAE102FC18170422F909F7B5
:102EC80005FAE7E0FF0801D20A0E16F91208EA012E
:102ED800FE0EFC1FFA12F2D50B101A0620EEFF00A8
:102EE8000904FD1B201DE5F4F9C2E40CE0F8F40A1E
:102EF80001FE0D02E127F3302BE2D10CEEFD40F587
:102F0800DDFFD5E51628F307FDA8E1FEDDFCFE0F81
:102F1800F2110EFD11120704FBE40615DEF21B1474
:102F2800FEFD0AEB0C0D020312FA0F00E9FB070F76
:102F38000AFA0000FFF10911F70E0FFDF50EEF0870
:102F4800F9E90EF50E041106F0CADF07E8EE1411D0
:102F580015FB250BF119E14210E1B612DBED30F15A
:102F6800CE14D707141E051C0781CFFED6F60B0812
:102F7800F70E28221B08150606041302D7FF26F7AA
:102F88000E10100A08221CF9231122F6E60FFA196E
:102F9800FEF704FF1313170D0AFA0B0102FB0804CE
:102FA800FFFEFCE109E91A00FACA0406CEFDFCFCA2
:102FB800160920170EF8DAC1E8D8FCE4F3F8D1C8EE
:102FC800D01CDD4308F7FAE7DEBBE304E8FEEAF9C4
:102FD800F80D27340DE726CD1A0B00DFE0FCF3F5DA
:102FE8000A120120030F0FF437102CDEE7F6C6058E
:102FF80005FA0710FE0B1E0E24021DEAE800F40B6A
:10300800FBF914F8F8EC280CF8EA11F4DBFBEA0EEB
:1030180006FB05FBFCEE96F6EBE039F91603F2CA5F
:10302800E7F5F73E00DAF6D6BCCEF9E20402D0F9AD
:103038000CF8110EEEE313EBFDFB2ED6F7EED8FCE1
:10304800FEED0206FFFA1BE61CFA1DD7F8FDC305C4
:10305800F3F30D200F0406D51B121AED0400D80750
:103068000F0E191FF1FE070FFFFF08EFE806E72014
:10307800F5081FE1EDEBBA37EDFC1008440F0BB370
:1030880013E5E8CCE3F6F207DC0207F301F8E7FB07
:10309800F001F3BFF807E61702FA34F41A02FCF954
:1030A800FCEF14CC00F407F0FFFD21E102F4D70D8A
:1030B80002112601F3F808FA100B26E117FBE3FFCB
:1030C800FA0B1F09EE03D7EBE703031A1F0AEC0AF2
:1030D8000E05070F0026F534E3ECDC0105F822079E
:1030E800D50ADCFFF907DE05D8F7DFF727F509026F
:1030F800E8FB09000406E703ECBBE00BF6F0160159
:10310800FEFC0CF41F24FF00F3B7DD15D800010501
:103118000905140E0104F1050BDEEEFCE701F008C9
:103128000EFD0FF8E9F3EDEEE5F9E31716FA1400D2
:103138001F03FD07020BE621C4FDC60EEE061DDBCC
:10314800D413E72403DFF703BA14DF0524EF1C06C2
:10315800040D07130BF40913EDB4D929E5F43EF770
:10316800011315FF150714F5FCA2E6FDD100FB0FAE
:103178000EFC220E180B0D07F3C5F417E10B031311
:10318800170A2503FCDF1301D903DC2604F806FE21
:1031980010FCF6F71DF7DADAD009F4F30FF4EACAEF
:1031A800D418C92E0EE20BF3AB1CE50C050011F187
:1031B8000614FBFE0CDF33FCE5CBE403EEFF22F143
:1031C8000E01071617F315E8F0B7E50DD302F4184A
:1031D80009F71E1818ED1906EED5E208E6020E0DDD
:1031E8001003151512021E0CF5F6DA2EF0F5130C65
:1031F80019F704FDF0E0A70A131D37E9110C0ABC02
:10320800E4DDDB17FEF105FBE92EFBFE03F303E229
:1032180014E5E8F3F3FD2C07E0EB1F02DEF6DE0908
:1032280009E61303F2DD21FDC7C1FA09E400E70648
:103238001407200C0DEF28ECE3E20702E6FBE61E7C
:1032480014FB1CFE050D2004EEEBE91CE3FD050F45
:10325800FB0C05F1D2C8934A343124F746092BBE3A
:1032680000DDE5CDE0FA0A1A1827001DFE0301F477
:1032780001F100C4E6FCF71AFEFA14E807F3E60EBB
:10328800E1EC08DAF5FA1200CAEC01F3F708EB05ED
:103298000CF813D807FB1CFCFBF217F0ED00ED113E
:1032A800FFF82300F3FCE5E00E110DEDFFF0FBF550
:1032B800F806EA07F80DEF14DA27FF0F15FE1924B0
:1032C800ED07EDFE02EDE7EAFE2A08E109F1EC0060
:1032D800F4FFE6F8E908EAEDFF0CE90E22F212071E
:1032E800FA07F8F6FC09E8F3F001D71218F8E60532
:1032F8000BFA0B01ED13E3F2F9F9F70419FDE106F6
:10330800FDF8FFF7E5E6F1030F2716FC18F10009B1
:103318001601F3F61EF1D80EEA10F32B010539F564
:10332800DB07EAFEEEF4EDF8EA320E050CF219F3CB
:1033380011F9DDE5F9E7E8F7C909DF1210F619090F
:103348000010F807FAEFE3E5CCF8D81A18F204E60B
:10335800030C000FFD01F7EBF4FAE2151004FB1162
:1033680011FF1802F9F0F10EEF23FB0307F1020336
:103378001106F0E523F2FBFC201701ECFA0408D54E
:10338800EB07E622F2F7FA0C041503FEFCF327F824
:103398000505E2DB230616F8E604E01608F924E141
:1033A8000B0DDF04ECD1F7E8B907D71604F809F9D3
:1033B8001409FEFAF7E602EDCD0AE32214F7170422
:1033C80013000EF6100AF80CE81FE624F9FC16099B
:1033D800F9FD00E4D8D1F51C17212DD0F7FCFEE14A
:1033E800EDD4E5F8ED090CF8140302F5F3FB07FF3B
:1033F8000CE9EAD520FE1309FD09F612F1FD0FEFDD
:1034080017EDDF00FAFD1104D015DA2CF4EF0CF6F5
:1034180004FEF1D911002204E506F716FFFF0A0998
:10342800090908F31F0808F9DF00CA16EC0E15048D
:103438000C02F004ACB1C93E380703CB1CFAF5EA1C
:10344800F3B6FDCFD7E60D0EF4050401DE070F0431
:10345800EEE800ECFF08FB16FBF0E614EA0D0D168B
:10346800F8F9FEF10F130906F41EE423F207011818
:103478000DFEFAE108090810F80FF219E7FA03043B
:103488000FFE04DF94FEFFFF04020000EA060000BE
:103498002A03000077FEFFFF37FCFFFFC8FDFFFF90
:1034A80006000000F6050000B1FEFFFFC20500009F
:1034B80094FEFFFFDF0700003B040000E804000063
:1034C80039FFFFFF99060000E1FCFFFF3A01000009
:1034D8000609000071050000BFFDFFFF15FDFFFF95
:1034E8003FFDFFFFBA000000E2FDFFFFE1FBFFFF29
:1034F8007D09000082FEFFFF670900003FFAFFFF19
:10350800CD030000F0E928D7FB03F5F4EDE9F7FE59
:1035180007FB0A28FCEE1BF6FEEE04D308E9ED31A2
:10352800FD1FEAECFCFE2FE8F0EE081DFDE4092A79
:10353800210FFB05EC01DE0FF7DDFB0009D9F71EB3
:10354800EA1F102200C123FD0903EFF0E106FEF790
:10355800F62003F1F8F70700072700EAFDE4F21A5E
:1035680022EEF1EF0A2617F90204EE18E6C80A1A45
:10357800F7D0082ED5001EF5FEFBFBE8FF14FF125E
:10358800DC0C29F2F5D11109FFFDF9FC000E01FC54
:10359800170B01E7FBF3F31D03F90016F3EBFA161B
:1035A8001FF7F70DFC0ADE09F205FCDEE826ED2020
:1035B800DA0AD3B7EA06FDD70106F338D51701F4BE
:1035C8002BAF4D0DF7E82205FCFD0400ED0EFC01C4
:1035D800E2151BF5FDF90810EE2903D00804FC05D7
:1035E80000E500F9F9F709EA05FCF6F7EB03E80F3F
:1035F800E8F8EB0AFDF514F81EF300F808F6F81DD4
:103608000EFEF5FBF4E5261502F4F2EB0B110DF7AF
:10361800021C14F2F90AC8220A28FAEAFBF4061472
:103628000D0817160EE701000EF2F908F1120FEC5B
:10363800F31C04FFFD0807F8F807F6F7F806F91475
:103648000FF2F2FBF514F2F706FDF00EEA06F31698
:10365800DEECEF1BEAFA06D73E24F602F3FAF10194
:1036680006D206E807D511E5F600F5F5050FE600E0
:10367800F2FFD50D04F606EC21BB031104DD071D8E
:103688001EFFEDE5FFEF01E3050600F3FEFDECEF9D
:10369800FB0BE608F700F9030C01EF050AE8F7173A
:1036A80012F6F50B03F631DCF8F0F612ECF213F82B
:1036B80012FC1C1DE903090B1DCF0AF116D8061FC1
:1036C800000FFCF5F8DF05FF03EF03F911220403EF
:1036D80012FDE5EA1BF9010808C5FD0200F8FC1B0C
:1036E80006FD02F804EE0FD4F0F7001C05D10920FE
:1036F8001DED121C01F6112612D6F8E118D9F515A0
:10370800CB29F20DF3E0FAFA03F9FAFBF900060403
:1037180004FC150AEFEE0B0003E806F8FD16040D8D
:10372800FA03FD0BF9F905DDF9FFF631FEEF231970
:103738001B0423FAF5F3062207C6FFFDEEE2060195
:10374800FD06F805F9C6121BF803F8ECFE06FBFBAC
:10375800FFFD00F603F8F60B0DD0F90EF406FA1E7D
:103768000F01FAFEF24FC00605040215D5F5032D28
:10377800B7EDF416E50609DE032604EE000803DEBD
:1037880008E900E1F9D5DB12F7FCFE01241D051854
:10379800F51B29EB25F4EF100EFCFE180BFC08EDC9
:1037A80022E6F101F6CE221AEEEF0EF91E1FF305FE
:1037B8001A3AEBBA05EEDE29331D0246DFF3041C84
:1037C80035C50622FEF0F21505F5FEFA0805FE0BD2
:1037D80004020DFE0F02E11FFF07FDFD040AF70CAE
:1037E8000A05FAED0CF103F607F8FD0CF6F3EDFE09
:1037F8000CE9F616E2EF14EF0DF9F4F6FC0A062AC6
:1038080008F8DBFAFBBA34FA08FA0A012412E205CE
:10381800082AEBCC0009F6111D1A001FE6ECFB483C
:1038280010FA25310C1710EF0A01F903F0FE0EF516
:10383800F9FC04F5EA04FF09FD07FEF20110FF0890
:103848000D0EF4EEFC1EF61DEFF2F5FCCAF20109AE
:10385800DCF2FF1AD70CFBD01812F2F9E0F107F9E5
:103868001CDEE9F104E513FCF3F3EFF00D080CFEA0
:103878000EF80AF005060F1419D1F01105E9F50E36
:10388800F804F5FF01F6FBF704FFFAFC02FDECF77C
:1038980007F1FDF1F3ED11FD07DBF901F408F40B75
:1038A800F8F3F0F5F6F803FBFA020912EAF90A0B45
:1038B800FD0026FAF602E816EFFB09F0F2FEF80919
:1038C8000503F000F6EC060009FC07E70A0CF00710
:1038D80017FAF9F8FD01FD1408F2F6170C01F609BC
:1038E80008F5F6ECF523F3FC06F2F618F8D7FD1CFC
:1038F800F6F22D33EF08F725E2050BE10DF401FF91
:10390800FB11F212FBE90F0A0AFC0904F6FE0C028D
:10391800F3F4FAF9000811020E170419F417F10567
:10392800FFE80BEAF8130612F8F4070E06021F0860
:1039380016132F0A0CFCF217FBF10AFE0808F6EA28
:103948002201040BF1ECF80504FAEEEA1111ECF689
:103958001AFEF7DB180A0B19F3F20C031505EC0C29
:10396800EE040E06F531C0E4F602FDF9E913F4158C
:10397800CDFDF53EF6EEE70CEC1102E818E306E2A1
:10398800030D0EF2033109D109FBE92116F2F40AFD
:103998001BF0FDEA16F30EFCFF1F0814140DFA02C3
:1039A800F2EC0C160DF72728F4070314320E040462
:1039B80028142BEB1401FA0A221BF50D020DF40F43
:1039C8002CF9EFF4F3F7D100EEF3F6E51F2DDEEB5B
:1039D800E108DAF810ECF6EBF22DFB1426F2F0F51C
:1039E80004093308F901F30EF703F2090014FD1472
:1039F800FAF4020302FC14EF13E6FE1AFE15F403B0
:103A0800F4F009FDF5E1442809EF03FF3FF9EFE978
:103A18002327FEE42B01E01D2C1AFB24F7D50535DE
:103A280019091C050AECFFF10CF80500E8F1040679
:103A380009131111E803FA110A17FA00FF08F80927
:103A4800FB12EC01F11DDDFAF7FE0706000AEB3B5D
:103A5800E0D8F8F8F3081CED06F9061E0D12FCE292
:103A6800EAF81723FDEF04020105FC01180F14F909
:103A78000B07100001FCF104F5F5060E100DEDF230
:103A880002F7FEF308F9FA0EF100FDE103FA08EF78
:103A980011F8F2F207F90FFBF501EF150B19F00910
:103AA800F1F4F9F9F3F60211F5FFFF0308170AF22A
:103AB800F90FFF000500130CF004FEFB070600F2E7
:103AC800FE00FAFB0AE2100CF4FBF3EC0404050216
:103AD80000F100F60F0000140DEFFDFAF718FC06D0
:103AE800FEF703EAEF1CEDEFFCF903FDF0060DFC11
:103AF800E3FCF022E9F507110E1EF3F9180605FF9D
:103B08000211FCDDF4FA15FFFFFC06F90DF7F2E6E9
:103B1800F9E4F1041004E60812F8EFFF10FE001AA9
:103B2800F00105D20A0AFBF309F208FB090C17D4C5
:103B3800E70CFD2F08ED0FF9FC2507CA250E08092B
:103B4800E912F0EBF0E22006FAFDF6F31CFBD205D1
:103B58001EFADEE522F1F02112EA082100F5FE281E
:103B6800F00E0E130A1207FAF6060524FC021318C3
:103B7800FE200711FCEFE422F0210AF702C9FE2219
:103B8800090CF012F8311C08F3060155D9E5512942
:103B980012EB4A3ADB09F1F844BD0AE3EC05FAFAFC
:103BA80011F8AAD6063F3EF7FB06F86CE6BF591097
:103BB80042F56038D30E15FB34E3FEDD0FEA051E2F
:103BC8000A01A1FC01F6470B0D0BE8FDFCBA160033
:103BD8002CEF27EAE0F5001334F3F8F2041C002177
:103BE800F11D0AD2F6FAF7F6EEEFF2071004E8092B
:103BF80003E5EDFB0DFA19FAFDFEF3FF0708F70AD6
:103C0800F5EB04F4F61E5529F606075CF7B4631CB9
:103C18004E14691FE0070D1947C9FAE1D8CAFB2BF2
:103C28001717A003F2FF0D0D03010D0EEFFB12FE97
:103C38001102FAF9F4FCF2FF07050C0AFE07FEFE72
:103C480008FDEFF9FF20E7E9F4FAFC0D07E5EF16A8
:103C58000003F40C04F61005F918F80F08FE080123
:103C6800EF0A141AF9F90FFE05F304E61305EFEF4E
:103C78000007E8F31BF2F70FF408FC05061307FF2B
:103C8800F50011F8F7E61D0903060ADD29F4E9DE57
:103C98000AECECF510F3F31919D90803080EF41817
:103CA800EC0CE9E50604FA05F0F4F7F41A0BECF667
:103CB8000308DB0C08F6FF0C0308F7FA05F1EE130E
:103CC800F617060E04EA2105F6F8F9F01FF907E3DE
:103CD80014FFFFFA0404E20D0CECFC010316F614C1
:103CE800FFF6EBDFFB10FBF404FFEEFCE1E70FD57A
:103CF800D7F80434ECF2D30D110FF4D81EEAF3030D
:103D08000E131DB9F817FAED0C00000BEBD9F1ED05
:103D18001FD4EF0AE5FDFB100FFFFAF315F6ED17B8
:103D2800EC0FFCF108E603D6FDF7F9FF0408F209E9
:103D380012F2F90902F40EFE0FBD010E19F7FB0D80
:103D4800020B18FDF4D718EA0BF302F6F0EBFBD5DB
:103D58002FF9FA21EEF3070B02E309D726E5EE3C2B
:103D6800F834CCF3F729FE0A08F50A24FAED2D21D8
:103D78000CD4F12BF3F426101FF6F3EE0602F4FA36
:103D8800FC091BE0F0CC18F7F90CF7040C1FFE0A2D
:103D98000A280FFD01EEF400F61DFDF40EE7F00F02
:103DA8000D1A1226F4BD0F1CFEFFF0FA2133ED1395
:103DB800D061D9D10DF7D9F91543001AE7DAF4091A
:103DC8002CF2242903E71C13080708EE010904074D
:103DD8001201240CF5FF1F1403F60AEB070C080C5C
:103DE8000001080D070D0E0B0EFFF304EFC1E3E30E
:103DF80007ED053DF9F2ECE60518F1DD191B09FDA3
:103E0800C135001805BD1F1A03F2FBF20EF701E8D1
:103E180019301FEC08F8FB080011F9E511FEFB1931
:103E28001321F717FEEAF10A07FF0902F30505FF58
:103E3800EE230CF9F807F701F31409EC0504F40074
:103E4800060E0E00FDEF0505F2EE060DE8D900019D
:103E580000EAFC11EFF405041104FEDD1811ED076A
:103E6800D30DEB10FA0807D105F3F3FEF2D9E50CF0
:103E7800EFE1E91CE90806E41E1BF50201EF08233F
:103E8800E5F61B08F41705EEFC00FE06E6E605005D
:103E9800FBDE0112E50515F60F00FFEF0CF908141B
:103EA800F401FDF7031400D00BF20801F9D8F3046C
:103EB800FDC4FBFEEAED0EF621F9FF0708FB031F20
:103EC800DF0504E6070304FBF6FEEE0A02FBE51233
:103ED800FEF2EA0BDF06F3E50F1B03FA0CFFF0090D
:103EE8000FEE1EFFF024FDEDFAF8EEEFEBF80006FA
:103EF80009E6F5FFFE07090AF6ED05EB1706FBEAEA
:103F0800D9F51303FF021104F2F5F61600F90AFCBD
:103F1800FE0C07FEF9F1F7FE0C0AF9040707F40D89
:103F2800FF010400F0F708F9F804EE06FEF10B01B2
:103F3800F9FEFB00EEFCFD0807FC07F9FCE8FBFDB9
:103F4800FEEE03F0FEFC0BFEF7F006EC06FB0205A6
:103F58000D050D05F40403EEF701FDEB040CF30D5C
:103F6800001EEF0A000DE9D2050A01EFFAF3F30586
:103F7800C7FA111FEA030CFB0309EFDA190507E575
:103F880004FBE5FA05EBEDFE03F6FFFCEF25F8026E
:103F9800EB2D1DF90EFEEE00F1F2F5E71D07F9E431
:103FA8000DE7090409C51AF6FBF4061206FFF0101E
:103FB80002271BF508FB0CF8000303F9F4EBF60ADB
:103FC80009EB031C01F60EFB04F10AF20310030CC3
:103FD800151017060BFD0FF9F6FC08F0110FEDFF91
:103FE8000A140BFF0124FAEF01FA0426EDF310FE80
:103FF80014F5120BEBF81AFB022104EBF705041079
:10400800ED20EC0FEFD60102FD080AE907FEEF15D7
:10401800F811F7EBF9FC11F40CEBFBFDFAF20301D4
:1040280006DDF7090500F3F2FB0A0B12F5FC07039E
:10403800FE1E030CFF02FC11FB0FFAF001F7050549
:10404800131002E6F70311F0F107012315E5080440
:1040580014081FFB04F9E4310DF1EFECFEE8000F42
:104068000519DD11070E09F4F7000B13E6E3160531
:104078000AF60BFBFFF601FDFDF401FE05010A003F
:10408800FF080BF609F0F40B06F108F3F60200F44A
:1040980011FDEE14FB0406F905FBF5060319FF0EE6
:1040A800F019FC09050504110BFEF10CF9EC1DF8DB
:1040B800110B1DF202F3FCFCFDE8F6F3EE12F0051D
:1040C800FC06E711F402E9FDF400FA06F2E8180F1D
:1040D800F6FE010F03F615F212F70306F60109F6CC
:1040E800FC00EBF5F42D0A19F1FFF406040A0CFAAA
:1040F800EFF40601FEF4FC001EE6F80FE42108FECA
:1041080006ED00F101F3F4F2FBFDFC0307FA1DE7ED
:104118000E0FF6FBFEF5160908F7EF0D0A09EFFA80
:104128000010EF060017F513FBF307E90B0BFFEF81
:10413800FBFD050523F2FA110BE202FDF124F2F072
:10414800F80FEC100802091303EFF4FBF3111BF34B
:1041580010F6FD03FDF7FC0AF5F4F30FF314F9F07C
:1041680000ECF5ECF201D02007F6F3F2EC3BFEFA96
:10417800E62310F004F302E6E40A09070E1000D55E
:1041880022E8F5FC0CF3150CF5FBFC120605FF19EB
:104198001A09FCEEF2FA04060DF1EF0F02FC091CF5
:1041A800F3F9F4080B0402EB0CF20A24F8FDFE0DF7
:1041B80000FF1604EF0208EDEFF6FDF215EB04F22E
:1041C80002D3FCF80BF210F4F706FFF3F9F1E30160
:1041D800E9FB0210F3FEFEE4F8ED030210FBFB0816
:1041E800F2DE13EB0701EEFB07ED000910181412BD
:1041F80001110C17FFF60EF90204FF030A1A06F163
:1042080004FBE31EEEFA1A00F9F702150B0BEE1089
:1042180007FFF1F608FBDE1827FAFF1BFDCCF92F84
:1042280021DF15FB06F40E10FD0DFC01DDE50EF790
:10423800F9041B08E902F11F0EF601EEF4EEF1177E
:104248000711F700FC0910FBFFEE07FB04070BFD45
:1042580006F524F711EE14F803F60808060F06070A
:104268000BF3DF09EF0F01FEFAF7FC14111112E24C
:10427800070DFC1DF604F6E7FFFC08F5130CEE012C
:104288000E17E10E0805F901FF03FEEDF9FE07EB35
:10429800151200FEFAFF04FBE2FD0CF90907040100
:1042A800F805040109F6FE0203FDF8011803F2F30C
:1042B800FA06FB1007FC1907EAFCFC01151708F0C1
:1042C800040108F7F102FAF108EE07EE0F06FAF416
:1042D800FA02EE010DED22E102EAF10F01130408E2
:1042E800FC10D713082BE51804F304DA1A2204DBB0
:1042F800F505AFFC38F5F9ECF2FEFAFC0C1608EC03
:10430800280DE404F9FC0EF90601ED031305130664
:10431800100FF5EEFDF40D1007E60007FCEA051393
:104328000004CE0504F3F2010AEF05DE2A03F5D6F0
:1043380002FDC7F814F00C150504F6FA1CFD02136B
:10434800FA130519F30C09FCF3FCF6060FF7020C37
:10435800FDF20AEA0005F90903FAF707ED06FDFA86
:10436800FBFED6FD0AF300F306F907DB1D00E0FDAE
:1043780001FDE3E419FEF626F231F914FEF9000115
:10438800F7173EFFF1EE2325FEFA072EFE021EF276
:104398000FFE15FF1DEDBF432EF7F4F9E4D7020F0A
:1043A8003011EEFDF52420FC0C0CFB54C4142B201A
:1043B8001AD8192BE9F8E2DB30E302EB07FC140208
:1043C80000DCC5E2F0EA4940FDF0F02EBFF34A12E6
:1043D80009C3331DE8F4E90047E0FCF4ED040301E8
:1043E80025F5CBA7F50C00F603F3F515E71406152C
:1043F800FA0EFA0DE0F30C07F525F40007FBFFF6BB
:10440800FCEDFA12FA103E3504F70742E600441AAA
:104418001BFB210BE2F0C6264BE7F8F3F8E4FE2E6F
:1044280004EAD2CDF20DFCFDFA0E030AFAF816F7EB
:10443800FF060CFDFA06080AFEF9FAEE07FA03056C
:10444800F2FFE6ECF2FB1604F205EE07EFF028099E
:10445800041110EDF5FB1226D92A08010303EFFA1F
:1044680005E41EFB05FA05FF0500F7000C08F70830
:1044780009E9F50FF1001DFC0B0506FB00FC03051F
:10448800F4FFF20002FB0DF902F30007FBEC15F84C
:10449800FC03F30FF9FD06060DE9FF1207E5F10E1F
:1044A800FDE7E512F503FAF9FAF7EBEF010CEA0973
:1044B80014EFF903F2FC0CF9EF02F7FA0705ED0027
:1044C800F0FAFA02FEFAF1F2F102ED120A13FCF820
:1044D8001DF80BF817F00CF30BD203070F17F106B2
:1044E800EBFBC70BF6DA13FEFFF4FBA71C15B2C5EE
:1044F80002EFA42618F201FDFBE100DD20F1034ADA
:10450800F40A0D1EFA1AF6F20C02F0FBF3E3000AA5
:10451800EEFAF808F1070BED14140C0EF9EDFEEBAA
:10452800E3E21312020BF3D7F8FF02F3DFE0E81718
:10453800F6C5E610EAF102052A2AFEF601F4F112A0
:10454800F3FB1CEDFE0B02F6FEFDF605DBDA1AE8BE
:1045580023EBF412D9FB10EB000202F309DCF301A0
:10456800D8FF05FBFA2CFB01090A030DF5E6150532
:10457800FFB8F7311FFDF3E5FFB600E6180AF102B0
:10458800DD10E9EA02E7080906F7F1E4EA0FF7F8AF
:10459800EBFBFE22F30204F9F70FFEFF1218090ADB
:1045A800050CF905F1BC2E0AEF04F5FF1110F4D73C
:1045B8001A3D293DEA05F207E90AF7DA1C02083034
:1045C800243EFA1E001BF221FBF306FCFB0702F156
:1045D80007DFFCF919F70513F8F80218FD2306EEB2
:1045E8000FF4EEEA0208381A0AF705F10EF62BFD69
:1045F800381D1E07DB06FEF9D6FEFCFF0BC7FD02C1
:10460800040F0802FEEA031F010EF7F9F40419F675
:1046180000260B250F00EE12F3F9FAFA03F7F6FF5E
:104628000818E003FFFD0FF7FCF5FA11FBFD12FA7D
:10463800F70315F0FEF5EBF3FA0609F61202F91581
:1046480008F8F7E601FE0CFDF7FBFEF7E3FF170B92
:10465800FFF9FBF1E0EF26C6F2EFF1220FD102ECF1
:104668001ADDFAD40912130E0DF8FBFEFDCF02096C
:104678000D04E3F6DF09F0F404370702E9E9F7FC73
:10468800D5101E0BF203EAF9F201F5F605EC181144
:10469800F7030508D9FE07E9F720F0FE07F1F0EB6C
:1046A800E8F318F7F91902D600F40408E9C808F87D
:1046B800FCE4F603E60401FD1F150BEC00EBF3FC2C
:1046C800C7E92102FF100114F9F4F80806F70718E2
:1046D800FC12F105EEEF15DE0D27FFFDF806F0F4EC
:1046E80002011409F023FAF2F0F7F010F6EDF913CD
:1046F800D8DAF7F7030A03F62524F0F7EF0FF1F5F8
:10470800F2FB1FFB000EEC18F3F507FE071DE90F7F
:10471800F309FF0709F9FB0A1605FBF807FBF7FE83
:10472800F6F2F112FB050F0BF9FEED06F2E10E09A8
:104738000508F6F70EFAEA1810F7EFEBFAFCFD0C8D
:10474800E80FF714020CF7FBF1F8F008E403F9F2AC
:1047580011F106160CF705FDF8FCF80B110509F523
:10476800F20E0B01F7FE02040BF1ECECF803F6EE87
:10477800F7CE0D03EB0118030200EFED0A11000C50
:10478800EEE3FFCE02FCFDFEFA01EDF1041620E493
:104798000C0A03E517F61315EF20F908111CFAF7B0
:1047A800071BF515FCF80710060403FFDE1C1502AD
:1047B8001524150814F80903E322FB080F01FAE190
:1047C800161F1102EE0BEDF700FAFD05070E11EFAB
:1047D800F610100728040B04E811F3000F1602F274
:1047E8000A2EE912FA1108F208FDF5060FE80A0088
:1047F8000BE3E3FBD30804F2FB0A030003E0001712
:10480800FDD00FFBF60805FEFA0505FE01151BFF96
:10481800111A09F802F219E7E713F109160AF4FB6D
:104828001308180F0FF102080CF2F60DEBF20DEA5F
:10483800E90D180405FD041B0113F4F9F4FAF90451
:104848000C0406E7F0EF0C0EF502F3EC04E90B0894
:10485800ECF0F504EFF0F60A14EE01EF05D4020DC2
:104868000BED01EBF104EFF8F6F9FE1AF8FE021869
:1048780012070B07FF05070508FEFC0EE7FD07FBFF
:10488800F2020D0AF809F909F4F20807FE04F3F038
:104898000AFF081507EDEDDAFF03F2FF1210F0ED3D
:1048A800F20603FF0B14F903050AF31FEC11F712C4
:1048B800F8E7F8101DEDFFE4EF05FAF1FD14F20238
:1048C800F6020E1AFF1AFBF606FBEB0009E901FFD8
:1048D8000A04F811FDFB11FA0204FAFC05F4F6FECD
:1048E800DF070C15F1030CFD07F1FE083018E90489
:1048F800FFF7E70A23F5FD14FE0206050410F20C83
:10490800FE10E81BFF15FDEAF5EDF9F41207E9EED4
:10491800FA170A1105030BFEEF0F09FB0C0307FC3E
:10492800F7F40415FC10FBEBFBF702EA1905F8F2A3
:1049380001EFE6100F03F2F5F6E7F5F3041A011399
:10494800E715DE2DF511F0F9FC01FC030E1518EF43
:10495800041C0A0704F4F80C0A18F308FE0BEE0B03
:10496800F10FED0001FD16F600FEF0E80204ECE799
:104978002306F90A22FDF81317F9010D0622F9FF9B
:10498800EF2EF219FDFC02FA09F5F0E9FC1019F313
:104998001507F5FD21F003F3FF05FCEE091AF6EA09
:1049A80006F6C604F9F9F80C0C0409F30A0A24E916
:1049B8001015130213F70711FB0EF4E704E700E9DB
:1049C8000920D11CFB04070A00F10301E50C0DEDD9
:1049D800181304E1FDF50CFBF914EF0800F000F1E1
:1049E80020F31B170806F9FFFBF9050D05FBFDF180
:1049F800F8F6111310F8E8FCFF030AF20AF5F40AB6
:104A0800190D2302F5EE02110AFD0D08FE052D12FF
:104A1800150400E7FDFC0E1BFAF7020BF5FFEEF795
:104A280011F8EBF0F6FDFF08FB0DF603E7F910F6B9
:104A3800F01617FEFCF803100E0E05EEF8F4FD0450
:104A4800070EEE0704F5051500FA0702F6F40EF254
:104A58000F010AFE2008E11C1C09EF08FAF8F819F2
:104A68001134EFFE000CE8F1FB0AEAFE101509F517
:104A7800030E180B0601F90CF1ED03E70004F20F21
:104A88000CFEF318F5FEF600F6F9EE070A18F3F631
:104A9800F51A0102EC0311F3EDF6F4F20BF9FF013C
:104AA800FCFC150FF100FAF9F2F3EEF508FB02F33E
:104AB800FCF70100010513F9F108F2011514F60AD3
:104AC800F217FC0F0814F6E405F6FA10F70FFB0AC4
:104AD800021A0C17FE000DF0E7F9F2F30516F1FEC5
:104AE800FCEB12FEF91104D2FFFBFA022B01CE08EF
:104AF800F5FCE8F311FF0BF7F9F4F41B0D020212B1
:104B0800E1FD0C09000C01060BFAEFFEE5FA0805B9
:104B1800061E08FEE40809030110FCFAF2E0060C80
:104B2800F6EB17F2F007FDF20302FDEA11FCD90BD0
:104B3800EEE2CA06FBFA12F400F1FD1B0002FB11BB
:104B4800ECF30DF5F21FF7EDF000F3FF0609FEFD9B
:104B5800061003050708120CFB0E03010C0502FEE4
:104B68000CE0F5020507FAFD0205F4DD17F7EB1472
:104B780004F9D7E50F061A03E5F7F31CF32100F44F
:104B8800E7091910F1F706EF0108F1F60613B3F279
:104B980008E1D6110DFBF6DB04F2FA07FF29FD0246
:104BA800E8F3D9050403FBDFF10AF2FC0309041852
:104BB800F0DDFE13FCFFF308042304EA0A070BF3F5
:104BC80009F9E32404EA18F3F4F4F9F0FEF2EC032B
:104BD8000827FD0308F0C50A112700E1F9E00F10C6
:104BE8000009F32300F71AF3FAF4000101F40F02A5
:104BF8000C12F9FFE8FE0F15ED240CEEFFD20809A0
:104C0800FE0B2E11F9E719F80A06EEE80E02EF0579
:104C1800F9F6F90D22EFF80F32F200FCFAE1F3078A
:104C2800FF13C427F810FCFDF8000C03E4FB02078F
:104C3800F6FF0BFDF0FFFBF00D11FFF303090DFB71
:104C4800F20701FAF4F01708F003F8FC1B0000EF74
:104C58001F1302F7190AFC1F06F3F6F0EDEAFB1B17
:104C68000621FD05080A00EEFF090412EBF70CFD0A
:104C7800F518F907E30614EC0821F5FAF8FCF31126
:104C880008ED140602FBFDEE02EF0810E1FC100E21
:104C9800FC0700FCE200EB050C10FC04F5E3071927
:104CA80010ED11EB04FBF4FFEF04EE05EC01FDFB46
:104CB800FE0E0AFDEDFC090DEA10F20110E70601EF
:104CC800F3FA0A01F70AFB04F6EFED1CE0061B1ADB
:104CD800E7150614CEFC0CE4FE2603ECFAF0F2F617
:104CE80012D5140704E006C30701EDD4F400B20B93
:104CF800DEE4B3FAF408F7D404EF03310BF4024D01
:104D0800C8D61B07F4E716F2FCFB02F52301F31DD6
:104D18000814090B06FED913FD1B0AF401F5ECFF74
:104D2800EB19072008221BEDFF06FC02EFB7FC1168
:104D3800F9E60CEECEEDFEE8071C0BEDECCF080B08
:104D4800C0142B1FF104FF11F505F10905DE0D2034
:104D5800020E02FAEE06DF0DF914FDF9F0B8F5FCC3
:104D6800EE0828FDF4070CF5050BFCFA03E5EC0743
:104D7800DCD2EA1512F9E1121100EFF5FEEE011E80
:104D8800C70B01F3091316FD09FEF505F4F128F721
:104D98000BFB0202FEF721F003110C13F2EDF4ED08
:104DA80001E51704090FFD43F4F9FFCBE31F31B404
:104DB8002BF91AF30F091E09D206F31614F3FCDABD
:104DC80057EC04E1FD0FFEFA0709050D01EE090E87
:104DD80003F5F623EDF907F01FEEFB07E2EFFEF906
:104DE800CEE9F909FFD8FF21F60C09081011FA14C9
:104DF800161EF7CA3A0ACF5905E4F649D0CEFEFF87
:104E0800230CF604041902F9FAFCF3E2080FF7E59B
:104E180006D4DE14020010F5FDF8F5050213FD00B6
:104E2800E7020108F4F116070F0E040FFB0404F95A
:104E380004160CF90AFD0303FC04F2FB1608030030
:104E480019F2F3FDFA04FCFD06F906FDF6EC03265B
:104E5800F111F0C8FB07ED302A38F433E2CC02DA5E
:104E6800001527F80BDC1715FC070C051F04FE01BD
:104E78001E2621DB29F6EE22FA03FAF700E205E8FE
:104E880015011C060C00FBFEF609080916F3FB03C6
:104E9800020913E906F8EAFEF20BF301F60EECF943
:104EA800020E1300F800F9D507FB01F125F8E61BFF
:104EB800F208E3F1FE06E4E10315FCF20615FF0D26
:104EC800CEFB1F0BFAEC1117F7FDF31715FB0803C0
:104ED8000D0D21E906F7F5F6EE000A18EFD2EDE719
:104EE8001FF52005F5FC05D507EEF50239EDE20EB4
:104EF8000401E00DF9FEE0E506020CE6F51DF103FC
:104F0800E1FBFD1203FD0B0CF10507100409041861
:104F1800ED08FE0E02F503F6EDF402F8FC0703F4C3
:104F280008F011F8F50BEBF5F7F0FA110E00100583
:104F38000FFCF702F309E6F2E9F8FEF5FE24FEE9B4
:104F4800DEFF1118F70DED10F702F20AFBF80E2339
:104F5800EFF60418DBF5FFFA0DFDFF00E8D107F9BD
:104F6800F6DB0F0BFD1CEC0D01FD000BF1FE11062D
:104F7800F2DFEE0711F71E03110EFAF9F91CFFD83C
:104F8800FE0107EA0B2AF0FC06F3F80DF5020E1AEB
:104F9800040A22DBF506FAC9F4190C2EF90C00D61E
:104FA80011D601FA00FD0C18FFF7F7EFF3FE10EE2B
:104FB800382127CE1B08FC3E0204F825E5F3EFE96B
:104FC8002BF503F7FB1CE2FBFCFAFB000EFEF5F2E7
:104FD800EDF52A0FF5071ED2F012F3FC1D1F05EBA5
:104FE800FBF506E7FCFCEAEFFDED0808F5F91537D7
:104FF800F6F802F70801FC2923DCFB0FD2E7FBFCDB
:10500800F6070516F107E8ECFEFAFDF7F107F2D905
:10501800FEF700ED1E062BF9FE210107242608E500
:1050280002030B10FAFDF9F0F9F4F215F5F40E0489
:10503800EE141012E9F6EC160A0AF3F7F9F5F2FB8A
:10504800100AF3F60913E50203F9FB0BF4EE041555
:10505800FC04E8091102FB062903F8F4E305F3054B
:10506800EB03E20904EDFBF003F9F80F0A0112194A
:10507800F30DF8F7EFF205E2F600F300F901FF028D
:1050880012EB15F100FD091B02FDECFBFCFD02FC17
:10509800051B161819F1EF17F7DDFFFAF4E9F1FB14
:1050A8000D19070309F506FBED09F8FBFD11EB04E3
:1050B80001EBF50D00FA0AE402FA01F00513F7080E
:1050C800EFFC08F5EFFBFE0D06F50403FDE81C20D8
:1050D800120F16FEE6FEE0020BEB0514F0BCECE73F
:1050E800FF07010B01040AFFEE07F10CF0FDF10DBB
:1050F800F1DDFC1214F8FED4EBF5F1FDFB13F5F12C
:10510800FE1604FCF2F0F40FF0F2070502070C1388
:10511800FF0D03ED08FA02E1F0F1091104FFF0E5D3
:105128000C1113F1EFFC0819F9F2F5160609EE0552
:10513800FFFE0C00030512E5F104040E020FFF0741
:10514800030F07F80412DB00FAFE0907040DFF1429
:10515800F8FF061401FF02D8F9FA0CF0F0F4F1F0A8
:10516800000C1814F80DF7F2F108F0000B08F1F430
:1051780015F006092B0908D3E507F7161A3FFBE6D1
:10518800F00D0E210319EE170A0BEC1CF408211C74
:105198000C0817D6060ADEE6F6FAF22FE10501D169
:1051A80003EDF907050EF70AF2EEF0FF0AFC1D06FB
:1051B80000090FEF05F4E1202311FD25D306F4F4CF
:1051C80010F7ED06FA1CDDE6F90AEF10ECE6EF2120
:1051D800F2F0FCF4DBFC21BEF11F050808E9FCC86D
:1051E80006D11D0E0AF004F5F9FEFBE9F9FBEB23E5
:1051F800F8FD1D120CF3ED08F1E2FBEE020C00F0D5
:105208000B1E151F050D0A02F903F8EE01FD06EF46
:105218001819F3030AF9F7150124070909F807040F
:1052280010070B0FF80311FEF8080105E3F4110944
:1052380007FD14FEF1F5FF1305FD02F3F309FD1B4D
:1052480010F9FAFD0507F7F8FCF4FAE70F06E3038F
:1052580011E9FB251A0011EDD80CFDE61627F9F522
:10526800F014E50CFB00020BF5FBF4F80E0F0B0C29
:10527800F9F808FCF0F7F7FDF5F4FC15F5ECF00586
:1052880004F10EEF0005F60A05F5F50D01020E1BF7
:105298000F101708EC09FA1700F0F8FEFAC803F225
:1052A80019F60CFDFEEB12100000ECFFF2F7FF06FA
:1052B800FDF4131507F5101300EAF9F10DF6F40FD4
:1052C800111402F406F4E7F7F001F40802020D17CE
:1052D800FE14FC00FAFDF10BFBF709F3E9BB010032
:1052E80016FF20080BF00C10F2F5FD08F100090379
:1052F8000A21F9E6F2F51800F5F7FC15FFE5ED02CD
:1053080002F00CEDF70FE3F70707F606F1000C1BA8
:10531800F814F2F6FCFFED11F60CFAE901C904E401
:10532800FE181D10F9E106F6F10A0BF6E308100B5A
:10533800E71D02ECD900F61F0012F00CEDB2EB1ECF
:1053480011F60DF00508F6E90500010EF504FF0950
:105358000210F8ECD8F6F5F3ED13F4F80DDE00EFD3
:10536800F5032322FF01FF0A04F6F20D13F107EEFD
:1053780024FCFBFBEAEE170C00F60A01FD0504FE0F
:10538800F3FAFAF2F20302FF050A060DF0120420FE
:10539800F10BEAF7F606E3FE0713FF17D9DCEF0B6C
:1053A800FA000418FCFEF3EF08F4ED11E1EE06290B
:1053B800DD11E701D407DEDC1EFD0B23E3F0F50D5C
:1053C80006D904FFF412C6C40BF2FC0BEAE7E53574
:1053D800E714FCE4E3FEE2D9203C08FBF7F40BE712
:1053E800F7FF4820FD11F4F0010A020110F1E02056
:1053F8000AF9020BF8ED11FDDD0CF30204EFFBE7EF
:10540800E01C243CF817DCCA00FC05EBF714D8278D
:10541800CC03D807EC0A01C20E240807FF0B0904C5
:10542800FBE1071E0BF0100AF90E0FFFE90911EE58
:10543800FB0A03F3E905051006120DF205F6F3065B
:1054480004FFF7FAF5FBE0F303F0F7EA0C01E808CC
:10545800F7F4ED13FC0827E4F814F6FD1211070819
:10546800E5020120FFF4FFFC0906F5F5FA010C033B
:105478000207020AFDF7EE11001802EFEBCC08ED67
:1054880006101A1DF218DDF30DF00614E8E31031CA
:10549800E903F005E3F7DA05050407EAF4C9F9E5D5
:1054A800F6011E1AF1090A0809F0060104FC171191
:1054B8000E1F07FD0403082CFEF906F712CDEF0AAC
:1054C80012071302F60CF7F205F1040C04F2F31AB2
:1054D800EF0607F20BF9C60F1610EFE9E2CAF2DE83
:1054E800F9172A28060E1305F30800E9EC2208210B
:1054F800F700DBD51A04BF22020DF014F3EFED021A
:1055080006FC13FA55FCFFFF1A0000009601000084
:10551800EA0600000DF9FFFFFAFEFFFF680A000027
:1055280001020000BBFEFFFFC906000024070000BF
:105538007B010000F2FDFFFF09FFFFFF5DFCFFFF9D
:10554800DC0300004B050000410600003B0400009E
:10555800C8010000F601000026FFFFFFB5FCFFFFB1
:10556800AC00000073FDFFFF56FCFFFF7900000050
:10557800060700006FFCFFFFB1FFFFFF3A010000C4
:105588004F0200000809F9210EF701F80DEBE515A7
:105598000B250619EB12EB0C02F4F920F50101F9C1
:1055A80003F3F9D9061C382F0EFDF505D410162C77
:1055B800E82F00F3DF28FC42252804F1F808E6105C
:1055C80009120BFDF6EBDB180CEFF61729E8D823C8
:1055D8001C1CF1DBEFE2D0F906CE0029ECFB130C22
:1055E80007D7F503FE0F04092D0DF504161FE6096C
:1055F800FE010F32FFF01702FB21FE2125F41A08E5
:10560800041CFDE00B08F50800EE0EFAF50A081276
:105618000424F80BF502020710E4F50F0CF41B162E
:10562800FEECFB1AF70AE00D1209FB041905101627
:10563800FC0904FBC8CC2ED622D4FC0611F821099B
:105648000024F852F5F3E8F90BF50A031606D90316
:105658002224FB0C1AD701FC11EEFC0E08EE2BE3FA
:10566800F7DBF3E006090E0315F9EEEA04F4F2F8A5
:10567800FC15F8FDF7F5FFFF04E3F010EEF0FCF978
:10568800FC0BFD1BFAF0DEEFF90BFE1EFD04CAFD54
:105698000F0FFBF823FAF3130EF2F90EEA0421E8D0
:1056A8000700FB1FFD13F01AF5F9021303EB1407AB
:1056B8000915020717FBEDFC03FFF205F9F903F6DC
:1056C80002FE0E0B04FFE3012F04ECF70AFADE09D1
:1056D80018240304EAC800EF1BF50323FD00041394
:1056E8000015FC0DFBEAF4F316F60C1009E1F43E84
:1056F800FE1CF2F7CEFEF70EFBFC0622F2F3F5EEE7
:105708000CE40608F0FBF20806F50D0D12F8FB1183
:105718000B0C07FFF4F3F60606FA0222F4FC09F173
:10572800FB04F8FAF3F3011D170BFF0D0BF2F23629
:10573800011102FDE30DF4200307FC20FE0B0C0F02
:10574800F802EED305E302F90BFC1907FEF30D2569
:10575800081B06E4F9F5FC05F7E5FE0BF4EFEEF996
:1057680007D2FC01F3FF161CFE0909ECE309193204
:10577800DC12092CEC24F52AF820F2EF1607EEF7D4
:10578800F40BF0C9F0ED06000B06161AF2F8F8153E
:10579800EEFAFBF00EFFFF15FBE6F30C0600E5FC46
:1057A800F4E5EEED08FF111611070E16E408162FA2
:1057B800DEF80403FB1AE60FEE1301EE19FEED13F3
:1057C80003FDF9F4FAEFD9F6FA09121804F50519E8
:1057D800FBFAF0CCFB0DD804FAF6FCF4F4F5D0147F
:1057E800F2D7F5FBFC32A6EDF9F5BCF4FEC7BE0D09
:1057F800162FF30AF6DAE8FF033C042704082FE320
:10580800021703F4F8E01DE1230705FA0C022C2027
:10581800112AFAC70AF9F90015F9FCEDF602BEFFDC
:10582800FEF2FD200CD506FC26022C19F6F15818BC
:10583800161D06C30503CCF233D501C9DA07E730D4
:10584800F2EE063705D2E8EC0CFC10F116E8031965
:1058580009FF01E919FBFC080CF6FFFBED02F6EB6A
:1058680002F8F70F0CEFE82217010F060B15F3FDEE
:10587800FD19090CF6F7F8FD08F4F10DEDF8F8003C
:10588800F105E5E4FDDA060D0AF7180102F20F3713
:10589800021205CDFA07F3ED2FCBECE7CB09160E74
:1058A80004080A310E00ED030DFF00FB0CFCFD0E91
:1058B80001100AF707F2FF040907FC0709FAF7F1D4
:1058C8000D06F6EE0010A5FF0FFCDE06F9F0BEF29D
:1058D8001A3B0AF919C3E40A03F50431E8EE1EFD80
:1058E800FFF9EDE709DF0817FE0910040506191D81
:1058F800EE0CFFF9020AE107F3F4F80E0BFBEF0BCD
:10590800F0E4F5EFF800F4020D0A0B0B1800F80BA1
:10591800F7F6F4E9F4F7F0FF0EF9EA08F7FDFB0FE4
:105928000AF1F7FBF604F0FD0EF9FA1EEA02EC1094
:10593800E0F30A0105ED0813F206EAFB03F60C1280
:10594800F204EDFBF1EAFBFFFB08210A0C0D05222E
:10595800EFFF08ECEFF5FEF30AEFEC050605DE06AF
:105968000AF807F5070C2BE802F2E8FDF110EEE162
:10597800FED7F6220C0D2B21E52FF7F2200BFCF2B7
:10598800051AFFE201EEED020F02140511FEFF12E7
:105998000809FFE6EFF1F4F1FBFE03F507FDF2134A
:1059A800EFFF0310F2F914DCEF000B0AE8FA06E83F
:1059B800F6C9FB030DFE1910FA1CF4F628F6F506D5
:1059C800EEFDFD13F7E2010706F903F706021E1BB9
:1059D800F9EA03EEF616FA010CF8FFE10A04E20D03
:1059E800EEF8FA0BF03FF3D4EEF4C9CEFFD0C4E4DE
:1059F800FE2AFE3AD1EBFE080125F0050CF02EDB5D
:105A0800FA38EE1AF4143B07CFFA260CEF1C1E1FC7
:105A1800F2E605FFF4162710120805050C05E00F3D
:105A28000B1103EDF5C421F112042F050FEF371503
:105A38002B2CEFDD29E0D7F9EAE602E4FDF1D32DBE
:105A4800FADC120B03F424FB0505FEEA2AEAF61534
:105A58003EFFECFFF6FE1DEFFCD9F804F3F6E8F57F
:105A6800070F0207EE01EDE40FF50B11F8F3F50946
:105A7800FD0EF4EC0EFBF2F9F604FDF9FF00120B33
:105A8800F7F104F201DE34F504F31AE40B21230BD9
:105A980017DA03F710FF14050FCFEBE505F2DA323A
:105AA800F5FC05200E0AF1FBF106F7F40409EC1DDC
:105AB800FEFE0F10FF03080C10FD030D0CF90C136C
:105AC800FC020DFA0615EEE201F2F207F8E4EE0B1D
:105AD800E723F2FEF612ED0E0622F1FD060207D8C4
:105AE800F416FD00F6E9041006090C1BFE0C17F667
:105AF800EDEDF2F10AFAF30407FFF8F109F3E918FA
:105B080001E2F1F4FD040DF1060403070407180A85
:105B180002FF08E102FFFAE313F5F2FD05F1F2FADC
:105B280007E4FEF9FB0AFCF307F00C010BF800F29E
:105B3800FE0005F3080BF7FCFCF4ECF5F8FE01F3A6
:105B4800F0FBEEF7FCF90D12FF030DFA0BF701FD60
:105B5800F1E7F3F4F5F201F810FAF1F2F0EEE61AD3
:105B680001F2FF030316E8FC01FAF6E911EBEFDF97
:105B780019FEFD07FEED05FD0622F70A09090AF1DF
:105B8800EF1DFDEEFDF20C0D0D061CF30D10FE16BB
:105B980018EB0206F7020FF903F7FAFCF5ECF7FE2B
:105BA800FAEBF1F9F212EFFB0BFAEBE921DED8F48C
:105BB80024FD0615F8EF12EF0401F6030EF50BE5C8
:105BC800010CECFDFBD043F606FE28EDFB222B1260
:105BD800EEC6F00CF326F2110AE4F3DB1D0BC01637
:105BE80007F7F30CEF0C17EFE8F4F5E3DAF5FDF03F
:105BF800E3EA041CDE0E1E210513030313F5101837
:105C08000223F82109FACD14F1F11832E50220EF48
:105C1800B7D9001511DAAB20D52CEFFF1907FD21F4
:105C2800FEF4F3DA03F0FA0D0002232FC525240150
:105C3800CF18FA160DD3DF4ACF35F01934F6D22F24
:105C4800F70414D6F7DA042602FE47092C4C11088B
:105C580010C4FC0C1901F3FFE9C7F911E203EC0FBA
:105C6800F6E2EBA3FFFF0B0D0B0310F104F90D187F
:105C78000A08F60800100CE0F8FFF308FEFFFDFB29
:105C88000205FA0804DEFC111D083731D54347EC3C
:105C9800D3EC0C1E27EAB144D32E08EC22FCC547EE
:105CA800F6F5F4DD09FDFE1A04F3F8FEEB1303160E
:105CB800EBF40A0904100109FAF6FDFFFD03040BD1
:105CC800FE14F502090E2700EA0C0DF0F1FC070797
:105CD80000F6EB17F92D0F0F080DEAFC29F80F084D
:105CE800F119FF0C0CE810000C0301F62008160946
:105CF80006F1FFED071414F1F8F4EE09F1EBFBFCE3
:105D080007EAFCEAF2E10CF61EFD21EA0D0D00029D
:105D1800F6E7F3F51718F0FDF3EE030F0B08E71F8E
:105D2800FBE6F7FFF00419ED0CFD0EEB080F0DF97B
:105D38000FF9FB0405090DFEFCF4F5F5F5F0F7087D
:105D4800F510EC0D03DD070D03011DFC0D050AF030
:105D58000BF2EDF71E11F1FD03FFFA05ED01ED174A
:105D6800EFDEE7E70C15DC172003E51111E7DBDAB6
:105D78001F1BF7340DCF1CFBFA090612E2ED1FF2C8
:105D88000E18F0D405F7161D0209050D04070A03BD
:105D9800E9F0F817F5181F0FE2FDF619160C12FABC
:105DA8000919EFEBF9EFFC0E10F8082502FB072F95
:105DB800E71C08EBE4FBFCFBF8F8021DEC0BECF12C
:105DC800F9F401EDF5EB0F0EF7F7151D06E5F513E0
:105DD800E401FF100C2FE61FDD0B0320ED01FEF799
:105DE800FF01FBDC0303EE0F0906F2011903F2EFD2
:105DF800F20A0319F402F519F322EC311CF82F0703
:105E0800F21208050401140FF3FA01110B07FF073A
:105E1800011704F315FAD1110DD8EE15E904F10EA6
:105E2800EFDEF10B0BD9FDE10FF4F2D3F7FEEC1D19
:105E38002A31F5CA22C3EB0E3CA8FCF9BAF4DE10ED
:105E4800F1D2183308F504090AF60C1B072F17F3CB
:105E5800090503172212FD0105FEF71B03F3080FBE
:105E6800EFEBF3F00C04EF0AEF07FCC0F3E3F8F4F0
:105E7800F8DC06051729082BFC1AF609EEFAFB00D0
:105E88000828F1CA05DDF2F0F6010DF9071710FD33
:105E98000CFAFDEC2F0EF30E04D80711E8FCE50709
:105EA800FFD003070B05E911F206FF0E11EA050BF7
:105EB800050F09E906FCECFC08FDF114FCFF0CF9E0
:105EC800FC0C04FD0804FF0B16FD05E9F8F1073387
:105ED800FE0003FFFE17F80CF81AFE13EFFBE6EEC0
:105EE800F819FDEB0A1405E71BF2E7EC0AE2011BBF
:105EF800FFFEFF20D700150FF4F3ED16F9F9FEE6C3
:105F0800FC1800040AFAFB0F17EEF1F006F9F00688
:105F1800F0FBFB01FC051B0A0CF80C2305040BEF36
:105F28000A1500FB000CF8030CF709FB1D0C0823ED
:105F3800FE04F40FDF0809E9F8F7F20E13F80BFE78
:105F4800F91D02D0F50BFD0D1FF7FFFF02F6F90052
:105F5800FC05FE0101F205011404FA09FF070BF61E
:105F6800051802060405031927EF00070E1E010095
:105F780007FDF80AECF10FDC03F9F3FC06F800F76B
:105F8800F012F1DBF2F8EBFFFB05040AFCF4FDE18B
:105F9800F9F7F11FF9FE0203F0110305FCF62209D7
:105FA80008F4FE1FF1FD020F09F3FA08F2040A12C1
:105FB800F5E80709FCF10AE6FFF0011707F4FE1AF5
:105FC8000A04FF0C0AFBF410E5F3FF00EEFB03EEF6
:105FD800F7F2040B0B07FF1109FBEF1BF900FBFCA1
:105FE800FDECFFFA050AEFFE21F4D50918F4E60CDA
:105FF800163FFAFF08D1EBFD06FDF50701071FDF85
:1060080004F7F8C40CEBD9FA1209040EFFF9FCE600
:106018000C1303D512E300EDF6EDFE17D4EE0AECEF
:10602800F3F600020BEE0CF4F60E17F1000D1B0D43
:106038000801FDCE19DFF7FF15CFF7EBC0FDBEF560
:1060480007FA0D0AF9E5E9E501F6040505E805F39F
:10605800EF06FBEA280DF509ED0201FEF002EBF36D
:1060680000E303EDF50E0E1692040BFEFEFCECF9B0
:106078000CF7EE0909250707E8210211FCF9160DAE
:106088000A09010E0EEFFEF8190324E402F90629A5
:106098000916EDD122FC08EE17DF0405CEEDD4F782
:1060A800F3FEF806001AF505F90CFDFBF8E20413F7
:1060B8000B0D03F809F10909130EF80FFCF802FC9F
:1060C8000302050BF9F0081DE5F0190BE718FF06A8
:1060D800F2FEFDF7041FE508E70BF5031405EE0CC7
:1060E8000706F5F70BFE030601FFFFFFF607F8FEAC
:1060F800FBEDF6120A00060EF0FE00FA00EFFC0DAA
:10610800F8FEF6F5F2080D00D5F006FDEE0006F0F3
:10611800FDEAF4FB0F0D0111EC07F00A0AEDFB078D
:10612800F0F9F20DF204F318F002F919F513F9EC8D
:10613800E2EDFD080AF7EF0BFA06FCFA03F9021B79
:10614800F5EDFA100AEDFF1004FE03F91002F2F261
:1061580003FEFE030601ECED0201081AF90407EF3D
:10616800FAF10009F8F801F927FC0E0E13EC04F611
:10617800FCF8FC0AEA08EEFD0700F2F704F1181231
:10618800FCFFE91502FF1506EAF706F800EC05E939
:10619800F9F303121B0EE6F8F91B00F70705F505DE
:1061A800F6EFFB03F80202FC00080DFE050304F8F5
:1061B800EAD706FA1007F90D091303DEF6F6FB1BFA
:1061C800F6F3FF08F1E8F402000405F805EE0EEC1A
:1061D800E8F807EE0FF8E7EE03FE03F70BFAF50A07
:1061E80004E30BFF03F1CBDB10F8E4170CD7F7E25D
:1061F800100206D812E709E607F6EE1CF8F711EECA
:10620800FEEA011FF0F1F0070A0B1902FD120C0D4E
:10621800F0E00309F5FDF3F4FFFFEF1AF007F015BE
:10622800FCF5F609FBF2EBF31BF607FAFFE311F8AE
:106238000010FCDBFEED12F0EE0AFF18EF0DE30193
:10624800F31F1805FBF2DE1124FFF20B17F2E1062B
:10625800111AF2060DF00CD9FCDFF42DEA0311F245
:10626800090CEF000A0A09E8E6F0F6F0E4F207FC88
:10627800F00DFB0404EDE710F116F5ED03FA02E961
:10628800060EFE1100EE210416FA1FF5FA231C155E
:1062980014F6FCF8E9EA27F21AFCF0FE0009E32AF2
:1062A800061CEB2A0A15EA19EEFB160AFFF202167B
:1062B80003F3F1041500ECF70A0C0A0806F10E0CBA
:1062C800F60DF209FDEC04F6F5F70910FCF51BF1E3
:1062D800FE030C040AF7FD0DF1EF05EC0703EC05CE
:1062E80005F9EEFAF00DFEFAE0FDF40202E2EAD852
:1062F800FA16F61E16FDEAFDEF140412F6FAFF0E62
:1063080005EEEA06F2FA1302ED04FBF901F00FF7C5
:1063180008FDF90D0607F6F8F70DEEFB090705F07D
:10632800F8FDF3FD050BFCFD12FAFDFE13F410F663
:10633800140EF100F9FA0CFB16F7F903FD050BEA48
:10634800F70002030C0007F3EE0BF401FDFE0EF458
:106358001912F8FF0014F3F9E904FD2002F810F609
:10636800F7F8F102FF181AE709EFF3DF08F4F5D997
:10637800120109120F09EDF5F4FD0A04F5F709F009
:10638800F5E7EE16080F1EF5EFF116EFF405000518
:1063980000080627EB0F01F2DFF1F8180A060218C9
:1063A800FDF70611090833FC0AF300F50811020885
:1063B8000900F50C0E170FF20E000803EEF306099C
:1063C80004E6EE02F90AF8EEF7F301FB06FAFE0D11
:1063D8000203F90EEE0BE6E1E5FE0204FEFA0813ED
:1063E800020AF018F8032202F8F9FEF3FF090B0479
:1063F800FEF5F5DF04100F0211E500FEE7EDFEFBE8
:10640800FAF9EEFBF8EDE80B2A0A14FBEE0F12F589
:10641800F6DB04FF2820E40DFE1C0AF8F107DC4A2D
:1064280008E7F113FFD4B90AFC0A0907EF0808F0D6
:10643800EF04F21402E7EBFCD92FFCF80902E0198B
:10644800F5F1EFFEEFC2B11C2B02582DF91CD51344
:10645800FCED00D041FDD5DCDFF6F419D8F7F638AD
:1064680002CBEFE0FF19ECFDFE0B060B17EE020264
:10647800071AF1F9E7F307EDF7FC0410FD0013E044
:106488000516060CF2BFD72819F42108E3090CF900
:10649800EBFDEE0420E0D511E22401DC06F7DB3D3C
:1064A800F1F1FDFE06F2EE030901FC120BFEFA04FF
:1064B8000600FEED12020FF50019FEFE0D010DFBA0
:1064C800F307F5EAF8F6EF0CF80202090F08FC10DA
:1064D800040AFAF8F8FCFDFB00F5FA01F8FF0BFED8
:1064E8000900EE00F31C0CFC09FBF7FB0B0AFD048A
:1064F8000D23F404FD10F2FFF60BFA0B11FA0BEF63
:106508000709F602F6091005F401F0FEFEE5EB09AD
:10651800020E0001E2FBFBFAD801020D22EFFEFC9D
:106528000CFDE51905F904F6F9FA01F8100403FF62
:10653800040CFE0DF3040A0509EF0504020B0DF621
:10654800F7F2010DEF1519EDFCEFFC08F9E413EF74
:10655800FA0CFA0E061FE50AD904F512170AF9FF14
:106568000B08F50B070E32D012F5EAD106E3CFCCB3
:106578001101F42806111BFAFFD7FF31EFED2017A0
:10658800FEFAF80AFCFBF5F9D309F4D60D12E9EB8B
:1065980005E8011A05EE07F1EFFA0509FBF6FFF425
:1065A800F6150614FC03EDFB1BF7F9F21CEEE628C2
:1065B800FD090312DDDF02EF05040815FF001ADDEF
:1065C8000B2902F10212E80AD60716050DFDFDEBAC
:1065D800E0C2F205FC260502DF0909FDFBF70BEE18
:1065E800FD0301E8F41BFAE315F3FBD001CFE1FF4B
:1065F800E315FD14D9F5DA10C117070520FFF4E1FA
:106608000B1D05EB01FBEE1734F0FA210007F4FC33
:106618000C1705F9ECEF13F723F70A1BEAF6FCE76A
:10662800FB0CF302F4E5012E45FCFA0DEFFEFDEB41
:10663800F21DF3E12BFFFE1D020CFC25B0EEF5FA6E
:10664800F4FBF3DDF111F00CF2F5041B030BFFF57D
:1066580006FF05F3EA1709EDE4FEFA1911F228100E
:106668000600F327FEE50A07DEF53E0402262DF7AD
:1066780003CEF30E260F10F7E707F6F7DCF0FE0758
:1066880000F2F411FBEFF90B0EF8FF15DF07EBE34F
:106698000111FBFC1015EF12F1F8001703070005B4
:1066A800F602ED090D0FEC010E0CF708F8FBF506E4
:1066B8000DFF0DEC20EAE9F4050EFBF9F1FFFAF9FC
:1066C80000F60DEE00E1E2D307F6160924E9FD0312
:1066D800FCF6F5F8EAF114E5CC0704240AFF1CCF10
:1066E800F202F00B010110FBC503F6C9F010EDF042
:1066F800FCE2F20A121029F904FB06F6E80706FB89
:106708000610ECFFF50FF6040502EFEA0515EF0099
:106718000FE4F802020000F0FA050714090B0CFD5B
:10672800F10B06E8FB06090BE5EEF7C2FFFDE2FBFD
:10673800F6E60416E7EDF902FF10F90C02FB09FD75
:10674800071A02EAFEF4F307E3F203E9051D07F668
:106758001EFFFBFE18030F0713FCFD11F7F60DF4DF
:10676800FC08F8F8F50CEE051C01E4DF131DE6FF44
:10677800060DF521E7DBFCEE330508FD13EB25FEDE
:10678800051CF7EFF90DF5FEF007FDFBF4F5FF0822
:10679800F5FFEB040108F30C0808F1F3F1F4F6181F
:1067A80008FEEEFD04F2020A06F3EAE7F50FECFB39
:1067B80002F5F31DFC0DDD0E0621F3150909FC0A8F
:1067C8000003F7FCEF21F016BDF108FDF0FB08EB24
:1067D8000CE3F606082114F0E014FCFC19F9130385
:1067E800041200FFF9F2F5FF360415253817F719DA
:1067F8001D0A04F7F3D9FCE902E4F8260D0525077C
:1068080003F0FBC805EFF810FBF9113613FE11EF82
:10681800FBFD090111200600F3050014D7FE100343
:10682800F1FA00F7FEFDF01DF0F51B3600F904EB58
:10683800F3E70EE8131817CFE6F70223BCF514E5C3
:106848000EF60C130819F5FBEEF80E23F1EF15F20E
:106858000311FAF41F1A11EFEB19FC0DF9040B01DF
:10686800FA11F5FCF0120C0CF5FFFAF01505E81D0D
:10687800060A0514010113FDF9F8F3DE0E0601EC12
:10688800FF18F401FE0EF90DF80C151E09FC12F4A0
:1068980008ECF1051D1114E6F20AED2FD7FA00FBFA
:1068A800F00BEA020510FD01F0F807FAF8F40A0502
:1068B80000F3FEFB02F5FDFDF2F4F6F8FEF40E130C
:1068C800FC020F0BF9E0FE1611F4F2F9F7F2EB06F1
:1068D800EC0801F310E8F3F5FFDFF6F60A08F70510
:1068E800FBE7F905F8150619DDF00CEAEA060402DB
:1068F800F7EAFA0CFC030810FBFC08EF0EF7FE128F
:106908000913EB09EF1014F8E2FEEDE2FEE9FCE8EA
:10691800F2FBFF021C0308F9020EECFBF605FBF381
:106928000514FEEAF5180A0DF3F901E4F2FFF8EE92
:10693800EDFFF60FFBFEF2090814FBF20EF50E0A46
:1069480009FC04FAED062004CEF0FBF3EC1AFFFB79
:10695800F106F90CFE130D1CEE0BFB020BF3F90705
:106968000414FDF9F50B14F9FCF20AD6F211070329
:1069780007FCFF090304DF1505F2F7EFF6F4FE0B39
:106988000CF0E904F40C1102EDF3F3FB06F5040234
:10699800151301FD08FA0F0A170AF414050206096F
:1069A800EE16F1F7FB1A10030409EFD90E0205ECF5
:1069B8000F110605F2F9EC13FC08FCF8EEFDEB01EB
:1069C800FAF4F8F7F7FF1310CDF0FA04F3F9FBF334
:1069D80009FEF812070BFE03F204FCF909060A1473
:1069E80009F9FA0DF6EE00FA110504FEFEFD1E0A7D
:1069F800FDE708E90815DB0FFAF4EE0DF507E9F5F0
:106A0800F6E9FC1004FEF922250903FCFDEE0E014F
:106A1800FFF5F6110F03EEF4D8FB0B1EF901FC028B
:106A28000005F3FD09EFF819E0F9031BDFE3FBDBD1
:106A3800E1D80104FF1AE6F5C326F60DE2FDEB05E1
:106A48000306F0120B08ED2008FE062726040DF3B6
:106A58001706F8F9F0FE16E7EBED062BFC02191005
:106A6800F0310A06FF1DF4F401F2FBF901F2FD13FF
:106A78000801FFFE0EFAFE12FA0600EFEE0501010C
:106A88000819EEEFF6EFF01EF7F62922F10B1E01BA
:106A9800FCD5F507F11AF5F1E209EC23FEF803003D
:106AA800FEEBF9240909F011F4FB0518F2FBF313C6
:106AB800F0FD06051703FF0E0B09F205FF070F127D
:106AC800FF0D06FD0200F900FCF41207F0011301A6
:106AD800DEF7F3021315F40A0214FDF609EFEF18B6
:106AE8000BF8FA08F0060304E305F6EFF2F4FEF5F6
:106AF8001409FF1B0C020016FA1CF3EA03EB0D0540
:106B0800F111FF14FF0B0707E90B07F6150312F243
:106B18000903FF07F7090707FCFE0704FDF9F9FE5B
:106B280002FEF7FAF1151EF5E7FC01F00D03190056
:106B3800010BFA090F0702061001F3FA0C07F80710
:106B4800F806FA03F016FD00C503F1FC0A05F80083
:106B58000A05F118F9FA17FB030AFA0510031EE9EA
:106B6800EF27F118041638E710090EF2FF03120791
:106B78000C03EC0FE60F1AFB1C13080210F8FFF1C8
:106B8800EF02FCF1F3F5FDF4E5FC01FDFFF5FFF87C
:106B98000F09F809DAE0FE1603F2FBE7F5F11E0A21
:106BA800F71D0627071C31CDF8FD08FBF604F40D88
:106BB800FC14F60C00F805FE16ECFC010C051B0293
:106BC8000AFAF119F4050603EEF2EF0619EAF103E1
:106BD800241BFE05D9E50DF4F801EE16F7FE05FCB9
:106BE800F210F11E06FF29F80FF60FE9172326FD0C
:106BF8000BFF08FEF70300000BF0F1F511F102F1AD
:106C080000E7FDF2F50714FF04FFF811EFE5DCFEDD
:106C1800F2050D1C130DEBF1F1ECE907EEFC0DFE8E
:106C2800FB0104E1EEF7EF112501FAF3F9FFEB029E
:106C38001411FB021AF1F5F4FAF40730C102F6FA5E
:106C48000401FDED04FBF70EEDF8F0F2FCFFD004B3
:106C5800E012F7F511F8020C03ECF4FACC08F1098C
:106C6800F400FF010A05F9080F01F8FF1D240D07BC
:106C780000EEFDFFF6EB130410F601E60BEC051829
:106C88000210000B05F6FAFF0DF4FDF7E2FBF2091E
:106C9800E702F50E2218E706070C0214DFF4FE1EC1
:106CA800F7F90D03051AFB02EEF9EF0806E8FF1CD9
:106CB800FF0606FC0405FE0B110CFBF907F3FEF8B2
:106CC800050B0E0307ED0E10030114E9030D18FD63
:106CD800F7ECFEF6171C04100D17F3E81305E40A89
:106CE80008FA06FCEF01FFFFFB0AF50409F6ED13AD
:106CF8001F09EE05EAF419030E0B06FBFFEB12EA77
:106D08000721EB1B080AE5F4F507F5DC02EFE615A9
:106D1800130DF2F7DAE60A1111F504E6020810007D
:106D2800F12DFD22F705ECEDF2FBF4F20DFD040761
:106D3800FE1B060AF0E912070906FD1C03F901010A
:106D4800081CF20C010EDCF4D7FBF9FE08FAEB067E
:106D580017290AFBF3D6EEEC08FB05EB09F30EE363
:106D68000014F21CFAF434CEFAFCFFE50AF9FC260A
:106D7800D908EF26CF18FEF619D6F026F205FECA76
:106D8800F608F4F008FF39E907F1F8E7DFFCE5FC5D
:106D9800F8E3F8111B06FD1610F1F2010AF1FD10D7
:106DA8000A02F8F8070502130AEEE7C60725F103F9
:106DB800FAEE060B0C051A201804FAFEF4F2060E79
:106DC800F50B07D8F1EE08E0C4FA04D7E010ED029D
:106DD800C8D9EEFD1B071701FC0DF2F1FDF9FA13F6
:106DE800F70C0810EFF6F3C808F1DDBAF9F0E90975
:106DF800F209F60ED0EBEB280A1607F600ECF5D6EA
:106E0800F117F10A05FBEB0ADBFB19F922170FFB57
:106E180003E9FDE40AEB17F2DDFB09F90809F801BB
:106E2800FC0CFC1204F3D533EBF5407F3C1F1CD45B
:106E380030D207C324FA0DB7A1E8F320CAEEF91639
:106E4800FEE3F41FEF110FEDE800FFC4FAEEFC12A9
:106E5800E80FFAFCE801E60E1705EFC71002FDF986
:106E68000704ECFA0BDDF8F7D4FF2827C9022DFA3E
:106E7800EBB5F2111712E2D8FA0503D00AFD043572
:106E880009F2022FF81407F6DDF9F8EA12F7FFF015
:106E980010F005EAF6000CF0EEF5FDEF0CFEFBF441
:106EA800F410FE06FD16DA15EDF8060CFCE31203E5
:106EB800F8070E0114FAFEEAF509F3FAF2F7FAFAFE
:106EC800FEFD0DFFF1F9EAEFC1FE060DE91506EB2F
:106ED80001CBF308FB1918DE311CF311F2F9080D88
:106EE800F9200713F1F212F812F303FDF902FC047A
:106EF800FEE202F433FE0CE306F1FCEAE7EEEB20D7
:106F080009F9FB1400F80F0606010407E6FF050857
:106F1800F5E8F4071204F3EE0FF000FC1301EF0399
:106F2800EFEDF5F000FB3AE00D07E0C2F612E917C5
:106F3800FCFA0119F8080DFD3407FF190900FAD603
:106F480000FEF8E106F615EE13F4FF10E5FD09FE64
:106F5800FDF301F517EA07EB03EA01EDE7F1F301A9
:106F6800F9FA0503FF0734141F04ECBBFA02FAFC14
:106F78000111F40DFAE9D21F2DFF04010AF4FEEC09
:106F880008F7EBEA08F1110217F60E1205EFF80DF3
:106F9800EA0707EDF9FDF405FEF9EBF8F3FFF5F361
:106FA800FD08E9F505030B02FFFD00E0FC00F9F61A
:106FB8000707FDFEF7F306090F0D0803030106E8AE
:106FC800FF040008EF060205DD04F0EBE2F1E00C37
:106FD800DEFCF1F50BE7F709080702C81B09F911F0
:106FE800F416F60EFEF2CB043FFEF0F221FCFF1081
:106FF8000BF3F5DB08ECDAF8FB00F92911FFEFF0E9
:1070080005E60CE1020EFA0300F9090C0922240531
:1070180001F2F2E01DE905D2F2F306FBEF01F9ED0A
:1070280003FE0111EFE2E747AB0D3644042C23DAE7
:10703800F7DBFED6311115DBE6F50FF9EEF8FD2C7E
:1070480000E9FC31FC09F7E411FDEEF71109F1053F
:10705800121FF7F317E917F2EC16F101FAF1F7EA44
:107068000208EEEBFBF102F00F02E20EA80AE309B8
:10707800B3F206150C09AE0E3505FFEC2DF6EA0243
:10708800F1FAF4FC0516F113D20A06261F2104FAB8
:107098000F04F7FD100F19E6EA08000FFE051807A0
:1070A800F4FFEEF9FA05E802EA000803FDFCEF092F
:1070B8000AFDF3F9FDFD04F500FE020AEE090CFED7
:1070C800FB0F06EE06FE0D0E0507F1FBD1F7DF00FC
:1070D800E4F4F214FF12D9221501F00626FAE3129D
:1070E800EE10F800ED020EF813F611F7EC05EE13AA
:1070F800EF08FD080EFA09FF0F09EC060BF1F8F38B
:10710800FC01FE0AFEF5010B04010E0AEA07F2F77C
:10711800D108FF080412ED07031301E903F3081E61
:10712800F6FF0009F6F41DFA0E0502EE13F6EF1647
:107138000D11EE09050BF6F71FEC04FA0703FFEC37
:1071480000F9F1EAFDFE0CF705EF11F7D8FDFC1187
:10715800DBFF02F905EBF7F60E0FF2E6FF0702FA7E
:10716800FEFE0013F20610E917FE02EB06FC01EB27
:10717800170907F7F8F5FAED1C1E02F8EF06F7DD18
:10718800030B00EE000209E801F7130AEBFC1500F7
:10719800D9F1F7F1080CFEE4FB0706F107F6FBFE50
:1071A800F5F2FA0EF80613FAEF04050F19FE1AFBAA
:1071B8000F030A05F5050AF00EF801FAEFF0FEF0E4
:1071C80000FCFD18F62401E2F0F8ECDBF6F4E1002F
:1071D800F002FC0904F304F80317FEE8F8FD05EBD8
:1071E800011B03F5FD18110B0BF9180C05151E05ED
:1071F8000AE7F0E8150629EEFF09070FEA00EEE3B3
:1072080002F4E8DDEFF9F801D3EE0915FD051DEAF2
:1072180011EAF2050202F0DAF906FCE7ECFB0206D5
:1072280007F8013A0AE8E810E3F9F909EEF806CF99
:1072380006DD030204EFF2E4EDF8F3DC0EF4FD0FD3
:10724800FAF7F81FFF05F6F01A0AF2FF1BFA020612
:1072580014F6FCFFFBE412DF0F0BF80FE7F718CF6B
:10726800F40EEDFCF9EE27012709F900BD07EF1828
:10727800C1F9F8F5150A0E070CFDFC0B1405E6F22A
:1072880008EE02DA0909E828C1F90D02140E01DB3B
:1072980022FF0B1CF604150004FF010C0403010374
:1072A800091EF3010D02E304FCF9F7FBF607F904E4
:1072B800F3090F0901F0FA0E050C04FAF500101491
:1072C800F2160E00F4131E21FEFDED0AEF00070E64
:1072D800F60FF716080626FDFC15ED240C05FAF145
:1072E800F9F8F4DCFAE60AFA13FEF706E8F5060AF6
:1072F800F00DF9EDFDECE1FD03FE05E90CF6EBFC04
:1073080005F20204FBF5080E0E070A08EBF6F9076A
:10731800D0F7000403F8050D080C02E41FF80A046E
:10732800FAF9FB15FAFC06EAF4F3F607070002F48B
:10733800091804FBFE07EE0DF406F7060A06F80521
:10734800F1E8F6F9F6F9FFFC0906E804D7FEFA08B1
:10735800DCFCFEF508FFF3050303FFCB10EF07FC89
:10736800F90E0D1402FBEEEC04F11B171B0A110BAE
:10737800120CF3F9F9FAFEFB0FEDFD100D010705EC
:107388000BE4ED0EF0FCF6F805F0E6E9EEEEF00B96
:10739800EDE907E1EFFD0D0C1806F0EDF8EFF7F950
:1073A800F711FA0606E6FAE5E5FAFCFB00EFFB182A
:1073B800F71BF9F6ECFFDFFDF7EBF00A13FB10F211
:1073C80007FCF0150102F6EE0809F400FF03FE04BD
:1073D800100C0602F0F12DFD240CF4F5FAFA10E970
:1073E8000422FAF5F6FB25FAF0FD2811120527E923
:1073F80001010B0E150A02FBEBF5FAFA08F60E0C62
:1074080003F80006080D0EE6DB08F5F5F5FB05099F
:10741800161302FEF50ED1F217F8F0D8F9FBF5F4C1
:10742800FC06EA29030CF6F0E506EE0EFDDAD408B0
:107438000A200D01DED1D6F81B0101E7F7F90FD9B3
:10744800030CFD09FE1AE6EAF2FACDD1FE0CE91C9E
:1074580005FAF9EFF5CC0FEB4C0C0BD2C6F20AD8B3
:107468000329F6CDF70F20111FF1F30CDD161801D3
:10747800CAF7F5EC11102120261C00FEFDFDF0F7DF
:10748800F702E7EFFA17F6F0F806E6F918E4DCFB7E
:107498002A27F209F2E3E3F433F5F9F5F4F628C8FC
:1074A800051BFDE4021BF9FA05071110FEE6F605B7
:1074B8000503FDF20800F7020707FFF6EE071511AE
:1074C800F41304F4032615F7FBFD040203F509FF82
:1074D80001FFFC1AF60E1E0D030B05150A040D011B
:1074E8000701000BF4EEF4F210F6F103E10C05FFCE
:1074F800EAF2F1F713FF05201B11EFF204F3FB0A80
:10750800F90702FFF104FC100708D9FCCCF8D61AD9
:10751800C3ECF5EEEDD612121C2DF6EAFEFDEE01D7
:10752800FD27F3FD0AFCF8140EEFFBF10B140D0513
:10753800F3F0F7EFFCFD0A24050E030F08FDF11622
:10754800F913F50EF302F10AFC02ECF4C80ADA1A90
:10755800DB04F8F117E1FE312B1006BDF205E30A52
:107568000710F4F7F508FA1CF9F600F9010AD92A08
:10757800DCDCFAEADCFDF50002FBF827FAF1F5EEAF
:10758800F504091E43FDFFFF9EFCFFFF9401000068
:1075980002000000C90A0000E1FAFFFFD3FBFFFF69
:1075A800A1FEFFFFB90100001A0000001903000046
:1075B80042FFFFFF3BFEFFFF7204000079FCFFFF64
:1075C800A70300006B0800004008000078000000D6
:1075D800340100001E050000190300002DFEFFFF06
:1075E8009B00000064060000B4FEFFFF1CFEFFFFC6
:1075F800C6FCFFFFFD05000044FDFFFF5F02000021
:1076080006FDFFFFF1EFF70714EDF504E2DDDF04F7
:10761800F7F406F3120CF9070BF40601F40A2FF934
:107628001C0416080CEFF5F3F10814F2F81BF4F03B
:10763800050EFA010B151F09F2FEFDFC2ED0F6F619
:10764800FC080DC80BFD1204F8F207F806D3FC0578
:1076580009ED0CF00116D4070C12FBFAFB2725F5EF
:10766800110AFCFFF10CE6E917042903D708E4F135
:10767800F5F1F61B07FAEC18F8E0F50FF3F727F722
:10768800F5EE1101FA0608F00AEB1301140D2004B7
:1076980004FEF803F612FA06F516F420FF0D0BF7B0
:1076A8000EF80202F9F335FFEDFB12FE2A1621EF60
:1076B800FC140404CCE2EBDF0E03F61D36E1DFFF19
:1076C800CD04E702F002FFF512ED1B08FEF400FD01
:1076D80000F50BF608FBE60B161FFB14EB0D25F067
:1076E80016042D03F5F00801F3FE06FF100DFE1336
:1076F800001FF6FBFAF5060D0B04FEFE1FFF0A023B
:10770800FCF6FDF6FF0201FC07FEF7040EF6300753
:10771800F801FB011306050107110D10021407F209
:107728002706041A0EFA0E070209F3F222F30707D6
:10773800FC04FA0903F902F1FC0CF710F413FCFF3E
:10774800FE0FF910FC0C02EEE9F90FF4F426DE390D
:10775800030A0CF2F9E0F8190AF8F5F923101DFCF0
:10776800F4F1F50DFEF023FFFEFC04FB0C06E50E1C
:10777800FBFA07F9FF0FF0EB1817F90AFA0B27EBDA
:10778800F8FDEAF5FF030DEE09F7FF0200F1EF1E21
:10779800FAF3080308FFEE0CFB12F7090A1317FBAC
:1077A8000E0B0E0801FDE60315EE05F3C4F5CB0D2F
:1077B800FA09F7F11023FB010904FE18EFFF35065B
:1077C8000BF00B0804F90DF014FB04FB0702071675
:1077D800FFF7FDF7F41DFCE7FE0CF3FD100BFDF8B9
:1077E800FCEFD6FBFDF8DEF427FB1EFFD70BE90400
:1077F800FDFC0005141A0310FAFDFA1901E531F031
:10780800030221EFF0F7E5FF01FD0AF4FA1A070079
:1078180005FD09F411FB0E16FF12EE110FFF08EF1C
:10782800FA0503FF08F1EB0516023AFFD30EF20D35
:10783800060E08160A1CFF0DFF0EF70DF6EC2EFDBE
:10784800EDFAF0E20B09FBFB02EBFD0BFF07FBE98E
:10785800EF0D0CE5091702100B23F9220B0E14F695
:1078680002EFE0FA0CF1D9EBFC070CF7E21AE70F8C
:1078780006170C0B16C4FDFCE911FEF4E9120BF215
:1078880013023630FFFF270BE2FA2FFA0F190236E0
:10789800F513F2E0F40415F30F18FCE3052403F1E3
:1078A800D8F4C701030B31F2D0F921F527F81019E4
:1078B800EF21FBDEED1505F1030208F5280B04FBAB
:1078C800D203B1F2F7F010F8E40B0D020D130A2BF6
:1078D800FD0FFCF30DFE050E0D0C0607F5230EF14A
:1078E800F9F9E910F1FAF50121F406F3E9E9F704E9
:1078F80002F701040011ED0AF8FBF725FF0E1CF34F
:10790800FEF911EFF40C2FF3E70B0DFF1BEE1F1D13
:10791800FFFDFBF5E31614FA2B15031D260C02ECEC
:1079280001F1D0DAF9F600FEEFFE0B030613E606C6
:107938000805FEF2FB05070712030106EE11040213
:1079480002FCFD0F0905C9F9EAFD06FAF5160A0851
:1079580007F3F21017D3F919F7130211F9240909DB
:107968001EF831FB02F50BFD03F412F5F101F6FAEE
:10797800F30EF900000C0216FC060A1100F60BF6CD
:10798800FF03E103FAFA0BF806F6EEFD1504080A00
:10799800FC08EFFFF61909100E00F605FD0E0305A9
:1079A80002F90708FEF8DBF6F0ED19010902FEDE20
:1079B80005FFF40D18071305EE1D0C10040A12F745
:1079C80008F803FC08F9F7030FE90409EDFAEB17C7
:1079D800F30308FDEB1CFB10FEF90B0B050E03F57A
:1079E800F7F2D1EE0C07E1F3F0F92305F91C0011C9
:1079F800FAFB08190FD9150CF50DF7F806FDE5FC8B
:107A080004031EE906F5020D04F207F0FF01F9125E
:107A1800F1070AF5F60406FA00FCF5FD04110BFD62
:107A2800E2EDD4090706F1F1EDF91EF80C15190E6F
:107A3800F61B0B0316DB0D01EE2208EB0CF3F3F932
:107A4800F20807F308F503F700F20BEC0605FD0C46
:107A5800FCFB05FBFA0C09F50514F3080AF801010B
:107A6800F9F8D8F40206EF00020915F1081E19F218
:107A7800FCF90D2401D00AF7FC3A031500F114E3D0
:107A88002EF4550BF603F8F01201F107C91DDBFAC5
:107A98000020FF12230708F6F9D2071E2FE403F58A
:107AA800D504D5F0F1022108CF110C08EEECE8FD61
:107AB800F6EEF7E7F909FA03160109D7F64407FACB
:107AC800E301E6F80A02300501FFF6F913FC01129A
:107AD80008F8FFE804EF17DF2901FC09F015F4F9AD
:107AE8000DEFD01AF9F7E504FCF8F2F106250C00C1
:107AF800020208FFF50400FFF5100006FE12110748
:107B0800F3F6F90101FC3FF306FC14FD06F924FC29
:107B18000B06FCFC141909F11F1A1008250D0206A2
:107B2800F1F6FACEF70AF9FD00F209F8F8F8000CB8
:107B3800011202FC06F011001A040E070E0705F3E5
:107B480021FBF9000505F305E51005F010411EE3DA
:107B5800F119F8F7F5F013EBECFC071C1AF9F1EE44
:107B6800FBF30AF9F6FFF6090F010107F413F5F321
:107B7800FB09F9F607020BFBF718F8FAF50406F10A
:107B88000A01E0F7FDF00DFF1006FAF00B010DF702
:107B9800F00FFCFE0412EEFF0A0E010FF9FD0404BB
:107BA800F3F1FE04EFFD13F613EBEBF11FFA10FAF5
:107BB800F2F200FD02F810FB120B09F0FEFFFAE9E1
:107BC80008F702F5FEFE0EF70BF4FF080AE8FD03BE
:107BD800EF00030002FDFB111405090AFB150CEC6C
:107BE8000CEEDE0BEF08EEF510F517FBF4DFE744BB
:107BF8000AEF091510DD04F60A12F3F7ED180FFF66
:107C0800060AF51DFBF30AF813F801F7EFE6EE088C
:107C18000AFB060F1915080614F1F514FD0B0FF7EA
:107C280001F2FE0D06F710F2F8FAE4FD1AD4043654
:107C380000DDEF06FFF4F1E01E01F5D7DD0705EAE8
:107C480023001225F20615F0FD020DEFFC11EAFFE4
:107C5800FE21FC08011D040A130B032226FCECF488
:107C6800F8F4E1F2F3FB030AF4F30C0722061526F5
:107C78000F13F41C18E9EFF810150A0818CFDBFAEF
:107C880013EE09E00CF6C8FD0DF014FFEA02B61277
:107C98000DFC082D62EFE438D6C508CAF1032DF1B2
:107CA80025FD16FCF3019DFDDE1B04F0A819BF128B
:107CB800F6FF080752E9E144CDE215A1F31330F8C5
:107CC800F80135DAF006DFF34BFC1CF2A117BFEA26
:107CD80006DCF5FF39EB0835E2AEF434090E2C105A
:107CE800F3F5C61D060511EE1B09EBF2F00503E3DB
:107CF80001080902FF04040C01F3F60510F701ED71
:107D080006F2011003FBBFF906F50006C4ECC80A29
:107D180002F70F0D4B0CE759DBEFFD9B000C4309F5
:107D2800030619B0F6F3FBF7F509040A020B05037D
:107D38000AFAF6FAF8FA07F80F0FF41407F8F8FF3A
:107D4800020AFA09EFFFF3F40FF602F3E707ECF281
:107D5800FA04080DFC12EF00E8FCF41121DF0AF325
:107D6800070017F7F8F9010615F4030804E4EBF423
:107D780008F0F4FC03000EF80EF5EFFAEA0814F325
:107D88000F05F51801F30EF111FA02FCE7DFEBE439
:107D9800F5F2F508FF2506FC1013EF24030617F289
:107DA8000907F202060A0B0A10F304F9F3F2020DAE
:107DB80002F405010914FCEA0919FD1306F101F79B
:107DC8000500FEF904EFFD06190109F3FCDCFDF8D6
:107DD80001F9F1E9021002071907FA13EF0C0C0B6D
:107DE8001007F51AFAFF0DF3210215FEF3D9C8188A
:107DF800F6CEF70329EFF9081218092EC711300932
:107E08001FFF2F2007F8FE023204FEFFD804E6E425
:107E1800F9F4001A1817070F19F5F21407F3FCFE06
:107E280021F3F50FF1F313F309FD1802DF0BD71156
:107E3800FFF10302EAFF06FEFE01FFFF010C17EB4C
:107E4800F1FADFF3FFF0FFFB050EE30AEADCCAFCF8
:107E5800F1EE09E82326F5FF16EFFBED000A340FD3
:107E680021F1F5FC05F8F506F1041D04DE0DD9DC59
:107E7800F306EF1E1D0EF315E2F5040102E33309C4
:107E8800F7F02607EF0EF50AF1FF21071112101D72
:107E9800030DF8E402F21FF40CF50DDB150DF102E9
:107EA800FB06FBF7F8001AEBA5F51900300A47396D
:107EB800042FFEBAD9E710F0062CFEDE1C0EE702EE
:107EC800E8F0FAF7F905ECFF07F5FF0201EA0FF809
:107ED800F4E3F3EDF715FDF70F03F81302FC05F1D2
:107EE80001FD18F9F6F2E0F6FCF2D6ECF1E8FBDA5F
:107EF8000D10FAF51DF6101512E2FC13FCFFF8FE42
:107F08002B09060B01FDFDF6F80502EB160114FA24
:107F180007F7F5EF120FFA0E16FCFAF9EDF90A0158
:107F280018F51F06F3FAFA09FCFFF7F60EF30E0C24
:107F38000AFE05EA08F7F000F70E0002E10EF5F870
:107F4800F80C0AFDF10400FCF5EF10FDE50BE01A52
:107F58000510F8FEFF10011005FFFB06FDF01DF2ED
:107F680004060010F1FB0BF2EA0EFCFDE601D5F069
:107F7800F106F505FA08F70E05E5F82C20EF18EFDD
:107F8800FF07F4F6F40008FAFBEB00F8FAFDEC0141
:107F9800FCFBEFF2110CFE0E09FE03260A0A0D0087
:107FA80009FBFF05040609001DFA0108E5EBD0EE00
:107FB800F8FDFA00FF17EE20110D032AF91118FA3F
:107FC800F40BF20B06010D00F8010307FB13ED0794
:107FD8000318F0FDF4EFFD020AF5FEFD050C0BF3A6
:107FE8000E01F7F90B00EA012AFA20EEFE19EFE478
:107FF80003EC0007F703FEFDF712FF1DF8FE01FD75
:10800800EFF1F0010B06F401FCED05F0FB040B0B9E
:1080180008FEF10912FEFFF901F90803070408EC4C
:108028001602120EF1F9FD01F4EE1105070BF4F931
:10803800F6F2F5FDFCF8FA15F2190C1D020009F923
:10804800FAF8FCECFCF6E7FFFEF7E90501F502F7A4
:10805800090D05FFFB0EF8030EF402F60E0405EDFC
:108068000906FD040802F7001A1239FFF017EE1985
:108078000CF5FEFF00D805FF230FF506E22619FCD4
:1080880017F0111FFC09F602E500050115090605A0
:10809800F9E9EFEEDFDF04E70407FAF1F208F7FC8D
:1080A800ED06E7EFFBFBFFEFD6FB0EF80301062317
:1080B800EF010DECD9F80805EE03FFF614FE05FEF6
:1080C800E6EEEAFC06F9FC07F5F60108191406FEC7
:1080D800FFECF1FB15F40B01FFEAEFF1E50EFE00F2
:1080E80004EDF0F3FCF0F40113FBDBF7F3F0E4F636
:1080F8000607F71C2305FBFBEFF50500F6EAF40F6E
:108108000CF60A0C0AF80AEEFEF91CF30AFA082122
:10811800FFF7F5F3E2060C0801F7070BF8120BFF5F
:10812800ED03BBFC0C08F40903FFEFF20BEDE412BE
:1081380000FC08050901F10F0FFA0D11FD06F60400
:1081480014FBECF8FFFFE60606F912FEFF0F040920
:108158000716F3172DFF0A06FF1801120E05010175
:108168000F0702E80008EAF30A02F1F2EAF8EBF175
:108178000706FA1BFFF7011FEDE9F3020A051709C5
:1081880009F004F9090A0CF2FFEDD2060BFCF8EE2F
:10819800FD000A0809FB0404130002F1FBFDEFFDD2
:1081A80015F40607F00BF0FD12F90BF4F00510FCBE
:1081B800F70CF7F919F6ED07F708FD0BFEFCF8F6D2
:1081C80017FA0000F6F5EEF4FFEDD7FA0900F4D936
:1081D800F1F3FF100F14ED06EDF2F1F6FB0F0FFCB3
:1081E80001020916F40CFA03F0FB04FA140E04FC5D
:1081F800FE10050E0FF5F813F40BFA00F406F9EB70
:10820800F60BF710FBFCEFF314FAD4F3FFF700E4D6
:10821800F3030412171700EB12FFF8E7F9FF05F153
:108228000306F8F204F10FF1FF06EFF8220600EF5B
:10823800F200F8EEF90518FAF610FAECF112FAF174
:108248000B0BFE0604FF01FEFE01EDFC13F800D641
:108258000AF9FB05F306EE17EC0EF8F4EEFE16EC41
:10826800FFF4040BF9FC18F3E9120EFC3A2921116A
:10827800F61100F1F0E20CED171A0AEEEF14F3F420
:108288000004EC14F4FE170E08F5EA0102050FDEEF
:10829800F317FF14FD22F00DE4E4FC0E10EB00FFD1
:1082A80002FAEDEC0BF50DF9FFEFE3F8FC0DE90C24
:1082B8000DF2F3FC0AEEF5F90EF5F2EEFF0512F4F5
:1082C80011F5CD0FFAF4060005EDF707FEF7F108F2
:1082D8000AF3F7FAF10A18FF0900EE17E41F12F87B
:1082E8000F0AF213F9F1EEF4FB13EA05061E07F282
:1082F8000418F7011B050EFE1408FBDA05F8E1ED7A
:108308000BF2FF090BF60C08F7001207F8F4F1213D
:10831800FD0B03EE080F030500170A1923FC120AC8
:108328000205E6F3FAF103F817F1070DF2FAFBFE7E
:10833800F40E0BF9000C0F150A02FF00FDF416FCF1
:10834800FF0D0BFE0500F8F70D0001FF1303EF0EFC
:108358000502F9171709070D04E9F2F5FE14F1EC07
:108368000003F70301EFFEF3FEF9C3F101FD15EB7E
:10837800F80BFBFA080CF4F2FD1204E5F70FF7F21C
:108388001AF60AF7EFF20BF6FCF8E309FEE508F433
:10839800F605F709F8F701E705FDFFE300FFFB0A1B
:1083A800FB040100F9F213F70EF9FDFB0BF1FE02D5
:1083B800FB0C0AFC09F910EB07FFEFF9F504EBF0E9
:1083C80008F2EB0EFD070A0705F5C7F20AEF07E00A
:1083D800FAFFF708F914F100F1F2FEE0EC0401F2FB
:1083E8000B00180B0A05240800FCE5041CF225F60E
:1083F800FE09F3EDF80407C011130CEED91FDA08D3
:10840800FFF41514070908F602FAE6F4E8E0FFC5D8
:1084180000F8FC17F813F204F804EDEE14EC04115C
:108428000C0A2A05F10B14090D06EAECE8D40D0F25
:10843800F8F0FDF5FC0B14E223FEF805FB07DFF866
:1084480001FEF70BFE071708E6F1EEFDF7F6FEDF73
:10845800F1FDF6050415F717E70EF5FE02F601FD26
:10846800FF0617FBF9F10C05FDFA0E0216FD1408BC
:10847800FE07F4ECC4040AF4220FFC180F03DAF028
:108488000E00E8F6EF03FE0D17F214F0EA060213E9
:10849800040803F531FF0E29FB260313F616E8F34B
:1084A8001DFB2707040202FCF71000FDFC0CD3E2B9
:1084B80006E7F11C38F4DB18D4D1F7DEFB0015070A
:1084C80002EF0F09F5F0E6EF2D0418F3D00BC2C93F
:1084D800FDDA0C1E4204FE42DB020127DD3844F3BC
:1084E8000809EF2202F408EFFC11FEFA080E0DDF6E
:1084F800F7F30C10EBF4FAFCFC0CFAD9FCEE0FF2D3
:10850800F108150802F9F9F8FAF9220504FAD00673
:108518000905092449F8F241FA0901E9032415017A
:1085280010F1F7F8F109F102030E00F3F404EC0E70
:1085380003F401E6030CFC020EFD0901F90707F933
:1085480008F70C07F309FC090FF308EFFCFD060117
:1085580000EAEF12EEF1FE150D0B0006EC0E07FA1D
:10856800E10BE20C06EF07F9FF07D7EC08EDFCD5A5
:10857800EFF8F0FAF5FEF4FCF804EEFAF1F10DF17B
:10858800FAFE09020B080704F1F5EDFCF7F2ECCB53
:108598000105011FFB0BE403061AF3F70DE3100CAA
:1085A800120614EFFDF8170A0C030C0304F8FEE892
:1085B800FCFEF505050DFAFBF6F904F806FAFEF4DB
:1085C80001F4F60EF2FEF4FEFDF2D40B02FAF5C643
:1085D8000803FD17091CF10DF00CF9EA1504FAF36C
:1085E80006F1250003060D053814C6F0F5E31AF761
:1085F80002FDF9D9030408E34914FA3C0E1BE6020C
:108608004EF62730EFFBFEF026EEE5F9F1EFFDED33
:108618000D05FD1014F4FD0FF8EDF0F802E6FCFC72
:10862800FEF414F9F1FF05EE0109F9F5D1FBE9FEB5
:10863800F6FB07F907F4E3200711EF3E14F11BF5E9
:10864800E9F9EE1709EF09F42BF3E9F9DEE8DAE0C6
:10865800F9ED08161921EB0BFD02F5060DF3140AC6
:10866800FA09F7F809FFF9F71EF70101F115DFE933
:10867800FD040916111CF5F60D34FCDF030513FD86
:1086880011F6221700031002FA063D0007FFF71142
:108698000AF106E7EDFC14EE2A20F6FAF51507EBC9
:1086A80005F1FC11F109F9F8EA051EF601E5074B99
:1086B800F4F4F4C10CEF25F23CFD00DCE630F9FEE1
:1086C8003FF1EC02F10A19EF0BFD15EC06F4FED9A7
:1086D800F1EFF7110C06F1FFEF1D0BE6F8F1F7F7D4
:1086E80000040720EE0606FD3305F2FCE9EF09FB5E
:1086F8000FD60411F3F2E304F1C206FCF9DF01FB23
:10870800F2F607EE03FEF20200FD07FA0AF80E166B
:108718000204F7EE0109FE030020FFE209FCEF0066
:10872800220701F90BF1020E0BFC0E060B05E802FD
:108738000AF908EF08F3F6FD17FBF11C0217F7FF1B
:108748000E0C05FC04012CF211EE090305EFDDE126
:1087580003CAF118DBFAC0FEF0D6F2E9FC092EE9EB
:10876800DDF3FD0307FD0609FCF2DBF5E70510F76D
:108778000805FC0EF6F40C13F2E6FD2014DDF103F7
:10878800FEF0FDF3F1F5FA000500FE05E9F5F6FD4A
:1087980008FFF307F808EF02F3F0F10BFF0917F0F1
:1087A800F6FB0F03FD04000704F9F101E505FEECF3
:1087B80004FEFF0B0DEE041DEBFFF11B19F60E076F
:1087C8000B060CF606080E0BFBED00090F19181026
:1087D800FE0B02ECFDFB150907ED00070DF0F1F6A5
:1087E80002FD0E12050AE9F707FA17EF09FCFBD696
:1087F8000119021217F1F61AF510012C0A0E0708D2
:10880800F2FD08070200FD05F0F7FEFE170D1F1C1C
:10881800021F01F007032106FB190AF61608F303E5
:1088280002080806F1F1DBF40CF3D90B05F712E89E
:10883800F30DF00411F1F81CF902F10D20FDFE0111
:1088480006F51BE802FAF8FF14F0CFF208EE0E0660
:1088580009070A00F709F5F807FBF3EE09F0E4F851
:108868002700090E05F7FCF328F7290BEEFDDA09B6
:10887800FD0201F3F9FFF9052117000ED23633097D
:10888800FBFAE93AF2F512FB130013F6F70A19F6A8
:10889800EEEDF9EE05F7F902FBEEFBEAF016EEF065
:1088A800EDF3F2F702FF0DFD06F923F0FBEA16E4FB
:1088B80008BAF4F9EDFCD8EDF0CBFEDFDC13E4EFF9
:1088C800D9FDDAE4F504F9F50F1D12F6F70A0C18CC
:1088D800F2080AF9050BFDE512FAF0DFEB09E500ED
:1088E800FBF3EF09FB020F0320EBE2FBF503DE10BD
:1088F800F0F8F20012F9FA0C0DFF0A17010415FE40
:108908000AFE0603FE0415F21BFBF2F605D90AE37C
:1089180004D60CEE0407E5E103E2F1DEE4FFF4011E
:10892800FD060205F7FDFAFBF4F702FCFB06E90574
:108938000307FFF21009EF0D07060EFB00F9F9FD1A
:1089480006030109F8FD03EF1E00EDF50F08FC0210
:10895800000A0D0B1CF61313171DFF1AFF111CF349
:1089680011EFEAF6F3F8E8F4FCF50305FAFC121740
:10897800FE08020501F70101FDFBF7130EFAF6F5F3
:108988000FFDFB04F2FEF000FFF1DC03FF0A1B09F8
:10899800FA0EF3F204E61CEC14030DF4FFFDDFFEFF
:1089A8000DF51709FD01FE0C13F4EFF7040313018D
:1089B800FD13F00718FC06FCFCFCF2E907FBE6F6E1
:1089C8000DF90613FBEFFBFAF8F9DCF10703081EB3
:1089D800F916FD0218F208F3FBEC05F81BE5F3069F
:1089E8001CEE1607F3EFFAEDFE0A00FDFE120D105D
:1089F800F50901FB0D1E18F8160F0BE2180EF5F01D
:108A08000C00250BFDFD09F813F1E4FFFEE7181B28
:108A1800EEF8F80809F309E11CFF07EAF90A02FC75
:108A280018F1F41E030AFBFB07F1F3090E0311FA10
:108A38000701F0E7FF0D0EE829140A06100AD90904
:108A48001D090619FEEE08F104F4D4F607E01F0527
:108A5800F200F10407F8F3030002F0DFF402F50A6C
:108A680019F308F9050708EE18F910F91801090AA9
:108A780011070CEA110C1A0712E3F9021312F5FF99
:108A8800FB07EC0CF5F801FA24F206040EF618ECD4
:108A9800FFE6FA1CFE2404F6FB01EE06F31CE809C7
:108AA8000AFD2309070E04FCF0FAEEEE16FB1BD2B2
:108AB80004E80209050BDBEBF0F3F7D5E5FAFE0451
:108AC800040008F6060015F201071EF4FEFCFBD9A7
:108AD800EDFDFD04DF08DBE90108F80A0E020000DD
:108AE800EAF905E6F9EF0C04FEFEF205101006306F
:108AF80001F5FFEE0BFD150016FE0405E70603E67B
:108B08000F090DFCF1F6FC05FF07F0F400E804AFCF
:108B1800F1DEFF12E51AD5FEDCEAF90B07F41D01B8
:108B2800DAF81BE4060AE70EFEF4FAF20D08EF0D78
:108B3800F11CF6EC02E808FCF3170B01F4F3FB0C4C
:108B4800100CFD07F90AFF051509F304FAFCF600F5
:108B5800FE13F3FE131E040400F5FAEC06FAFA01FC
:108B680017F215E1F90CFC07FA05DFF314F30F0609
:108B78000717FF0210F80BF6240208EE02F5FAF2C6
:108B88002EFE220A04000AF7FEF1CEFE0EFA02FCBF
:108B98000307F4FC0603F2F301FD02ECFEEEF1EF2D
:108BA8000C0BF5F7F30AFE02FEED0006F7F0030DD5
:108BB8000105090909FBF7ED0BF8F8F9E6F609F2E2
:108BC80004EF090308FE010411FAC50619F602119B
:108BD800FCFBF90BF803EEE519EC05F0F3E3F506F9
:108BE80016FB1316F3FCEB021EEE050AFAF6FE104E
:108BF800FF10F6FBF5FF13D20AFDFC171BF2F30377
:108C080003F5001604FE07F50AFAEFFA20F0FA0A4F
:108C1800F4FEFF1AEBF4DEF2140D00F91EDE15FE69
:108C280002000A0A02F9EEF106F5F705F0FEDFFD8B
:108C38000525FF0509F10FEFFE06ED2316E3F40005
:108C48000401F90DEF0CFF0303F4F9F512F712F71D
:108C5800FDFA0CFEEA0DE9F30E1107F1FC0B13F710
:108C680010050D14FDF2090111F207EEE9070BF6E4
:108C7800F014FAF8F3090602FAEEEE18F8F2F3FA2D
:108C8800E408E70AF60AD9EF2AEEFF0B0FFDF8E031
:108C98000AFD07F70C0520071600FE210EFDF0005F
:108CA8001FFF0C2000FCEF0405F51E0AFB18160E2A
:108CB800F0E505EBE8F80B0709EBEE0AFD07EF080E
:108CC8001B0B010B0A0BFA0F04FCF70510FB1DE642
:108CD800F90302D6E4EF10091E1E000F1916E80565
:108CE8003CF508E300FA1BFA07F6FFEEFFD604127C
:108CF800FEFDEFEA0209F5F11B160706FE0E04FF5A
:108D0800F3FAF7F407F7E2041AF113F7F9FE0EEF96
:108D1800F412F4FBFE01FC0E130B08FB1501ECFC2E
:108D280029FB33F2F60AF60102000FFFFF05F2FEF7
:108D3800070401F40B08010FFAFAFD1BF704FE07FC
:108D48001AF4F6FF06F8050D02060BF3FEE21A0701
:108D5800FC10F7001020140322240600F9FE0BFD76
:108D680014FDEFF0F20401F5F7FBFFEE140FF50A1E
:108D7800F1F202FDFAF1EB0CFC0202FCF207000131
:108D88000AF5FE00F40A11FEDD05DEFA1CF8FE0FF6
:108D980003FEEF14EDEADF050D20FF0210F812F5CF
:108DA80001ED18EAF8F41800F5060BF60EF600FFC8
:108DB800F90A0315F305F3070D0100FE0B061EF073
:108DC80002FF0E0509071008DE03E3FF260302155C
:108DD8000509F2F800D3DC03080304DD000FFFF7F0
:108DE800FCF20702FB000C072201F9070612F6E560
:108DF800FB240006CD10F8FA0FCEFF3E4CC606FB4A
:108E0800000310EE0309D3F5EF05FAF6F40D130984
:108E1800F812F3F70BF01E0D10FDF71A12FEF4EA24
:108E28002CF8FD09F6F3EFF8E9F7DD00D40AF6FCB3
:108E3800F30CF6110EE11907F1E5FF1117ECF4F246
:108E4800FCF303EDFF07F0F5EE05F3F2EA0F1DEB77
:108E5800000D070B05E8F712CEE4F2160FD2F2FB6D
:108E680009FA0DC1F2F103FC141205FDE127F2E93C
:108E780006200308E8E4F4FE080CFE0314EEFC06E2
:108E880004FB0CFEF6FC0C0010EEE5EFEFEF09DB3F
:108E980007EAF005E5F9080EE3FAEE07F20B12000F
:108EA800E30801F4040350F9321500F31BB019C6A6
:108EB8000BBFFDF9C910F5CBFFF2F4CCB42CFF0AB7
:108EC800CA00DF0500F0EBFE0407C6F207130A0824
:108ED8000113F40722001A030D17EC0A1DDFEE0632
:108EE80011081CF904F10DFBFBF22C04F81716DA33
:108EF800F3020A2DDA0EE60DB406070434E0F3E8AF
:108F0800D107E6B6F6F421ED1205E00721FC14DFDF
:108F1800F9160806ED190EF6251209F704F8F2FA03
:108F2800FDF5FA1BF2F1060300F9F3F61603E81053
:108F380007F1FEF8FB15020C19EE0708F70DF6000D
:108F48000C0404FBF9F1FF09F00C1FFDEA1C1CE3FB
:108F5800F811F217E1E2E61CCCF8FE1B2ECEE4E590
:108F6800D9EFD6D7FC0C08F5DAF22007E80C261161
:108F780009F9F2F2E0E81001EDE70804FA05E2EB7E
:108F8800EAF6E1E5F60BF9F3FBEC230CFDFC0F0A1E
:108F9800F7F5080C0AF6F908F4FCF91310FE0804B2
:108FA800FB04F40AFCFAF304EAFD0507F100F60EE7
:108FB8000A11FAFEF3F1090902F4042E07F2F8FD8A
:108FC8001DF6F916F0F90B0EDD020FF0EF04140B85
:108FD800F700EF14EEF10C0BE7D8FB0C06FFF701D6
:108FE800E6F8EFE5EEFDDEEE01ECD6EEF6FF000961
:108FF800F510F3FD130D280B22F1071D0000FA0FE1
:1090080029F20C0AFC02090BE6F116FEF9FFFA0236
:10901800F6FA0706EFEA14FD04EEF613EC0C06F276
:10902800F5FEF20709F0F1FCFA02E6050DFAFB126B
:10903800FE0CF7000C0604ECFFDDFFF205FD00FF57
:109048000CF8040B020A04F0EBEC0107FD0CFB031F
:10905800F8040C080DEB1012E815020316E3FCF1F6
:1090680004FD1BD901F20DF9040426F20C17FFD1F7
:1090780000FBF4EA1E1B051E0711F1EFD72F16049B
:1090880003EFF827070401050FEBE2FEE20211E403
:10909800FA01F40EDFFA00EED6CDF2E4010F08FF74
:1090A800D205DD020B0522E9FAEFFCF709E924E213
:1090B800F3EBFD09E00E08E8E6FB0DEAFCFAECF23A
:1090C800CEF4C9E7F5F303F60EF3DBF40607040F55
:1090D80003FD05EB040502D213DDF6ECDA29F9F8F5
:1090E800EAF506090BF3D404E40235F70B33FF0164
:1090F8000B1E042C06F5FC1ED4090B2A30E5F3EFF1
:1091080001EE17CEFB0C17E707FBECF603DE1BEEB0
:10911800FEEFFB02EC1A06D400ED02EEF21506F69D
:10912800FCF3FB0905FDFBF6FB040C03020BFCFF3B
:10913800070D0B04FDF2F20EF808FD12FF0B0103F8
:109148001209080DEF0BD7F1E10621F6161902F402
:10915800EF260917200A12230D2FFA1D18EBFD1010
:1091680022F009FC02EF07F0F4F2FFF3020A000C08
:10917800F6000809E205040AF1ECF20511FDF7F81A
:10918800FAFDF00101F3FCF2FF0408F3EFF5051511
:10919800FA00030E0BFD0A10EE1AFE14F800FEEB9F
:1091A80013ED18DCF4F0FC021DF711F4140FF8109D
:1091B80000F9F9F9FD0BF80C08FC0D04010BF70692
:1091C800190B0718FCEFF903DBFC22FBF1070E0F64
:1091D8000DFDFE15F3EDF905E1ECFF1114FCFDFDA5
:1091E800EBFF05D60605EDEC15050F050013FC137E
:1091F800EFF809EEFB09FBE8F8FBF5F8E30BED04E3
:10920800F1FE0318EFF11007F3F41C04FAF9180A39
:1092180006F0F5F7FAFAF9FDDBDE06F40104F4E0EE
:10922800EAFA02E9F2FE08F1FEFBEBF114EFF20DA7
:1092380005FA09040501EDEF0CE6FCFBEA04FFF270
:10924800FCEFF517F0F3FDF8E6FCE9F7070F031E4E
:10925800F615000011E607FCF70B0DEF0801F2F612
:1092680010F103EA000703F221F0FAEBF00D080D04
:10927800FE0307F501071CD1F9D0FE05E417EDFB45
:10928800F0EEE7080005FFEDFD02F6EFDE1610F040
:10929800F711011DF8F3E008E8BFF4F411F4EAF956
:1092A800DE07E8FBF909FF01F8FCE7F5FB0219F70F
:1092B800F214EF13F9F21004F201FDF11607F809A0
:1092C800FE07D8070B000104FEFDFFF5E51511F4B4
:1092D8000EEE0701DDFB00E0E5D1F60F0402000306
:1092E800E5F8E5F30209CE00EE0042FFF93021135C
:1092F800F217F5DCF9F8321EF0FD081522E8D9F668
:10930800120AF8E1F0FB00F61604F0EE17F709046C
:1093180006F0F315EC15FEF50F05F2FC02F4FA0F52
:1093280021FD13030E07E900FAF9FAF7F1F2FE0539
:10933800F206F7FF0EFD070DF910001A0408060ED5
:1093480007FAFA0505F0EEF002FB0CF912201314E7
:10935800F0F8F7F4FD161EF313FFFD03EEFCF1061B
:109368002D04F617F7F6FF00E3ED12FCFA17F715D0
:10937800F802FD0BF0EEFB04F30A031D05FF0DF8E0
:10938800F9EFFEE5F70508F6D3EE04F0F61402024D
:10939800F6FDF41706F307FDF01409FE02DC03F7E7
:1093A800F5FAFBC509060FF10DFD09F0FD00F81AE5
:1093B80006FBFEF009F007100E1C09FAFDFB05F18B
:1093C8000F0312F7FBFD08F9CEFE19020D07031172
:1093D800FE110504FFE3F4FFEC00FD0C0CE611EFB1
:1093E800E8F9FFB3F9F50CEFF3F01CF6111BF6EBF7
:1093F8000FFF0000EEE8EEFBECF7F8080EEC1A00A1
:10940800D307F9F30302F108CDEF1D050A01241172
:1094180003F600FFEAE7170AFB1209190CDEEAF85F
:1094280002F9FFBAFCFB150ADFFCFBFA030F06F88A
:10943800FBF9F30DF7FDDD040419F8FC0FFE16EA3D
:10944800F2F322F4FB00FBEDEDFF15FDF20B090E24
:10945800F60CFCFCF8DF06F700DE08F6FBE7EFFF8A
:10946800020509E8F6F81A0517F9E0FCF1D1E2E679
:109478000BFBF91D140FDFFDFAEDF3E2EAFE26EB14
:10948800F002F11AFD05F9F2F3050FF70B2205FCBE
:10949800FA160C18E7EDE40A12F2EE181EEDF500C4
:1094A800F6F116010DF3EE08F801F8F00712E91AC3
:1094B800041EF70BE1E9F111F6D7F10A1CF9F70BD5
:1094C8000100F40407F1D70109F618FFE62D213C45
:1094D8000106F2ECC9DF1106FCBEF5142DEBC7F549
:1094E800FA06E5F3EFEEDFFA030710FAFE0F310A8A
:1094F800092504E50DEA2FF4F4E7081106EBE6E484
:10950800F503E1BF09FBEBFF02F2FBF3FF1AF91CBD
:10951800FDFA0CEDD5E7F9F218C2FD0D0101DD01E8
:10952800FF08F0100CFCF709FDFEFBF406FEF00046
:1095380002FBFCF5FAF6FBF912FAF60BF9FA0AF750
:109548000FF5F20BF5F910011401DE0813F5070405
:10955800F305F7FE00FC0CF10BEA05FDEDEF0AFE42
:1095680000FA1205FFF6FA0BDD000800FB071111DF
:10957800FC0FFAED0AF20D12F20FF2101DFEF4E8DC
:10958800020AF9C2FC03ED08CBFF29EE012C0810F2
:10959800FB0500FCF6CF1F08D9FD080912DBECF625
:1095A800F8F8FBBE040202FDF90513FE08FA16FEE0
:1095B800FA01F9060509F3F2021CF60D09FD0BFE86
:1095C800EFF204DFFB06E40BCEF51EF902122C2D98
:1095D800FE09FCF301DB2B1CFE1DF1221DF0E0EC63
:1095E80005F400ADF605FEFBD9EE36FB1C0B22E5B3
:1095F800FEF5FC03D51DF22DED1BF23336E6080807
:10960800F40AFCCCE80100004CFAFFFFA2FFFFFFC0
:109618009D000000F3FFFFFFB303000097FCFFFF6E
:10962800BBFDFFFFEF070000E3060000510C000040
:109638008DFDFFFF40FDFFFF220100000B01000030
:10964800C0FDFFFF03FDFFFFEEF8FFFF6A06000005
:10965800F2030000CBFBFFFFAEFCFFFF2407000076
:10966800EFFDFFFF02F7E32B0531F7EBD8FA03E62E
:10967800F117FE0AF7DA1CE8E8E213F31CBFFD1D38
:109688000CF909EC0A1EF0F2D93A200AFCD9E525B2
:10969800DCE21D04101B1F0E040EFC11B40BE3E9E1
:1096A800F3E8ED01110918F804F51EF8DDFCBE25F4
:1096B800E931071FE5EC290223070105FEEFFBFE50
:1096C800CBDFFF0C1C0036C906F0010BDD281BECB4
:1096D80018FAF300FD0400FF1C00FE0416FE36D63F
:1096E800FBB0EC29CAF1FD0237F60407061CEB169D
:1096F80026FFF7091A132913F3310402DB0D010AB7
:1097080022FFEB07F5FB11E8F2F6F5FBF8FA091B67
:10971800F7FCFCF9FAE1F3F3F5FD050D060DED098B
:1097280012F2FB08084062F8F40700F3D738010189
:109738001DEBCFF50CFF0FED181007F0050E0A0909
:10974800FE170B00F60D0C1208F3F6FF08FE0CFCD2
:109758000B03FA03F02B0418F60F0C2CE9D003EADC
:1097680006000CFBEF0FE530FFE5F3090F07F6FAEB
:109778000200F9190AF7D7DADC0CFB01FBFA000A38
:1097880012E71B00FD0BFF02EC03F6EEE8FCE6FE19
:10979800F60B08FDF3E6F4FCF1E812F606DFC9263D
:1097A800FB21F0FDF4E1DDE9E3251C0203C50FF818
:1097B800D7FC300502FCF7E2F9EEE9FDF7EEE8D94F
:1097C800D6061602FB0914F608F919F313D1C826B0
:1097D800043102E11EE3FFF7E8401A000398FD1682
:1097E800DDEC1DE6F3F5FDD4F60505FD02000509DF
:1097F800E0EB1FF2FAEDFCF5F5FDF6E8F6B1D60759
:10980800F922040425F0FAFDE922340A07BAF12105
:10981800DFFE25FF1DE21ECD0410ECF5F60CEFEA85
:10982800F3E317F2F307EBE5F8EA14FBF03BE82D56
:10983800FE3AE931F0F601202821C0FAF517011D9A
:10984800F807D2EEFCD024D3FBE5EFEBF9E3D2F82E
:1098580005FA20FD05170E1C273119FAF8FB57D217
:10986800F5D00212FB05DF0A0B0B2EF90D17E60FD8
:109878000DFB110EEF023CD3EDFEF914DD06F4F5F5
:1098880015080B0B0423F9E40818F2F5FD0AE11793
:10989800F425F305E2E91DF4FE0E10F1F7E7FA09E5
:1098A800DCF512FC14186F0606CA05E4C211E415AB
:1098B80015160CF2F0F7E9ED081D07F2F11203FE98
:1098C8000C18F3F5EEFEFF2A1E000F0A09F4020A2F
:1098D800EA0FF7F6E841FD2CEE34F232C7F70AF842
:1098E80018FBF5FFF30CEC03FEF9EEFEFBEEEAF7CE
:1098F800F3FD0701F7EA08E8E309180408EC010991
:10990800E4F9110417E2F9F0F8FC01050F010EFC67
:10991800E5E30BF308F6F905050507F3FAF6F7F69C
:10992800FF20EAF1F40B0E02F9F9010909FBFCEA40
:10993800F40F0CFE0FEC03D2F2F203010DECFAED7A
:10994800E3FC130505EE02F2FDF311FAE0FFC00196
:10995800FA1B05EA17080F18FFF7F7050215EA02C0
:109968000FFCF0F211FDEAF7F2FFF504FDE200F05A
:10997800F2F61D03F20E01ED0D04FFEDE4DBDCE968
:10998800F80DF2171008FD10FEDFF305F523F50CAE
:109998001D0D040214D610C3EFF2EDE80EEFFE0A17
:1099A800F3F71402EFFA08E6090806FD122BC5388A
:1099B800F824FB011F16EC0E263BB9FE0827071DED
:1099C8001DF3EDFDEE110CE2F0E3F8DD0CC5FE34FD
:1099D800191458F4FEF1191EED17EBF3D10138F202
:1099E800F20CFD15EDDFD6000B043900F504FB0C75
:1099F800E50C1905F90004DBF1E8F6E4E7F7DB30DC
:109A08001E180D0509292AE1171EFCFD1B07F9FF81
:109A1800F808EC090AFF09F00DF01F06F511090E08
:109A2800EB10D7F9F3FA18F9FC01ED07FC28022727
:109A38002AF70FF80B280AFE0AF0020504FD07159D
:109A48000207F9F1ED0815080408F0F80808EEFC1B
:109A5800FDFFFE0D211FF90509F0F5151BFBEB06AF
:109A6800171A0FF1F515EF2A0305DE07FAE000E1F2
:109A7800F40BE5FF06F30D01F3EB22FC05060903E1
:109A8800F6F915EE13E6F1E8ECFC02FB17F90910FC
:109A9800F4F31AFA070912F4F9FCFDF307EAF9EEF0
:109AA800ECFCFA000816160DFD01F8FA0B0908F48B
:109AB80001F709F2F7E7E9DDE9F9FD00F9E416F93C
:109AC800E6E209FAF10E03F9ECFCF903F4EEDAFA2E
:109AD80003FE0C090FEB1E080E07E6F7011FFAFE3E
:109AE80006EE0FF101EEEA010605F9F1F8E627FCAA
:109AF8000C0BF7FCF0F11CE0E9FB03010FEBE00FA6
:109B0800010FF20CFD0C071805FEC5F2EE0B20EB59
:109B18001CF309F40EC1EABCF7DF09DC0BF7211EC0
:109B2800E9E132FDF6F7E715ED07EC05FA02181141
:109B380005F100FC00060CFB1508F7050518E727DA
:109B480027ECFF05D1C5E4110340F8291CDD4AE0E4
:109B58001DE026F1F3E91521DEF5010092D4231367
:109B68000449063512C307FD03E43DFCF3C00C4469
:109B7800C6E90AFEB8F925E5001CF1F9F4DE4F0D37
:109B8800EB144FEEF7BD13F6B008F6F82214F606FC
:109B9800F209EA0F03F2030F081B010303EA12F6A6
:109BA800FDFBDC0494A3171AEB5CF24EF5EB0F00F7
:109BB8000DC8400A10D6F212D6FD25FCF2030700A4
:109BC800F40DFC0CFD0603030DFBF201F9F1FDEEAB
:109BD800F6F80C081DF2EA0CE9000B0220F3051058
:109BE80008240DFBF9DF071403FEE2F11CFDF5ED77
:109BF800F10C0206F5FA260001FB12F30703FFE257
:109C0800EF010AFDF7FFEA02ED1301FC06E71AFD72
:109C1800ED030408EFF808ECEB05EFFBFDEDE0FCC5
:109C2800F9FBEDF50902180701FCF4FEFF0D10EE33
:109C38000BF3FCF1F602F9FC041C0303FF011F0AF5
:109C4800FBF0F607F4FF08ECE80A0DFEFBFEB8335C
:109C5800F133F203E7EE10F61009CEF501172DDB0C
:109C6800E2EB00FFFFF6D716040C070307D211F644
:109C7800E01B0DF8F0D409FADDE0F6E704FFCDF8B3
:109C88000AFBFF0F0FE0F4C0F71D21FFFEE2FA19EF
:109C9800EEFA1F00050E0C17FB2A0209FEE2FBE88C
:109CA800CE4316F2FDCFF6DCE0DA07FD00E9E51059
:109CB800FE3AEA3E09F50EF33313FBFCF00AFD0FFA
:109CC800D3E0250BF925050106FAF1CCD21E01FED9
:109CD800F9ECF6F4F6F9020F253125FFF30E5DE0F5
:109CE800FCDBFBD0B337DB2A0FB6C4F8021AD60365
:109CF800513AFFF916FDF01FFA0A0004E1081207AD
:109D08000100FFFA07EBF9DEEF05F3E7E11B1507A2
:109D1800F416EEF61FF5FD10FF2E100AF1FAECED21
:109D2800E4F6DFFC140D21E9FA19FFEDFA2F22FE03
:109D3800E9ECDFEE0DFA04EF080DF70307F802F877
:109D48000A06000CF0F2F70A050B05F8F70C100BE1
:109D58001602FEF5FAED070AEF1F06FCEBE2CD0846
:109D68000A312006FAF4FFFBDCEA0D06F9180AF0BE
:109D7800F10CF907F5C8CE140E301A0702D0F7FD1A
:109D8800F8DCE2F3FF000AFCEA0A0B07F9E9E3074B
:109D9800FB120CFF03F5EDFBFEEB0A03F1FEE4F406
:109DA800FA05FC1BF9CD0303000D18F4EDD213F2EC
:109DB800CDCEF7EB051628100409F700EBF2E31AED
:109DC800F81B18EEFBF9F102010EF7F2FCED9B010E
:109DD80000FDF0FEFDE20207050B15F1EDEA170B99
:109DE800F9DAFA0105191FFEF80AEC19E81310E868
:109DF80010F4F9EDEF1400F4F5EF0204F1F3D7EBEA
:109E08000015000CEFF7FA00FED708F0F000ECFEA2
:109E18000EFE20FF160C0509F4F803FDFB1E090BC6
:109E2800DE0F070AF5FA01DF03F5F8EB170CCD355D
:109E3800FC220909DFF7F9060C10F8F303EE15F711
:109E480004FBF7EAF025FAEE0204FB17FF19F4E722
:109E580018E00A09F80EF1FA21080AF9F6EA2FF1D2
:109E680000FCFDDFFDF0C4F6FFFB1DFCF8F6EB0A75
:109E78001B1A0703001706F6F1FCEE020D1B0A0772
:109E8800FBFA0FF2060502F2E202EDFEFE230818C5
:109E9800031AF70CFCED13F2181DF5FA01F8191A5C
:109EA800DDF6FEFB05E00FD4F2F3F0E8E3F0E30E95
:109EB800EDF825F10CFA04E9FB1DF9F2FFFD020AA1
:109EC800060FFF04F701142008EEFEFD03080A013F
:109ED80008130CF4F2FEF9F4F21407E4F5F505EAB8
:109EE800050801FE06E5051100051EF302070C082A
:109EF800F8FFFE0BF3F2121AF30D11FF08E1F3005D
:109F0800FBE70F070F0E1B0AF9F5E9F70D10F6101E
:109F1800FA0506FBF10EF0EC0F0AF6FEF6FC151436
:109F2800F300F50DEBF00903E3F207F605FCFC047A
:109F3800F60C12F80A1721FAF012F9161409121A77
:109F4800F4FF15FB0107000309FC02F907F0FFE61F
:109F580004F2FC38F30E231017DFEA0BED1BF1FEB9
:109F6800130F03010FFA1E0FFCF3010D0628140648
:109F7800FD04F5FD05F7050CFDEFFAFF11E7F2F01A
:109F8800F8E601FC13130B0FE5D7EFEEF316FAFA18
:109F980006F811EE10F3FEE1FB0AF3210E030A0C9A
:109FA800EDF60CF10502FBECFBE5F9F30E01E5D04B
:109FB800F8DE05010A1BE52417FFEEF6053102E27B
:109FC800261CFBFCECFDEEF8F5EEF026F8F8F1FBAC
:109FD800EDF60EF3FFEAF017FBFBF607EAFCEEEDF1
:109FE800EC0B0BF2F6D5D8D10E02FBF90C020704E4
:109FF8001219E3F20117E009F706FA19E2E9F6E1A6
:10A008000D0D01F7FB0CFBED001BE5F10619250F03
:10A01800FCF1FCF3061505DF00F7F9FCEF0DFC1A5F
:10A0280009F8EEF0FFEDFFE8FA00ECF0E2C7CDEB3F
:10A0380012E803F50CFBFDFE04170101FB0C0C09EB
:10A04800FA18F2FCF1FE20070FF208F90BEC0800F1
:10A05800FB0103FE02EDF9CDFAEEF9F0210A0EF646
:10A06800F7F830090607F402FBFB00F1FD180D00B4
:10A07800010AFE1CFB151C00FEFDE102F10AFF03AC
:10A088001BF30C071CFA13EDFCF3EFF90818000C8E
:10A09800000C0008F4080B00040AF9091B12FAF373
:10A0A800F20904F0F6F400F60A01F3FBF40C14EDDF
:10A0B800080B040304071A18F2EFFD01010FF4FF5F
:10A0C800F11F100301FC06FE00ED09FC230AE81845
:10A0D800F2D8F7F21C110932F50AD6FC04231BF951
:10A0E80022FD10FB0CEE071EFAFCF5180FF207E62E
:10A0F800DB1E05F0FEE5FC10E7D4FCED1F0EEE16A6
:10A10800FFFB01E806160E0AFFFDF5FDFD0925E334
:10A11800F1FF0B05F901F40D001CF5180DE809EC29
:10A12800FA0E03080106010102E507051BDDF5EA41
:10A13800EBE9F9FF0518FF260306EE0D021BEBDF1E
:10A1480022011AE6F013081F0430020BE311101461
:10A15800E8D1DCFF081627ECEE1F18FFD503201600
:10A16800FA240F2202D113EEFDE10DF50AFF0A29A8
:10A17800FAE8DF04C07E383F0C48F366C8C942C11C
:10A1880009F3FBF1F8FF26FABD05FAFD1B0A1511C4
:10A19800ECF1FE19FF02E1E90E0D0AFFFFF8FC07DA
:10A1A8001FF5FDF9C1FF20FAF23CED1DE7D930E6B5
:10A1B80008BE1CF9F701F822F2FB1BFB05F806FEA6
:10A1C800F6FF0D0E01F81B2801F10CFFF6FCF0FB61
:10A1D800F9FE02F51EE2F902FB06FD1EF5FE06ED8C
:10A1E800FE05FEFA0101F90201FC0C091502001135
:10A1F8000DF1EC0215FA0EFCF81FF904F0EFFB1054
:10A20800EEE6F40607ED1510EA00FE07FE07FEFE6F
:10A21800ECFDF5FBF2F4FF1DEFDF0802FCF5F60E8E
:10A22800F0EFFA00190511F1F50EF8FB0A0700FA2C
:10A23800F6F1F9F304F918050C04F01724FA0CFBED
:10A24800E50D100809FD0A0DEFE5E203071A261AC5
:10A25800F8EC04D8F22C191FDD24CEEE020F31D30E
:10A2680005F3C3F9FB1F06FDED030218FBF603FE19
:10A2780017F2ED03FF0E04FEEE02DE01EC271000DC
:10A28800F918FAF8E4D7F52518000E01F5D6F1F912
:10A29800F7E2F2FE0C14DDFCF415F1FC20D9FFDC2A
:10A2A800F323FFFCF0E625EAD3E1F9F5F9BCBA0897
:10A2B800011BF12B32FD1AC2EDF1E80208F8252541
:10A2C800F0CDFFF7F30D09F90013FC1BDFF5CFCD37
:10A2D80011160505FB1AF7E218080DF80110D92622
:10A2E800F11005C8DD0EBDABEA2A0009030FF0A383
:10A2F800202134081204E7FEEE05F02003EBFFD816
:10A3080011FD07020711190004F214EEDE11D7F34C
:10A31800F6ECFF1E1B1A1DDD05E9FEF3F10F20D335
:10A32800DCEFCE100803DE05E714F902E80DE59529
:10A33800F21AFC08F01206D50B0917F41014070ED0
:10A3480002080FFCF8F80F150A0DFF00FBF4040AC9
:10A358000D0E0DFDEF0FC7FC04EDF42F0207F4A856
:10A368001D11120A06F719FDF0C8D8F4EB290C01E3
:10A378000BF8F9FB010E06161E1C0803F000FBEA99
:10A38800F50ADF03F50D09F7FE0DFE1200F70A10B6
:10A398001CF406F9FDFE07FAF710F0F6F2200CF4AB
:10A3A8000212F5FBEFFF18131812FFF006F9F70673
:10A3B800E2FAE50D081513030CE907F5F515F8079A
:10A3C8000B050F06FE00EDFC1219E6FAFE091E1039
:10A3D8000212F2FFF2F9223B24DD0903F304EA102A
:10A3E800F4E0EFFF08021303F8F3E9EE06F7F716B7
:10A3F80003ECFA010015F20A102115FEEFF52B09FE
:10A40800010000FD0009182FFFF10B03F9F6EF1A00
:10A4180005F30EF90B0307FCF4FCF2EDF6F9F4056D
:10A42800FE18ED00F51F1BF1FB0F0CFC0A01DAE822
:10A438000206061CF1D110EB160E0D00FB0E27FAD2
:10A44800F2E2EBEDF6FF25F5F1FA09DF131C14181B
:10A45800EE1B0B05FE091FF006FA1506F80808F7AB
:10A46800FCFE02F2F112FBDB262806F30C0619DBD0
:10A47800F7001B0807040DF10AE4FCE8100F0CEACA
:10A488000111EDF8080620E207FE11EC1902F6FEAC
:10A49800FCF0F515F3CCFF06FFFAF906F2EEFDFA2B
:10A4A800EA10DEF3061E1C04F003F8FB0D250CE68B
:10A4B80014100AF3FEF70EE0FEEA02FAF507FC11A3
:10A4C800F718F70AE7EE180414F2FD0EF404FD027B
:10A4D800FE04F700F610F909F110F423F1F604F977
:10A4E800E2F8E3EFF3FAF70902F3F8010FED00F0F1
:10A4F800E90800FB0EE80106FC0A050904FFFB0D4C
:10A508001524F5040A10010F03F8EB050608FFFAF5
:10A51800FB11FCF9081E07FB120AF8ED00011315E0
:10A52800F608E8FF02FDF60C0607000C0B110C01FB
:10A538001910FDFBFA01040B010600DE1DF903FEEC
:10A54800F700F6F8FF05FBEF071802F703E0280B02
:10A55800FDFEF7E71221071CECF100F9FCF40222DA
:10A568001F0F21FB1B18F006F2EEFEE4EEEEF1EBF6
:10A578000B06FC0401F010ED081B0FFB0FF0120B8B
:10A58800F7F2F4E30D12FEFDE5030AFCFF0A0AF6F2
:10A5980015F9FF04110F0DF4000EECFBFC1B160659
:10A5A800E8EFE407EFFC1004061021FC11F20DD4CB
:10A5B80002F1FCDE1D231A30F3F618FCFA040DF93B
:10A5C8000A101AF913DBFF0CFB0EFE010801F61442
:10A5D800E20AFA0707F90EEA04F716F60EE8340558
:10A5E800F6EDFAF41F34FC15E804EDF4100713EE49
:10A5F8001BE3110513FD0EFAFA07EE13E30CE6133D
:10A6080009150C0311F112F607F315F2F9091BFDF0
:10A61800EDF9FDE2FC00E7F90104F005EEFEFAFEB3
:10A62800061109F805061702FA03F8100B1607F6C3
:10A63800FF180CF702E8F9FEE9EB10FB04180A1002
:10A648000C10FA08001008FA08EB02F3F2F4000103
:10A658000E0EFCFB0BF8F408011BFBF20B1A16FBA1
:10A66800F8F006FCF30812F2090A16030EFB0113B0
:10A6780004FBEFE1F401E7F9080AE90700FE120517
:10A688002517FEFF220CEA07EFEEF1E803F1FAF8CE
:10A69800F0F9F205FEF90FFB070BFAFD15F6161295
:10A6A800EF0AEAFC0BF217F0F9F00204020B080BB0
:10A6B8000801E7050605040703F6F1EE08FBEDF0CF
:10A6C8000B1E02F1EDF9030F0F10F3F30809D70978
:10A6D8000FEC09D814ED1E1DFDF415F2FCE80B096A
:10A6E800FD06E1EFEF080B00F9F9F9FBF40CF806A9
:10A6F800160CE503F706F4190CFA08050D190C02F7
:10A70800F8F1F6010AE70BFFFF00FDFC06F300066F
:10A7180006F4C0F308F5070506F40206ED0BD81495
:10A72800070BEE00000901F90AFC07F609E8EFE15A
:10A738000AEFEBF11B00150802FD1F0CF8F50C05DC
:10A74800E400FFE8EA2F1511F416EED2FAD11C2E18
:10A75800F11210F3FDFB09E51107BBF00103341AF0
:10A76800010EFFEDD3FBCE2DCB1BF8F1FA08FEF15D
:10A77800191E06F5D0395712011E06EFC311E1164E
:10A78800C70900FAFEFDE9D625080E051CFEFFEAFA
:10A79800FD0801E7F31CFC1912FBECFEF7F20BF2C3
:10A7A800FB0331F3ECFE202C041405FBFA00E61E33
:10A7B800D211F5050D020FFA12FD01FE0C0CFB1467
:10A7C8000402021405FEFF241A0610FA03F2EF0E23
:10A7D800EFF9FBF120E6FBFE06F902E611271E0859
:10A7E80002F0F3F103FE08ECF1FD09FD0200191176
:10A7F800FDFEF302F60DF4E224050202EEF6080D62
:10A80800060DEEF2F50D0B0DFC12EB0EF6F9CFFC72
:10A818000EFDDEFF0304EC0A1BF3011011FFF9F330
:10A82800040D020115FFF0E20A0AED070305F50F12
:10A838001CF20003050E1AFDF8EDF71AE01BE2F111
:10A848001F0A00F3EF16FE11281FFB06180BFF085E
:10A85800F1DDF3EC1AF01D15E73E4003FE01D912B5
:10A86800F301C0F9F3F3D5FEF40CFCFBE91016353F
:10A8780000F3FE020B0CE2F0020EF301E41A16FAE2
:10A88800EB19FB01020E0D1C12FB090504E1EBEEAE
:10A89800E9FAEEF1DE1203FEEE0A0B161518190C92
:10A8A80018E80709F3F8ED0EEB1EE2FCDC0D0C18B6
:10A8B800F505E9250E11190D23100AFF01FD081DE4
:10A8C80013D5F90307170B0DF40401220D02F7C382
:10A8D800F2ED0904FC0401E9F2ECF3F9EA09E4DD1C
:10A8E800F2DAEC090FFDD8A0F6F3F806F82753A919
:10A8F800EDCD3CF311112210EEFFF312FFEE09111A
:10A90800FA0211F3F80DEA230413E9FDCBE3D4E7C7
:10A91800EDDC03F01D3B2601FFD90106F8331106D3
:10A928000BFD33F11FF708F1EBE3F0FC1AF5E7DD57
:10A93800F90C05FD0A171705FDE6FBF215030F13C1
:10A94800F6FEF814F3EB13180BEFF3FB01FB0A0404
:10A9580004F4F5F1CB1B21F005EB08E8F527165CAC
:10A968001F170E02EF18F6FAFAF414F2DE11CFCC24
:10A97800080FFBEE0220130508DC0A08FF2109D5A1
:10A98800071B1005EAFDE1E304FE0E08F7F522298E
:10A99800F90CF9F50C120102F10112F9F5FDE0E4E8
:10A9A800FEF703F30712183C0A0B11F9F6F2DC0064
:10A9B800F81BDD0FE20BE1F3EF08FE12F41805F9BE
:10A9C8000DDA00FEFF17FCE4001D0CF60CEA0D156D
:10A9D800F5F5F2DEF00E1227E5F707F707EBF706B5
:10A9E800F513FC000B12E80B0407E80EFA070E003B
:10A9F8000A060B020300F9F40604E6FC050BF50E43
:10AA0800EAFA00FDFB0E0914FC011003F1F506F843
:10AA1800F80608F8FFF4F202EB02F3060AF6FCF572
:10AA280007EBF404FC10F903071CEEFBF4DB1AE750
:10AA3800EE150210F515FE0407F513F115020D06C3
:10AA4800FAEDF103E546F4EF00EAFE051204FBE82F
:10AA580010E926FA05140FF5E80E0D05FA2304E3AC
:10AA6800F0E506F21603F1E3EFDC01F7040516E55D
:10AA78000405470D0E18F20102F5FA04FAECDEC1DE
:10AA880005F80CF8FB1F01FCF702BD0901C9FF021C
:10AA9800F311FB0226151D210EEE1B02FA04C83B1A
:10AAA800120C00F41419F3EDF7E606F117F9001E7D
:10AAB800F705F8F404F821E213FF0CEF0A03021279
:10AAC8000712FD19FCF2FE091401F2F3F806F9FD6C
:10AAD800F0F2F8FD06DC08FFFC1AF7F1150AFC4451
:10AAE80000F703080707D71D1A1509F8FEF5EAFA53
:10AAF800FC05F10305FC06FEFCFAF7080601FB0954
:10AB08000313EDFEF9D6F312FE05FEFE151906E253
:10AB1800EDF8E807080E040B0708F8020FDB02053A
:10AB2800EB0AEA0D05E904071E150A0BFAF5F710FA
:10AB38001109E2EFE6F8ED11EAFAF804180B13EF41
:10AB480013EC02060416EEF80B0101FDF30CFE20CF
:10AB5800040303F2FF0D13F52D190DF5EFFDFFFEAC
:10AB68000706E4FB0CEFF8ECEDE4F313FF13F2D85F
:10AB7800F906110104230A050209FAF50D0000FE81
:10AB8800F0EE020510F914F50D0FFD0AEE08FF06A8
:10AB9800FAFBF9EE0208E80E04FD050FF209E8F0E9
:10ABA80004F7E4F805260107182AF3F31F06F70D42
:10ABB8000AE5ECDFF40EFAF4F91D360009F92EEC7B
:10ABC800F913F8FDE72A0C0A06EFEA10282A1D26D1
:10ABD8001FF80409FA130400F0FC080BED3811D82B
:10ABE800F9F50AEF0C1DF20302DF09FD031302F663
:10ABF800EC0E220BFC12F8EBF9EF030F1B04B9174C
:10AC08001C0E130BEFFDFAFFF004F8FCF5D70EEE5F
:10AC1800020DE901EF00EBF3FA031509FB12D70562
:10AC28000603EB010611FF00F9030ADE0525EA26F3
:10AC3800FB05EDF7F10012EA16F52113F51707FAEF
:10AC4800FE1A040E04F00F0517FD09030DFAF305AB
:10AC58000701090E05FE0B1FF9F101D402F2EEFC03
:10AC6800EF2205FBF0071CFC1FFFD0FC0BE50AFEDA
:10AC7800E902FD160CF701F310EB03F0FF1EE902E1
:10AC8800FD11F7FC08E1D0FE020DFF190215EBDDFE
:10AC980004F0E1ECF6F9E70AF8F613F605F7FB0A13
:10ACA800EA08F705F50501C4F9FEE5EF081A110AE7
:10ACB80009FC0303F6E506F7F30C020BFD0CF7F5A8
:10ACC80008FDE9EFF406E406090510EE02E41BEEC0
:10ACD800FEF8FC1705030CE6111B0008F203FB1134
:10ACE800F7FEFAF1F5F5DF01EFF504F9051DB116E8
:10ACF80002FEF303FC1DF51C1C1109F1FDEB0B1200
:10AD0800FA02E81FFB0818F0FFF8E7F2F815F61A40
:10AD18000CFDF903F81B0207F3EFF3F0EA1DC91E57
:10AD280012230804EEFEF80E13200B0B0FF2FB0C97
:10AD3800F804EFF71AFC46DC010D0304FAF208F9EF
:10AD4800E5F400FE16161D0704F50711FD29251E5A
:10AD580002F406F0F801EA2B02200506E93E37ED79
:10AD6800F8F803FF0814F01F0B040FEFF80FE300C7
:10AD7800F00AD108E8381704F0E201D2FD18C64AF3
:10AD880010113DF5FC00E6FA103BCD11FE06E1F688
:10AD98000409F6CB0C07D007FB1306FE0DEBFFFEEC
:10ADA800FF20FEF6F33C41F7FBE40BEAE701D71F6F
:10ADB80018120EFF0306ED001E0CB3FDFC090B195B
:10ADC80001160308FCEF0E26080104F80FF4F5FA43
:10ADD80000EFF4090312FFF900F7FAE30B0E0CE990
:10ADE800FA0C08FAF5F609FE060CE5F1F9DE03FDA2
:10ADF800F112FDFA0B22DE180BF7F3F40914EE0D2D
:10AE08000C12060ADDDEDC07FA02FA0B03129A11AD
:10AE1800121507FFF800D92410190FFE03E2DBF919
:10AE2800F00A03ED0A29DEE1F7FFFEF309FC001141
:10AE3800FBE824EC000AFCF7FD1704E4FE19BB2C20
:10AE4800FFF0FFFA1208CD0A14171D0503C0D50E2E
:10AE5800EFFEF9270331DA1615E3EBF4FC13E71BD1
:10AE6800F8DE330CEEFAFFFFC4FFFFFF94FFFFFF8D
:10AE7800F5000000C5090000F5FEFFFF06FBFFFF17
:10AE88001AFBFFFF08FFFFFF02F5FFFF6205000046
:10AE9800F5FDFFFF9B0A0000D5FEFFFF6EFAFFFFDE
:10AEA8003008000056FCFFFF42FFFFFF75FAFFFF66
:10AEB8002E030000B700000071080000E70700003B
:10AEC800CA0900008AFFFFFF7F040000630000003A
:10AED80027F7FFFFD00900008E0E000057FEFFFF86
:10AEE8006CFAFFFF3807000021FEFFFFF3020000A5
:10AEF8004FFFFFFF5701000053FEFFFFA3020000B2
:10AF080004060000C5090000B30700005100000056
:10AF18007AFBFFFF75000000CF0B0000AFF9FFFFC1
:10AF2800CE0000004CFAFFFF12030000C108000029
:10AF38004BFFFFFF8E02000066F9FFFF3D00000097
:10AF4800FCFAFFFFC4FFFFFF70FBFFFFDFF8FFFF06
:10AF5800120200008F03000057060000BD06000023
:10AF6800570A0000B500000010030000E4000000CC
:10AF780092F8FFFF43FAFFFF7605000073FEFFFF1C
:10AF880087FFFFFF6CF6FFFF17FDFFFF6605000058
:10AF980018F9FFFF75FAFFFF59F8FFFF01050000D8
:10AFA8002DFCFFFFADFDFFFF69FDFFFF5003000013
:10AFB800A7F2FFFFF1EFEBFFEBF0F105E8E80CE992
:10AFC80013EAFC1205F90C0E150001FCFFF0FE1047
:10AFD800160F100D10F9F21805F5F012EA02E90F34
:10AFE8000E150F14FEF4E6E6E5FD0D141718F7FD2F
:10AFF8000F08E903F7F1EE0D02EB0CFBEC06E41485
:10B008000AFB10FB14F80A0DFDEF030224BA0DFC2D
:10B0180027D3FC0A12D10CF8F9DFE143071236DB1B
:10B0280030C2E738F6D102F33015CE1817252F0FA6
:10B03800EBF52ACC0FE5FDDC0E131C2F27E61CF0E0
:10B048000AFAF927E0F2E0E907062F04E7D344E01B
:10B058000004310107F3FBE6E3FEEF1A051813F5C8
:10B068002B09F1FED6EBEDF912FFF10D1412C4F421
:10B07800072706F6CF0802B71E1F07EB13031DFCB0
:10B0880010DEEFF300F9D4F20F07E5FE12EC00082A
:10B098000DDCDC01FADBEEE902131B0FF6000DEA0A
:10B0A800F6EDDE09FF03EBD7DDF40FF6EEEF20CA6D
:10B0B800031CE420112AE6E90EEE112BF5FDFFF939
:10B0C800181AF0CD0410DCFC18331B0B36FA06EB0B
:10B0D800D808DEF1EADAF72CFA08E2CBF92704F807
:10B0E800E5FD1CFCE30A0CEB0F05DADA0110061A81
:10B0F800F7EDEAE6EE12052B12F71AE71209F80047
:10B1080008E6131AE7F6FBF21A0BE110ECFF18FF3A
:10B118000A0AF6031BEC0E08FEE7F7EC2308EE1B01
:10B12800EA0109EB09EA07031A0CEB08F3FDFF1320
:10B13800F109F6090416F7E9F3E9F5F9EF070EFD49
:10B148000AE4180CF5FAECEAF3EAFB071403F7ED46
:10B1580004E605EB15ED01ED11F51AED00EAFF0B1C
:10B168000E10EFECEC080CECEB05F018F6F00918F3
:10B178001A0713F5F3031810E8F3EBF607E819FEBE
:10B188001104FCF60310E8E7E3E60715190AEAE9F3
:10B19800091B060DFDFB10170213111AE91304F41D
:10B1A8001201E71411E6F7F3FF020FEAF00CF7E9D2
:10B1B800F7ED0319E60EF3FB13F6F3030B1011F288
:10B1C800FDF5EFF5F0EBEDF6F5D812E9F4F202E64D
:10B1D80000FCFA0806000B00021FE90607FF160626
:10B1E80016F8190CF2EFFF21FD0A0219EE0411FB03
:10B1F8000EFD13FAF3EDFFEF0C0F14E105E8DFFC89
:10B2080005130F071BDA040D1A11ED313EFB01E699
:10B21800F5EAD72DF21D16D6C6DD0BDF0FF4F016B2
:10B228000213D32009D4251BEC1CF1D316E0E9F056
:10B23800D91C18080DE4F8080201FAF9F0FDF1CB61
:10B24800EA0F28F507CA27F3FCF1DEF906F5FFEE49
:10B25800EDE5F907E81703DAEF22D60DFAEC26F147
:10B2680006E6FF31040802F604F7F7340E10290C3D
:10B27800262C1BE9051E1AFD0A161502F8050415E9
:10B288000228DD0A07FB12F5EA0CEAFCFE04F9D9EC
:10B298001315EE0AFB25D90E060CE22C12050CDE5E
:10B2A800CE19D72AEBE2FF03EBCEFBF6FC15F6F43A
:10B2B8000D033E0AD21015071C32F30CEC071B08CD
:10B2C800040B07040DFD12D30CFDF4FEE8FADA04B2
:10B2D800EFE7F5EA030FE6D8F1D2E2FAF6062AF527
:10B2E800DC30DD1314290605F419ECF5F412F10528
:10B2F800E4F315021017DF1B0F060311ECF4E72C1B
:10B3080004E50E0318F1E11D0DE9ACE020F9001089
:10B31800FC48F1F404EA0EE737EFEB06E4F7CEE970
:10B32800C4020235ED0E08EAF60AE303D82B1C0521
:10B3380006FCF3F208FD05F3F32920D805CB0DF43C
:10B34800F40405F901F9150AF9F2FCE9E6FD07FC30
:10B35800F804E4D818D4C9DF2217E7130BE10ADE92
:10B36800231AF11602FE08E3D0A824ECF8F7052307
:10B37800C723FAF91BCF2501E437F7F212E8E814DE
:10B3880027F00B13F8082007E503FE0C18F6DED3A8
:10B3980011053BF100E109FC1FDEC8E201E52A13B3
:10B3A800DFE4E4DCFBF5EBF324E9DDE8E1E4180590
:10B3B80026E9CA02F2F90409FF2027FCF619EBEE88
:10B3C8003321E60AF20004141C24ED14F9FFD5FA1F
:10B3D800EB11E1E6E5F41ADC0FDCE2FBEFE905E846
:10B3E8001213FDE41411E4E6EFE6D8F1DAFEEEFC00
:10B3F800E7FB18EFF1ED07E5D70FF40E000AE6F5C5
:10B40800070B152FFDFDE6272C0F1AE6FAEC2AFF8D
:10B41800F00EEEE61A2AFA18D4031102DDDA031840
:10B428001AF3EA0A010DF7E101F31702EC071AFF14
:10B43800EA1CDC920907E4110412C6080421FA097F
:10B448009710EAE8E8F10D1904FB41140B23F912EF
:10B4580033D5CBF92F15051524E6E9ECFF18132091
:10B46800EF16F5DD01EAF31F1109021C12E4EED80C
:10B47800F7D1EB31020B07F50D1513F5F3242BFF6C
:10B48800FAD90BF42A02EFED0F030503EE0FE8FCDF
:10B498000DE3140BDDE119F025E803FA04EA40D4C2
:10B4A800EC190C0B01C91FE413FA0CDF2DE310E5AE
:10B4B80000FDEE181AF7EF1E23F4D513E6F90EF285
:10B4C80013ECFD10C7F91ED53EF32CE70BEEE6E6AC
:10B4D8000F090CFB250C110210FCDDF0E4F92E2DF0
:10B4E800081AF8FEE024FDF6F60A05D918FDE7FF6C
:10B4F8000300EF0F0E0BE4DEFE29D4E4DA1C2A1356
:10B5080013F7152212031F0E0625EF1D00270D063F
:10B518002B1BFBF23403ECF1C803D00E14E0F1EA64
:10B52800D33E0BDBF30DFCD3FC0C15073320F7E5FA
:10B538000327F40E1BF5DAF8E22519F409FE1EEDCF
:10B5480017EDE91FFCF612ECFDFA1206F5E2070901
:10B55800EA0DF9F1F5E6FBFAEBF710E6F7FCF00374
:10B5680001E8F0FF041B15051319F7F8F9F205FCBB
:10B5780010081BF9F6050C1A030FFB09F207120253
:10B588000AF7EE07EAFB130BF2F4F50811FD0900C0
:10B598000B0EE611FE0A15031AF8FBFC0B1404192E
:10B5A80006E713E61EE92FE5F5D612DED9FBF823E8
:10B5B80021160F11F825E90505E3FBF334082CE7FC
:10B5C8001B15FEF6E9DD0AFD30E002EE14F7C81897
:10B5D800EA131AE3FB11020F2A351BDAE5FC0FED1B
:10B5E800EC0112DC2FF01CFBE905F2DB11FE1BF865
:10B5F800F439EFFB07270711CD1FC72A2621E6F7E5
:10B6080007FB2EE9081CEC0F98FC18B03D0DC02371
:10B61800A207F0F81493061AEA350400E61209386E
:10B6280002FC44E6FC06D80FE0E7F12A02C602F95C
:10B638001DDCFE020420E40101FCEA0CDD0910DE39
:10B64800EFE1FFB3D818E2071105DFFFD7EFF7E8FE
:10B6580003EB0309FF040C0F021FFC10052E18DF73
:10B66800EF0411F7F70F03221F001E121C1D02E33F
:10B67800130C1918EF111ADD0FE2D0EBF60AE324C8
:10B6880005212AEE00E6F208FBFD08191506E8DB9D
:10B69800F4E3F4EF01E9FE0CE3ED0F3DDAEF55FCBE
:10B6A800F8F5242CC71E01E86C15F4EFD5D727FF51
:10B6B8001EA50F2EAD3E190C12F90DF60D3BECD55B
:10B6C800170447D615D2020742010124DAE332EB08
:10B6D8001810EC0CA4E4D6250DE10FF7F21743334C
:10B6E800CEEAEE08EC080838F7040535E8ECEAFB82
:10B6F8000308E805EBF9E8EB08EFF301F3E4F60CCF
:10B70800F10E1507F8F202F50605060CEE0DEBF939
:10B71800F1130903F7F8F214F3EAF501FA06FB014D
:10B728001304ED1712F419F1070E191012E70AF5B0
:10B73800EDF008FA140FF10AF4F6F6E6E9F8E3FD7D
:10B74800E1FF03D9E216D5FC2E0FEF19E508E20652
:10B75800030DF5063200FD26DA1B32FC28EA0A0240
:10B76800FE2909F837FCFA23CD06E1F8132209FB74
:10B7780001E019F6FE07E6EAEE1BF02005DFD8C95E
:10B7880025051BEEEEDE05FA18EEEB0F01F31EF4AD
:10B79800E7F8E718FD18FB191AF8170D09F4210244
:10B7A80016FDEEECF8E3F7FDE8F7261319FEF205AF
:10B7B800E2FCECF2210CFC15F5F9EAEA0EE61DF9BB
:10B7C800F60A08D61DE1EAFF0AF016E7180A0CE0A7
:10B7D8001928FD09FB19F804E51BFDF7E50218E532
:10B7E800F2FFE0F9F4042E1AD9FAF7F2ED0D0AFF88
:10B7F800DDEA46FEFBEF3C06F008F52A510310058A
:10B80800242AFB15D7CB3ADF530015C9FB3FE92D96
:10B8180004B50C06FEFDEFDE0BD7C216DCEB3002DA
:10B828003332F6E51D3501ECF6FADE02E215F9E5EC
:10B8380041FF4F0F1A03002F00FA3B01F3010CF8E8
:10B8480004F7E1070BEFF00D18EEEBFB050FFFE92E
:10B85800FB1C14EA0AF406FA0B061709F1F912F1AF
:10B868001C011BEE02130D13E8F0EA080E11F3EEAB
:10B87800F9F0F011060A16001704FE111AEAF80288
:10B88800EFF2F2E8FAE609FF02EF07E1ED00100433
:10B89800DD22EC0E1009060AB00126ED2BF4E314A4
:10B8A800DC0DCA001200F701DF0505FA0B2CE7EDE5
:10B8B800FC06311205D801FA080BF10E08EDFD025D
:10B8C800FAE60EE30AF0EAEDDDFEE3FBFB151A0CDF
:10B8D800DD17FDF1F023DF1204E6FFF8F1F500DFD4
:10B8E8000103FA00E4FF1430E121EBDD0F29F82809
:10B8F800D924E4F4E047E4CCF70AE5EDE205F6E004
:10B908000706FE2FC9F703DF08CFCE41E6EB11F992
:10B91800EC31F710E2DAFFE6E712FFFFEE2800FE4F
:10B92800F3130BED13F9C6E70004132B0312F2DD32
:10B938000D01F530E5E24A041B06EB033CCD03FD9F
:10B94800EC2011293206E52620CF161B091B071CFF
:10B9580009DBE4152D1DEF32F61E1511011EFB0C37
:10B9680037E226D7D817E3D4142621E32FEC26E6AE
:10B9780005DCFCF1F6EE0C1603EBE0FE12121A07DA
:10B98800D30637EFFFE0F8EAFC0808E8FAD0E90B3D
:10B99800E3FB19EDD8FD1017E8FEF8DC2B0DE017D6
:10B9A8002AF623E308CDF918E1FE2627FAF634E152
:10B9B8003226F5E0F2FFF7DC1BBFF93240B5BF4194
:10B9C800D5EE0B05E8FCF928C50DE0A81F1A140BE5
:10B9D800E00AFE08EA0AD0DEE2F91035EFE60BF1DC
:10B9E80001E112FA10D7F702FCF1230B14C5072462
:10B9F8001B0A2307F71E190FFA01F8E9142E17245A
:10BA08000921EC15E7F41EEC081E1BED0713E7F2FD
:10BA180018E2FF0617F228F8E302F6EE0CF7FFF13A
:10BA28001A1CFBFD0CFE230DEA0DF30D02EAF106CC
:10BA3800F3EB080BEAFD0BFBFD05F6E71E05080214
:10BA4800EDFBE7FF130AFEEE1A0AF3050411EAFFFD
:10BA5800F9F5EF1A1F0720F51B0E0110F20615FE67
:10BA6800140010FB160510FFEF11E718FC07E60F8E
:10BA78000BEA171CF71E0A1AFE1214F3F80C110A27
:10BA880008170DF1F60DED04EC01E4E10FDA09E613
:10BA980016C80EEF0AD0E91E030DFB2C06042C096C
:10BAA80028ED1818EF07F9DF1F1618FE041A25E706
:10BAB800090713EAFBFDFCE4EBF2E9F712120F1297
:10BAC800FB0F0724EC0705F100F52D070C1A2908D0
:10BAD800D2F9FF120D04F708F8FB042602E2F99CDC
:10BAE800FD20DA0100DF37E5F8E52C67E6FFEBF823
:10BAF80002E00044010030FE16FDF9F8F632232179
:10BB0800070A16ED032708F5DB3FFC16F9FCD2FC03
:10BB180014F7E8ECE2FB051A1DEEE2250239E9F01C
:10BB280006EEFDF0FFFC1505E2F4BE25F110D8EC99
:10BB38001606FE2710D81510D5F6020814E3CFEF25
:10BB48001EFEF8FE053B200AE2F8F0DA1C16CE1FAE
:10BB580019E2D319E320F6190A01F5F8F9EF1603EB
:10BB6800DDF010FFFBF5170506E4F5D9F9F708FB3A
:10BB78000CDC0FFDF309E015DBF5FB08F2DF2CD533
:10BB8800EAEB21CAEF360A2F0400B6F9DA300A02C6
:10BB9800D0FE5CE7F53ECDC4FAB30B19082A03F2D0
:10BBA800AE1B3D51CCF51608E8A2F7F815FBFDEEE3
:10BBB80034F3123C41E6D3E70E0C2603231E09D0CA
:10BBC8000015F2C3E626ADEF0DB416263CFEF9F5D6
:10BBD800F2F91917010041DDE6EE19120BF9061109
:10BBE800F10C0E07FD010BF013E9120A0A14EAFF23
:10BBF8000FECFC1B050608F504F2080D08FB05F917
:10BC0800E70CE61916F8EA01FEE7E403FB0E11F269
:10BC1800000CFCF8F1F813E5FDFB1AF4041511F714
:10BC2800080E0C130FE604F6F31915F503E91004D2
:10BC38000F1CE2EFF3FC1113120BE9FDDD160B07E5
:10BC48001E262B1BCA0511C12C02F2EF1BF803F8A4
:10BC58002EFCEA200405CCFCFEFEEA0FE5F50DE615
:10BC680008E8C01407EB07FA101920DD1C24E4FDCE
:10BC7800FEFFD01316DDFBE7D9F9130DF2E7240414
:10BC8800FAE9E320F3E20CF21BC205480C191ED7AF
:10BC9800EE3200FA291F3FD71816EB1E16EEE92CD4
:10BCA80005F4F9E113E0D545D9F2DFFB0913DBFB15
:10BCB800010BF1FDCEF5070317120BEB043F00CA89
:10BCC8001C0409F10200E813F511260A1FFA2D29B0
:10BCD800FFE73E0ACD07EC19DEF81108E8DF1D136F
:10BCE800F4051FE4F503D7FB2DED2A160C23CA191A
:10BCF800FA340ABB0FFC11D4FD25CB23E8C5F400A8
:10BD08000703F9FF23E2F52EDAF4170BFB1AEB20F1
:10BD18000B1B33F5FC11110EFD12EDF122F419067F
:10BD2800B80B1000F4DD3A00DAF5EB1F16F7D6ED84
:10BD3800CBEFF9230CE51F28210FF127FD0631FB76
:10BD4800D40B0B0D1121F7160600F3021AF905F9A9
:10BD5800EE11F20312F3EE2814E6FEF0ECF807F603
:10BD680019EFE41A0FEE1511F708F20EF9F109228E
:10BD780011DDFBE6E8100FF10E05FCC80C0412E714
:10BD88000A19DD090FEF25050A00F628F508FF1244
:10BD98000523280EC612E7C31D02FD1D2A1EE50055
:10BDA80014F80D1BE304E1FA012DE8E503FBF7D6CF
:10BDB800EDEFE6E6F3F3F4E909150602042DE3EDE9
:10BDC800FFE1050DFAE20E07EFF30E0700E92EF288
:10BDD800F100E31505080E0DF5E9FEEE14FF07E284
:10BDE800E8FAEA0A28091707B404FBCB0BF4001198
:10BDF800E2FC260622C413E3F91CD1ED1DFBFD0D60
:10BE0800FBE8EAF8150CC4FFDCFAEB0909ED10C5EC
:10BE1800ED0315EAFCF6F0FC16E8C6F5E7E71C1496
:10BE280008011606D0FE0025CD0B0BE5EFE432081D
:10BE3800D1EDDBF81333DC1B09F32AED3F22FA3589
:10BE4800DF0830052DD826EC321BD40ED4D1FD0CDA
:10BE580034F206EFFEC7E512EEF2170A1224FF3A93
:10BE6800FE110CF1F309FA15EE18101417E904E4A1
:10BE7800EA01FD2403EB171DF721011BFA1617062B
:10BE88001FCB1BC509E91E212223C701E4BF090DE9
:10BE9800F8060718B41411EAD8022046C5C517AF2A
:10BEA800EE1A02ED4DCDF71024F8EAF9231C1CEE2A
:10BEB8000226E9D7D51BF406F70B0517E6F628087E
:10BEC8001106DB0F1500BC16FAE7EE43110FFC0153
:10BED80012080703F6F0E80D08FE0D140DF900022C
:10BEE800080E00F1F5E2FEFA0D1A021C07F0F4F64E
:10BEF80018E9040C07050B110CF008110F0208F3E0
:10BF0800EFF0EF19130AF5F2E8FBECEDE30DEDFDA8
:10BF1800F7FF0B0D0FF8F0E800F0ECF8EE17F0164D
:10BF2800FE1BF20001CD1B00170113CB20D0021716
:10BF3800DCDF0627031B130BF3E8FB2AED03F0E312
:10BF4800270D2F1305150FD20806FBE5FBE0E9EED8
:10BF5800FF20F1F91DED220E0300E529F4192C0646
:10BF6800E6012A090E06ECDB1506E5F4EFFFF1C43D
:10BF78000E0BE812F0F9EA130B07FDF91114FFFF95
:10BF88001013E00B081E1CD2E3250D1F1A14F6EE41
:10BF9800022D153A251E0EF2DBFBE32D2608FE13B3
:10BFA800F401E211141416FDF6F4120837EA01B38D
:10BFB8000612F8F4F82BBE01E9100C08C9E71AF6C6
:10BFC8001AECEF24FDFD250DF5E1E4EA2EEC28E856
:10BFD800DBF80E061CE9D309F5E337FF2826161B04
:10BFE800E9E9F4FF2224BA0C1C0C06EF13FD2BFD23
:10BFF8001F05EFDED9161118030EF4E500F60A0B3B
:10C0080005E8F2170815050025F503E4F116F8D838
:10C01800D3DF23EEE500F5D0ED0AF20AF4D914FDDA
:10C0280014B33CED04EA0E09FAC9050F18DDF9311D
:10C0380000F72900EEC7FA10EC1AE81A1C22FD12C4
:10C04800392E31D8070527E10CDEFEFA0CC9EE259A
:10C05800170908F2F6D10F19F8EC0B01163C060B7C
:10C06800FD090DEDC1E50C0CF4F6F503FAEB061E1F
:10C07800F31CE6EF36DEC3F6DED4F50F1CC71E0947
:10C088001AE711F90215FA05F5E515FF10F703F996
:10C09800E0001B26E8FD27ED0A1516F60A1B0E0B15
:10C0A800FC3625F810F104FCE1F3070102C8ED3372
:10C0B800EA11EDE8FAFD120EFA0CF0FB060DF11E7E
:10C0C800150A10F6DB0CEEF9F31702F3D10713EBA0
:10C0D800E6162D092118E0F1FAF10F11ECE1FBF851
:10C0E800EC1D0E08E3172D0B020915F7FF1F13FFB0
:10C0F8001CF4F92621FEE8E6FCE9EB00E3F90AFD69
:10C1080013F7101B15F625F0F4061E000CF8F707B8
:10C11800E6E0091CFF13EC02FB120C0C27E80BEEFF
:10C128003014EA0113F314EA22CD2A39EF05181363
:10C1380004D2E01C0DF604F3F6F9FC0FF2091D0217
:10C148000CFE25E3E9E913CAE4FF12FA1F102CF0EC
:10C1580017F30BE813E8EA10F50014DDE8F531D021
:10C16800EF0E2802180301E9F3FF081902F9F40792
:10C17800F90B101301F5F91F090CEDF5F8EFF4F0C0
:10C188000CE7F0EF10E0E7F5E321FD06111E0D0EB8
:10C1980000F6020EECFE1BF216EC06141F01F9F66F
:10C1A800F90A010009F80A091106E9EA11FE010471
:10C1B800F815F711FE15FCEB06F4E5F8F0F7F40CAA
:10C1C8000DF6FC33E2D6140AD1021F16F0CDFDCFCE
:10C1D8002817EB2308120DE11A19DA02E53B0C17B0
:10C1E8002FCA03E9EA16B7FB01DA10DE2BE915DDE1
:10C1F80007B5CEEBCEFA32F206040CF3E93E24EC96
:10C20800E700DFED0C1EFDFF18E31502D0F01AF76A
:10C21800E9095BF509F7F9FB13FCCE15F7E1010A0B
:10C22800FFD4FFF1D7FFFD113E0500F83BFC164E89
:10C2380002DA00BE0201F2D90BE613DED82100E5CE
:10C24800F611FFE1ED1D040F0FF90EEFFD08F633AF
:10C2580038FA0309160531FB09DA0BEB1EDE24FF59
:10C26800F21201D8EFFCE0EB130CFC06F0F6FFF13C
:10C27800EFEBF4F70515E6F8ED0C0B1716F0E505EE
:10C288000EF41109F7010F0DF10D11030208001644
:10C29800151506090E000EF2E0FBF80B03F1F21A71
:10C2A800FEF804E6F91EEC031FEF000BEBEEEC1AA8
:10C2B800FD04F2F1061712FDF8F502EDE8FCED17A2
:10C2C800E0F81AFAFFECF01DE1F0FCFD16F7F013A8
:10C2D800201B16EA0DFA1A0FE015E20D10EC1D00EE
:10C2E80001FE200FFFF023D729D9FF1C0EECF6F52D
:10C2F800010817E91029DE05F02CF5CF080A2416E5
:10C30800FD1506FB19F3EEE90304FDDDFBF6F1303C
:10C31800E81511021B18B4E004D7D71F211306240F
:10C32800F30AECF2ED26F2F3F42426F42D03E9E403
:10C33800E308E11317D01904FF14E6EE03151515E9
:10C34800D80814D804DDB90110EEDAF2F6F2D518DF
:10C35800EFF4E9E70707E6F9DEFBF5EBEFE31B0689
:10C36800E7FB18F8EBFAEEEDEA1307F80C0AF3E628
:10C3780007E716F5F7F9180C120D0913EB06FDF986
:10C38800130FFE11F9EFF0F2E9E7EE0313160A00B6
:10C39800090001F711F0EEFC16F5FBFCF0E9F117C6
:10C3A800E415E908FE00EB100F14EDE3EBF6FEECE4
:10C3B8000016F1060004FA1FDDDBE40F20D24DED74
:10C3C800171DF81B06FADFFE13C6E221002010DD58
:10C3D800C2D8FA04DAEFD5FC0C0B1F0FF2F72FCCFA
:10C3E800131C16F511D215FBF3F80D1223FF0103E8
:10C3F800EFD50B40EFE923CDEC0813ED08EF090C5E
:10C40800FFFFB10A08E0FFE6F4FDE5F1FFF1E8E817
:10C4180015EA04EF05F7FC0BF1EC171B05FA01FD13
:10C42800F8FD24070400030F1FF012EE0A07F9F2C3
:10C4380001E1FB01E7F0DA0BFB1C09040B02FFF337
:10C44800FBE8E4E81305EA100400FD0AFE1C05F009
:10C458001003F0120FF1DFF0FA00FFE5EB0BF8EF35
:10C46800D9E5F5F5CF1EFBF73408F027DE18DC27F1
:10C478001B14D60D0C05FE08BA0215E52FFFE7FBC5
:10C48800C30FDEFD0EFD0309CC30F7F9051FEAF5F1
:10C49800D9E31DDAF8DAE1F7C129EA151027ECDC4F
:10C4A8001CFD2D02E218F02002E6A2F9F6F9DF03DE
:10C4B800EEF7FC23170BE6090B0B15F9E70D160F22
:10C4C80001F603EDFFE31517F70E070DF80DEEF172
:10C4D800F3E51618F3EC1BF701F8F715F711170336
:10C4E800F3001A1101F50C0BFDFE01E7FF04F2132E
:10C4F800F1EFE9E8EBF705F1F3F212E7ED0C17F4C9
:10C50800EB0F09020B0EF50216ECFC05000A05F00C
:10C5180011EF0515EF05FF0EF2FFFD0002171AFFD8
:10C52800EA06F60EEEEC1203EC0EF91513FFF3F41F
:10C53800150C12EB16FAE600F6FBE906EB080C09F7
:10C54800EBF3F915EE05FEED061B0CEB15ED1207E6
:10C55800F10CF5FAFCF9EBF41501F606ECE213FC24
:10C56800DD1812ECE71A23F6E014DD1D0B240CFF8E
:10C578001FF11DFDDA23D9F5222101CF07FC1EE5A5
:10C58800160BF000F4ECE9DDF62B16061CE2F118A8
:10C59800D8EEDBE8CD2AF3F50829FA06F8F61111EA
:10C5A800F512F6EBFAFFF20EFC0005E911F920F29C
:10C5B800F818EFF8F90C131902FFF518E8FF091A33
:10C5C800FBF315F713F911FDF3E8F4FF070BFE1A57
:10C5D800FDF1FB07F7090101EBF4F7000802FE0B78
:10C5E8000918FFFB0EF40AF8F5EAF8F3EF09FCFF67
:10C5F800EE1A15F9F0EB19F8EEFFFBE812FA0F1036
:10C60800F907EC0B0EF3EFF91D1507E9E4DDFAFF66
:10C618000AFFE0F1E401F7240C200CF20A23E613E8
:10C628000825FDE01EFF1D07EB23FA1723FF060E62
:10C63800F626FC090F030314100514091DF802124D
:10C64800161E3009171416EE0718011520E225E901
:10C65800E3FBFFEA08DD19E101FDF2FF0EE7E1EE79
:10C6680004DCEBE104EDFC1409F4F9E80E0B1B16ED
:10C67800F2131FF306F2F7ECF20803221011F8EC9C
:10C68800190B13FC0404E6EF0D2C1A010601F6FB46
:10C698000A19FA13FAFC0E04E7F9F1F800F41E126D
:10C6A80008F9E4FEF6FE03E70BF30B070805F9F2B9
:10C6B800DAF603E0033BE80FE4202EF5F25A36D30E
:10C6C8002ADBEBF2D0D427D1F2DD3663B718E6CEF9
:10C6D800229AE936E80FF9020DD3FA1C1FDF020E81
:10C6E800B7FEF2DFF71EE322E0FDDFB51BE51426F7
:10C6F800EFDF2721240DD90AF9FE352E10F829EF8E
:10C7080002180C010DEFF9EC1A1918FB02ED1E00C6
:10C71800001114171208EC1DEF0F19F0FEFE0CFCA7
:10C72800211301E9FFF5FFE9150417F5F2FA1705DA
:10C73800FEF40EF808071E18FFF114F211E80E0AAD
:10C7480004E8121A05F21CFA06E8F2F919030510B2
:10C75800EB12F7E6F2F609F50D0917EDD8D52BF02F
:10C76800FBF41400F61D1ED7FAE9FF20EA2018078B
:10C778001FF80BD71A01F4FCFFF910EAEC0D1D0F96
:10C788000F21F4DF13E5DBF0DFF83300F224F9DFE3
:10C79800F720F6150FF607E7FC2B0CE7D4F2140286
:10C7A8000706C1F30E04102D100E03E801F4C012A1
:10C7B8000BFDECF3FADC36151B231605EFFE02031E
:10C7C800F2F401E20D090AFBFA15FAF50203112148
:10C7D800FD2017E80EFB0E260923060B09D319F8CE
:10C7E8001D17033711D1CDF2100B1AF414F63810B7
:10C7F80006E50D03170E09220D0F1CEFEBD6FFDA25
:10C80800F60C11ECEE0B3210FCDCF50A2C1722E8C2
:10C81800E9032A1716051CFE2C310B0BF417EB192C
:10C82800E50913F9000520F8F5170DDE1CFAECF6FA
:10C83800DEF635FB06FE00CCFBF4DFE92AF1DEFE6E
:10C84800ED14FF02AF00220E1D0BE727FF090E0BA8
:10C858000C36F12C0F0541FDF53A19E7F2F223F9F0
:10C86800F0F1E7D5B7EEE81DCDEE06D1EE3432484B
:10C87800BAD4021EF1AAFEE0440227FC26FCEAEB29
:10C888002AF7270327EBCA07E421E6F3ECFB1A0390
:10C89800CB0CFFF1F0E70F13E4FECEF7F608052AFC
:10C8A800E1DB3212F5FAF5F90E18F519F10B0CF770
:10C8B800F91600F004F5F5F61D0FF716E9060A0D4E
:10C8C800FD12071100EFF607F0F7F5170214F6EA64
:10C8D800E1F419F3110912E6050CFA130301E60E47
:10C8E800131D09F315F2F3F5060EE31C0B090903F2
:10C8F80003E7FBF117F3F610F626EFEDECFACFFBA2
:10C90800F305010308C91C24EC0EF5D8E7E9041067
:10C9180017F728000FFC0C03DA1807F300F128E2D8
:10C92800F335F4E10313031CFA1DFCD209EDF010F2
:10C938000B0502F9EFE3EF1710F20CEA12FE2F0ACB
:10C948000EF70CDDFB01EDF5E9F2091708110C08EB
:10C958000804EBEFFD0CF2FDE5170A10F2ECEBF41E
:10C96800EA01E6F1EA040700FEEA110C000F1BE8F1
:10C97800FFEFFAFEEFF0F00FEEF30CF4F31907FBFC
:10C98800FDEEF9F7EFF10EEFF8F1F30BED190412E4
:10C99800FEF6FCE3FA09101402F9EDED11EAFA18B3
:10C9A800D8F70B00FE0DFFFC1FE3000814EADDF3C7
:10C9B8000AE7FF121D27F8F0F9FB1B241EFCDDF423
:10C9C8001902FE11161D0AFEED2DFCE30514FA01ED
:10C9D80005200304100409E510140E070106F6EA01
:10C9E8000CE405E3F1F1E5E80F06DB0CF8E318DCED
:10C9F8000C04EE0C182DE7F720FCE50D19BDD6FA4E
:10CA080039D9F1FAE8D5DF03FC2E1CDB20F30F122D
:10CA180009EC11DE0919FE05FFF627F83105EAF1E0
:10CA2800E9E503080A2C29F620EFDFEC36D9FE0ADF
:10CA380015D60228F0EB0815F0FB1D0DD80224F7D7
:10CA48002A0E05E0FAEB1B170507E900E2070103C8
:10CA5800B6FB1CDF28E1E2FAE8F6E8162022F61A0F
:10CA6800FB24FEE11C15FFF30001FA03001D0BFC7B
:10CA7800ECF3DD051711F208DCE605E0EA00090928
:10CA8800FAE60B1009123A13FAF5F7050204D3ED8A
:10CA9800EDE701F7C5FCEEF0E7051EF2F60BFE0325
:10CAA8001501DA04F5FE1CD9DF08302CF818FCD380
:10CAB800E1E3F0220E0B06160C262C2AEC2112FFBD
:10CAC800D305191520291901F20B0311040D21E2D0
:10CAD80000070EE21EF4FFD214EFE2F80B18D40F91
:10CAE800DFFAFD21DCEE25FE10EB1402E308E8F284
:10CAF800F42AFB19F006C706F203FAF01DE011EA62
:10CB08001107EAEF1D27E603080820DDFAFDE4ED2A
:10CB1800D9E7160BFCC91905FB190EF2F6FEF1163A
:10CB2800F7162DF70CE0FB0D0BDC0B1718DA1104C8
:10CB380011DC1C0700E209151E05D2E70DE5240BE0
:10CB480002F4DDC6E1220209FE140F0FE5E238FC0B
:10CB5800E6F7FC1EFAF2CDE1E5FAF71717FBECF65B
:10CB68000D381DEE2CF03519EB1F00E21CEF260DD9
:10CB78001328E61119F9FC141EDC1E1216FAFCCF54
:10CB880017033622E20BD5F60D1F1911F5110C0CFF
:10CB9800EEFAC701F400F0ECF628FEF8DA1602E81F
:10CBA800C9ECFF00EAD323FCE5FA00D6F2F7D12856
:10CBB800220A200714F8F2DDB5DAE4FFDCCE0FF222
:10CBC8000F26200A1032FE3302F722CA03F210128F
:10CBD800EC27FD031C0D152022E52001F30BE213C1
:10CBE80005F0DDDC17110B070FE8FAEFED1B10F26B
:10CBF800130E18080D05FA0AF0F9EAE8E2F4F40A47
:10CC0800EE10DC00F9FA121AE9F21E02F7E1F7F564
:10CC180015030109E8101B1AECF3F5FBEEFFFAEE19
:10CC28000A0B0BF00C1E09000F1B0F0B0CEC0AEC87
:10CC38000CEDEC06E40A1D001904E403F91319FECF
:10CC4800FB10F6100B0D050BC0DEFDE4EFF10FFD38
:10CC5800E4080DE909190B0907F60EF9F817D317B7
:10CC6800D60C37062FCC04DE302809F81CE6EA2C4F
:10CC78003501F6EFF8FA040EE9D8E43615FB11DCB5
:10CC88001712F80EE3F4D00A27EABCF200E6FCD843
:10CC98000816EAC3EA0814F4F3EBF208F1F4F2EC2C
:10CCA800FCDDFE27F4F7FFF80214F3F9C7072FDBC2
:10CCB80006F7D3F6CB2C150C2EF630FE053610F3FE
:10CCC800F618E90F0308FADA1CEFDE05CD10E618AE
:10CCD800EED706F61F020CF9F5EA11090EF2C50D9A
:10CCE80007E5191400EDE9CBF71F111BEE14E0E47A
:10CCF800181623F8E8FE0FEC051FCCE6FCEEE2FB65
:10CD08001727E5F0F7191AEC20D511F0D523E62DF1
:10CD180018DBE814F904F416FEF8EB10EBF80FE64C
:10CD28003E2C0ACE150C0F16F505C3EFF51D13FCA6
:10CD3800ECFEF9EE16EC0E130F0D3EF9FA2BE2118C
:10CD480008FFFAFDF3C4EE0D0EE7E6DBF202D301AD
:10CD58002614F91C03FCF7110101D50318F91FFD6E
:10CD680014E01C0800EFE60F21EB15F8FA04120492
:10CD7800ECF4040EEF15F9FB0E26260BDD0F15EA71
:10CD8800E00CE31122F9D204CFFD1AFEE7E213FB0F
:10CD980012EAF8ED0EF70C0F11E7FB1406E9151A65
:10CDA80020000B09E4E5EFE8E9EE11DFFAFDFDF5F7
:10CDB800090F0B0215F00CE6FAF0FAFE15F7FE0360
:10CDC80003F5EF060F00EB0F0E1A16F5031B07DA33
:10CDD800000613061A00000B1AFCFAFE090F020ED1
:10CDE800E6F4E900F41AF1100304FF0BE2CB2C037C
:10CDF80017E10520F8ECC109F103DCF213E7E3229F
:10CE0800032BFBE71BDF0A24B3FE0FE027072CF3F5
:10CE1800F1FFDEDD1505F1ED2DFC23DD0B1003C25E
:10CE2800D5011931E802EA07EF1AF809CF041CE224
:10CE380028ECF8E81200F11AEC15F11201F7E70DE9
:10CE4800EFF006F8F614160318FE181A14EEEBEABB
:10CE580011EB0610EBF70D1214F8F318F309EDF4C3
:10CE6800FF13FA0108EF0AF80817FDF41A14F7FC83
:10CE78001602110BFBFD0E10E9F7F514E9F316ED98
:10CE88000D01FDF1000602EAF306020B011003078B
:10CE9800EF0133EF13EB160602EFEBEF15DEDB19AC
:10CEA800DA230B11FFD91D28F31D03F1E2E6100167
:10CEB800C4E2F7D43C1823D91D0217EFFF33FC0650
:10CEC800270B22EC06190B06EA1D082716032ADE93
:10CED800FB2E0FFBE905E8F419EA0EF213EF0B1B22
:10CEE800FDF3FD17F02622F6F7D529E5FBF306E258
:10CEF800CAFBDF0E3AFDEC043D1BDD40F0EB28DEFB
:10CF080036CC2AE5E618EE2121C513040013F9EC06
:10CF180001F1F1F3E5FA2BE2251B03E60E1225F4E5
:10CF2800D3F31CF8EC2A18DE18E223E5D7E8F1EC75
:10CF380003E12B1806DEEFD9EF2212F8D6D232D051
:10CF4800FDF211260318040211091D312709131CCB
:10CF5800F6E7FDD0FE1D30F3101507E6DBED0B07F5
:10CF6800021211050BDBD5E7F7EA2101E8F60BFD04
:10CF78002215241F0D1602E1052AD80912E81EF40D
:10CF88000CDEF6F2E50ACA1EF80DFD27BCD1140B1B
:10CF98003404C0DCB9D6CEED2229E7C80CF3EFFF84
:10CFA80018DF42FCCE2BE13EEAFB20DC082C1337CD
:10CFB80026271CD908CDE5441AF23804F5130E0EBD
:10CFC80008E20B20C0EEE79E2DE80F0212D82F32A0
:10CFD80039EDC4EDFCFD27F7F6E4E057E037E91D2D
:10CFE800E229F0FFEBEAEFC32918E61C0440E8B594
:10CFF800EBBB160AC0470C9FF35E09D3F7FA166617
:10D008000DE921EBE80DD6F631F50B212AFF100CBE
:10D01800F5E7C002B0F507C1E9011F14C942B4E839
:10D02800E6E52A41D5F59DE9CC0FF807020D0F4E2C
:10D038001813E9390ADD65EF3CEB1FFF03EEF5E154
:10D0480010E8E311FD3002FC0905F31FDA02BBF911
:10D05800FFDC022BCC0919E2320C2EF7170CECEA94
:10D06800080CFF071A02FC0E05E5E820CD2434E180
:10D07800D714F7F7032F0BEDDFEAE7F3EBDF10F434
:10D08800EBF70FF5EEE60EFBF7FD08E814F223EBDD
:10D0980002120BFB0BFCF30EF9E0E5F70007060D97
:10D0A800FE18FAECF217F31CFC0C0AFFFA0712112F
:10D0B8000EFDF90012E6E6FB0419F7F00EF206EF92
:10D0C800FB1CF30A130AE6E816ED0E22E905EAF05E
:10D0D800EDEA12FD0AF0090F1B1FF80E16DA01D24D
:10D0E800EFF8F701FBEDEFE519FD05011126DBF17E
:10D0F8001805DF0DE70BE91DD8B8FBF5EDD304EDF6
:10D10800370703D42AE3E404073928F7070A08CFC6
:10D118001DED0A08FD151012D0F5FEF4E4F3E6142F
:10D1280032F4EBE3EDFB07D9DCDF1ED8040213EA87
:10D13800DBF00500EC0224180C19F7FDE10512F2EA
:10D14800FC10EAE8FCFC05021FF72224F5EAF30AC2
:10D15800F6F2090500F3F6E80F1AF0E3F2E8121701
:10D16800080E12FBF0FCF50B0909FB1C0BF8211546
:10D178000E000111ED13140BFBEC041BF1F3F7FF88
:10D18800FB17FD33F60AF3FC3BD3D1FBF3CBF5FADF
:10D19800F435E9F60C26EDE81D1C12F704F316B673
:10D1A8000AEBEFE2DDD0E01AD4F901DC2F00011917
:10D1B800DD202AFA02E8F3FD2237E7221A160CEDE1
:10D1C800F8D31F0504FBDB1727E9E8EBF2EDF3E9D9
:10D1D800F205061604E10DE9070AE5EF2B0813022C
:10D1E8000FFDF120E5EB370E1C070822EEFCE710D7
:10D1F80017E91AF3F810DAFBEC23200AF4FA18E41A
:10D20800E31714F9CE070A06FFF6FBFB1705ED2610
:10D218001EF5090B2FEF3104F7EB08CEF40838FFA1
:10D22800DE05FB1CFB0DE9F7F8F7EAED19DAFF0458
:10D23800FE110A30140AFD251ECF06DBDB09F82390
:10D2480005C71915173EE2FDE8091113CF21000C97
:10D25800181714F0AD2AE8D20DE907FC0DED3BE5EF
:10D268000BFD06D9E9ECFD162DFADFE6093EFCE0D8
:10D27800AB082F08FCEDE21601DE12EBEF160FE803
:10D28800F627C9F148E80AF125150616E5FFFA065A
:10D298001841DC051D0E0320300BF6B927FF0BE4FF
:10D2A800E31B0A030A25DAEDCB1AE21FF93C3ADE42
:10D2B800F8DCE30B3ECEFFF401DB302214EF17E974
:10D2C800EF0DBFF52F002302DEFBFEE5F903DDFBC2
:10D2D800E64CECE130120DFBC1A03981E3E93C14C6
:10D2E80024FAC7F2DAACD82832E51720C2FD34D9BF
:10D2F8001B2F6440130836AA0912510D1806121A7A
:10D30800553603F4FCE53A02FCDB022AFECCEB3886
:10D31800CC0F00E7E8FE310134FE4EF8BF06C60E1A
:10D328000B07D0FDD9FCEF0EF32725032912F13C9A
:10D33800FBFF20F4250ECF20FB06FAFBDBD71027D6
:10D34800ED020D07FA0405F8180DF81A0CF213D0BF
:10D3580020DD09FD12F3142702F9CAE5F920032498
:10D36800ED0EEAC8F6EE2AF411EAFF152EEB9EF14F
:10D3780003EC1E1705080F19FCF0F40E18A7370E5A
:10D388000D081AE93BD6E3EDE40E17121F182AF52B
:10D39800FBEEE5F8D009E6F003FF320631FD1CD9B3
:10D3A8001DFA07F3F2E9E6D91AD8EEED14021D11B9
:10D3B800EEE6F223EA1943DCF3380D02E50807D25A
:10D3C800FAFDF502F01AFBEAE310FF08E012140870
:10D3D8001CEBE6FEF0DF0BD127D5FC06E507DEF8EF
:10D3E80021180D16D62BEFB4EAE41F071B16EDFC27
:10D3F8002F092E1DE00AEC0FFF0112FB0C01100F84
:10D408000A08F7E5F5F9EC2704D30CDE0B38FD091B
:10D41800E5AA1FEA1BE7FBF0E3E011FBF1FA17DED0
:10D4280012E9E91BEE1712EA15171614EE08FFEEBB
:10D43800070BF6EC01F8FCF6EBF7F60E1404F8020D
:10D44800E914EC12020809EC15F2F0E90FFBFCEF05
:10D458000005F21AF41704E8FF12FC0FE8FDFC14AB
:10D46800031C0016E60AF4F616F917F200E805F2AE
:10D478000708030C10FF1713E3EA190C081717F62F
:10D4880006E7FC1FFB0AE80A06FDE9E9121CFE0C88
:10D49800F7070D12FDE70B000AF5F814EA04FA186D
:10D4A800EDF41408F1EDF50202EA0115F11906F29E
:10D4B800EEFE0700F9FC00F406F1E90305190D1565
:10D4C8001405F7EF0AF71AF7FA1411F7EC292EF9F1
:10D4D800292B21FDCE2435F21D1D06D6D4DFDAFE18
:10D4E80021F52A2523053B09EFEBFFDBD625E2FBD7
:10D4F8000EEE00F5EA250A06FF16FEEEEF0E1AE517
:10D50800242E0B09DC0FEF0218C81F0CEC271F1183
:10D51800D4EF1CFF35F5DC0D0B080A09E8EBFE110A
:10D528000A150EEA09E4231515EDCF0108F0E41CED
:10D53800EB0321FF2912F411FA1B07E41B06EC0682
:10D54800E81ED823040D1BE5FC20F9F5F407F205C5
:10D558000CF708071E13DCFE0E142FF9020B10FD42
:10D56800F01AE40309F220DEE0EB13091303291192
:10D57800FD0CF4ED1206EFFD33D8E024F6EF151597
:10D58800FD0D0F32170A29EDE7E32FF608E1F0F653
:10D59800FC10081EF5D32C18DA2416E229D4091633
:10D5A800F50E1B0F1E0EE3EDDF21E61F1000F3FD45
:10D5B8000EF802F1FDE43EF30AE7E8ECF2FCF0189D
:10D5C8000403F60713FCE4F8F4002600EA1C2BFE1B
:10D5D800D3EA262A21101FD0DBDA0D0FDFFC11F663
:10D5E800E91C0F02F7FEED1DE2DEF0EBF90721F171
:10D5F8001017EAF2F314131C1BE30EF80B3403EBB9
:10D60800EE10FD00FAFA0FE7E82D0116B2F00CEC67
:10D6180001E5E121EEEE1726DA0C12140D2FD802DF
:10D62800F525FB12F0F024F92624E9C1DED5F7131D
:10D63800EF2331FDE0241C2BF9EFFC0AE6EBEBF5B8
:10D64800F520FFFB26FBFD1911FF14D00E01DDEBC1
:10D65800FD0909DCDBF3F303061209EB08F51C34BA
:10D66800DBF306080A0EF429FDF715ECED1F030F8E
:10D67800FC02FBF1DFFDEB1F2321FC052AE91EDC80
:10D6880008170E02EE12EBB73D23C925DDFECA05C9
:10D69800CFE0F0361119F4FBEF19F306E0032BFC89
:10D6A80015EFEFEFF30106EEE01B15F523DBCBFAE0
:10D6B800F823C81A00E1E5FB02F1001612E91BA1E4
:10D6C800EDF40BEF1BF104F7F0F7F9050AF1000090
:10D6D800FC041716E20DFB04F501FD0CF906FEFE2D
:10D6E800EDFDEB09F116F5FBF610EA0C09050DEC5A
:10D6F800EF161504ECFB19F20611FCF90AEDED0022
:10D7080021FF131701F5EBE916EBF008ECE9EF0E32
:10D7180006F6E8F10000000000000000000000002C
:10D7280000000000000000000000000000000000F1
:10D7380000000000000000000000000000000000E1
:10D7480000000000000000000000000000000000D1
:10D7580000000000000000000000000000000000C1
:10D7680000000000000000000000000000000000B1
:10D7780000000000000000000000000000000000A1
:10D788000000000000000000000000000000000091
:10D7980000000000549CFEB90D08000000000000C5
:10D7A8000000000000000000000000000000025F10
:10D7B800D4FDFDFDFDA503000000000000000000F1
:10D7C80000000000000000000000A3FDFDFDFDFDBD
:10D7D800FDFD39020000000000000000000000000C
:10D7E80000000000008BFEFDFDFDFDFDFDFDC91DD7
:10D7F8000000000000000000000000000000000021
:10D80800A5D8FEFDFDFDFDFDFDFDFD4B0000000062
:10D818000000000000000000000019B1F8FDFEFD46
:10D82800FDEFB4ECFDFDFD4B000000000000000022
:10D8380000000000003CDEFDFDFDFEFD7E271EDE33
:10D84800FDFDFD4B0000000000000000000000008E
:10D858001ECDFDFDFDFDF4240E001EDEFDFDC917E5
:10D86800000000000000000000000015C4F8FDFDE5
:10D87800FDFD170000001EDEFDFDC90600000000CA
:10D8880000000000000000A4FDFDFDFDFD160000E5
:10D898000000AEFBFDFD9501000000000000000047
:10D8A80000026AFEFEFEFEF4170000000037FEFECE
:10D8B800FECB0C0000000000000000000019CFFDA6
:10D8C800FDFDF520000000000478FDFDFDCB0C00F7
:10D8D80000000000000000000268FDFDFDFD97004B
:10D8E8000000000444FDFDFDFD8B00000000000069
:10D8F800000000001ECAFDFDFDD82700000000241E
:10D90800CFFDFDFDD61D0000000000000000000056
:10D918004CFDFDFDEF2E0000003B43DFFDFDFDEC5F
:10D928005F00000000000000000000004CFDFDFD4D
:10D93800EF2E3C497EFBFEFDFDFDEC800000000063
:10D94800000000000000000075FDFDFDFDD9F4FD9C
:10D95800FDFDFEFDFDC49D1D00000000000000004F
:10D96800000000005DFDFDFDFDFDFDFDFDFDFEFD72
:10D97800EF6E000000000000000000000000000042
:10D988000D9BFDFDFDFDFDFDFDFDF9904200000034
:10D99800000000000000000000000000000757849D
:10D9A800A1FDFD9584110B0000000000000000009F
:10D9B800000000000000000000000000000000005F
:10D9C800000000000000000000000000000000004F
:10D9D800000000000000000000000000000000003F
:10D9E800000000000000000000000000000000002F
:10D9F800000000000000000000000000000000001F
:10DA0800000000000000000000000000000000000E
:10DA180000000000000000000000000000000000FE
:10DA280000000000000000000000000000000000EE
:10DA380000000000000000000000000000000000DE
:10DA480000000000000000000000000000000000CE
:10DA580000000000000000000000000000000000BE
:10DA680000000000000000000000000000000000AE
:10DA7800000000000000000000000000000000009E
:10DA8800000000000000000000000000000000008E
:10DA9800000000000000000000000000000000007E
:10DAA80000000010BFFFD31F0000000000000000AE
:10DAB800000000000000000000000000000015B594
:10DAC800FCFDFC4700000000000000000000000012
:10DAD8000000000000000000000049FCFCFDC81424
:10DAE800000000000000000000000000000000002E
:10DAF80000000000000049FCFCFDB300000000002D
:10DB0800000000000000000000000000000000000D
:10DB1800002FE8FCFCFD23000000000000000000CE
:10DB2800000000000000000000000000006DFCFC88
:10DB3800FCDE1900000000000000000000000000EA
:10DB4800000000000000000015D4FCFCFC290000C7
:10DB580000000000000000000000000000000000BD
:10DB68000000000090FDFCFCFC000000000000002C
:10DB7800000000000000000000000000000000009D
:10DB880091FFFDFD6C000000000000000000000097
:10DB9800000000000000000000000020EDFDFCDC9B
:10DBA8000F0000000000000000000000000000005E
:10DBB8000000000000000025FCFDFC7000000000D3
:10DBC800000000000000000000000000000000004D
:10DBD80000000025FCFDFC470000000000000000DC
:10DBE800000000000000000000000000000000B677
:10DBF800FDFFB43F0000000000000000000000002E
:10DC0800000000000000000000003FF2FCFDF2ED03
:10DC1800D900000000000000000000000000000023
:10DC28000000000000005EFCFCFDFCE28400000037
:10DC380000000000000000000000000000000000DC
:10DC48000000D9FCFCFDD21F00000000000000000D
:10DC58000000000000000000000000000000DAFDE5
:10DC6800FDFF23000000000000000000000000008D
:10DC780000000000000000000000D9FCFC9F050027
:10DC8800000000000000000000000000000000008C
:10DC9800000000000000D9FCFC900000000000001B
:10DCA800000000000000000000000000000000006C
:10DCB8000000D9FCFC3E000000000000000000004D
:10DCC800000000000000000000000000000000004C
:10DCD800000000000000000000000000000000003C
:10DCE800000000000000000000000000000000002C
:10DCF800000000000000000000000000000000001C
:10DD0800000000000000000000000000000000000B
:10DD180000000000000000000000000000000000FB
:10DD280000000000000000000000000000000000EB
:10DD380000000000000000000000000000000000DB
:10DD480000000000000000000000000000000000CB
:10DD580000000000000000000000000000000000BB
:10DD680000000000000000000000000000000000AB
:10DD7800000000000000000000000000000000009B
:10DD8800000000000000000000000000000000008B
:10DD9800000000000000000000000000000000007B
:10DDA800000000000000000000000000000000006B
:10DDB800000888DCCD3C00000000000000000000E6
:10DDC800000000000000000000000000007FFED9F5
:10DDD800F9C700000000000000000000000000007B
:10DDE800000000000000000057F58D0098F823009F
:10DDF800000000000000000000000000000000001B
:10DE08000000001AF8B2160069FE55000000000074
:10DE1800000000000000000000000000000004BA3C
:10DE2800F31E000026FE5500000000000000000060
:10DE3800000000000000000000001AFE4F00000073
:10DE48002DFE55000000000000000000000000004A
:10DE580000000000000072FE0900000084FA38008B
:10DE680000000000000000000000000000004F71EA
:10DE7800131DE8960100000084F400000000000073
:10DE88000000000000000000000076F7C94DF427EC
:10DE980000000000D4C600000000000000000000E0
:10DEA8000000000000000080FEFEEB0000000019EA
:10DEB800EC960000000000000000000000000000D8
:10DEC80000000008E9FED3000000005BFF96000098
:10DED800000000000000000000000000000000003A
:10DEE80079FE8C00000000A0FE6600000000000023
:10DEF8000000000000000000000000004CFE8C0044
:10DF0800000000A4F0240000000000000000000051
:10DF180000000000000000004CFE8C0000094CFED0
:10DF2800FE95360000000000000000000000000020
:10DF3800000000003EFA7C000BD2FEFEFEFEF8DA7E
:10DF48002C0000000000000000000000000000009D
:10DF5800002C09006AF1E0FE6855A8F5E2290000E6
:10DF680000000000000000000000000000000000A9
:10DF7800F5D2EAB00900004BFEC50300000000001E
:10DF8800000000000000000000000000F5FEFE5F39
:10DF9800000000023EFE85090000000000000000AD
:10DFA8000000000000000000EBFED00E00000000A2
:10DFB8000387FD25000000000000000000000000AD
:10DFC800000000005FE542000000000000003F0A7A
:10DFD8000000000000000000000000000000000039
:10DFE8000000000000000000000000000000000029
:10DFF8000000000000000000000000000000000019
:10E008000000000000000000000000000000000008
:10E0180000000000000000000000000000000000F8
:10E0280000000000000000000000000000000000E8
:10E0380000000000000000000000000000000000D8
:10E0480000000000000000000000000000000000C8
:10E0580000000000000000000000000000000000B8
:10E0680000000000000000000000000000000000A8
:10E078000000000000000000000000000000000098
:10E088000000000000000000000000000000000088
:10E098000000000000000000000000000000000078
:10E0A8000000000000000000000000000000000068
:10E0B8000000000000000000000000000000000058
:10E0C8000000000000000000000000000000000048
:10E0D800000000000000000000000788DDFEFEFED2
:10E0E800E59026000000000000000000000000008D
:10E0F800000000000009C7FD947373738CE8E20DFB
:10E108000000000000000000000000000000000007
:10E118000082C06800000000003FFD4500000000CC
:10E128000000000000000000000000001AEF2E00B0
:10E13800000000000072F42C000000000000000045
:10E14800000000000000000046AD11000000001AA9
:10E1580099FECD0000000000000000000000000053
:10E1680000000000200B0000001A82EFFE8F0D0057
:10E178000000000000000000000000000000000097
:10E18800000000004AE0FBC450040000000000004A
:10E1980000000000000000000000000000004C9F8C
:10E1A800E5EC71445D4C0000000000000000000038
:10E1B800000000000000000000A4FEFEFEFEFEFEBF
:10E1C800FEFED35F00000000000000000000000019
:10E1D80000000000007ACECE737349171728C2FDDD
:10E1E80044000000000000000000000000000000E3
:10E1F800000000000000000000000DD5F113000031
:10E208000000000000000000000000000000000006
:10E21800000000000000005DFE5A00000000000041
:10E2280000000000000000000000000000000000E6
:10E2380000000FC3FF5A00000000000000000000AB
:10E24800000000000000000000000000002BB6FDE8
:10E25800B60B0000000000000000000000000000F5
:10E26800000000000000000007D8FDEC22000000BC
:10E278000000000000000000000000000000000096
:10E2880000000000CCFDD22C0000000000000000BF
:10E29800000000000000007700000000000042E5D8
:10E2A800FFAD1100000000000000000000000000A9
:10E2B800000016F7000000448BDEF4AD38020000C1
:10E2C800000000000000000000000000000039FD10
:10E2D80074A6CFF0F7D55C00000000000000000035
:10E2E800000000000000000000000FE4FEFDFDB982
:10E2F80032000000000000000000000000000000E4
:10E308000000000000000000000000000000000005
:10E3180000000000000000000000000000000000F5
:10E3280000000000000000000000000000000000E5
:10E3380000000000000000000000000000000000D5
:10E3480000000000000000000000000000000000C5
:10E3580000000000000000000000000000000000B5
:10E3680000000000000000000000000000000000A5
:10E378000000000000000000000000000000000095
:10E388000000000000000000000000000000000085
:10E398000000000000000000000000000000000075
:10E3A8000000000000000000000000000000000065
:10E3B8000000000000000000000000000000000055
:10E3C8000000000000000000000000000000000045
:10E3D800000000000000007FFE5D0100000000005A
:10E3E8000000000000000000000000000000000025
:10E3F80000001DEFFDFD18000000000000000000F7
:10E408000000000000000000000000000003B5FD4F
:10E41800FDE50E0000000000000000000000000004
:10E4280000000000000000000049FDFDFD60000044
:10E4380000000000000000000000000000000000D4
:10E448000000000003C7FDFDD81100000000000017
:10E4580000000000000000000000000000000000B4
:10E468004BFDFDFD50000000000000000000000012
:10E478000000000000001EAEAD090000B4FDFDD490
:10E488001300000000000000000000000000000071
:10E49800002EE4FDFD5A001DF6FDFD5300000000AE
:10E4A80000000000000000000000000022BBFDFD8D
:10E4B800EA2B00A7FDFDE9130000000000000000A2
:10E4C8000000000000000008D4FDFDFD52001BE123
:10E4D800FDFD5800000000000000000000000000E2
:10E4E8000000018AFEFEFC550000A7FFFEEA1307A4
:10E4F800195B0E00000000000000000000004BFD4A
:10E50800FDFDC4361143F8FEFDDEB4EFFDFDEA1152
:10E518000000000000000000000084FDFDFDFDFD7E
:10E52800FDFDFDFEFDFDFDFDFDFDFD5A00000000A9
:10E5380000000000000049C7F6FDFDFDFDFDFDFEE1
:10E54800FDFDE3DC977839040000000000000000BE
:10E558000000000026313167F5FDFDC231310B00A6
:10E5680000000000000000000000000000000000A3
:10E5780000000064FDFDFD430000000000000000F5
:10E5880000000000000000000000000000000CBFB8
:10E59800FDFDBD00000000000000000000000000BC
:10E5A800000000000000000000007CFDFDFD4500AB
:10E5B8000000000000000000000000000000000053
:10E5C800000000000000D0FDFD85010000000000F3
:10E5D8000000000000000000000000000000000033
:10E5E8000000BAFDE8420000000000000000000042
:10E5F8000000000000000000000000000000000013
:10E608000000000000000000000000000000000002
:10E6180000000000000000000000000000000000F2
:10E6280000000000000000000000000000000000E2
:10E6380000000000000000000000000000000000D2
:10E6480000000000000000000000000000000000C2
:10E6580000000000000000000000000000000000B2
:10E6680000000000000000000000000000000000A2
:10E678000000000000000000000000000000000092
:10E688000000000000000000000000000000000082
:10E698000000000000000000000000000000000072
:10E6A8000000000000000000000000000000000062
:10E6B8000000000000000000000000000000000052
:10E6C8000000000000000000000000000000000042
:10E6D8000000000000000000000000000000000032
:10E6E8000000000000000000000000000000000022
:10E6F8000000000000000000000000000000000012
:10E708000000000000000000000000000000000001
:10E7180000000000000000000000000000000000F1
:10E7280000000000000000000000000000000000E1
:10E73800000000000000003955B9C6C5C5C5C6C5EA
:10E748009F0A000000000000000000000000000018
:10E758000033B0F3FCFCFDFCFCFCFDFCFCE4000019
:10E7680000000000000000000000002DB2FDFFF7CF
:10E77800BB7133000000001A96E1000000000000A1
:10E788000000000000002DE1FCFCD1410000000069
:10E798000000000000000000000000000000000071
:10E7A800007EE5FCFC7F190000000000000000006E
:10E7B8000000000000000000000000007EF9FDFCE1
:10E7C8007F030000000000000000000000000000BF
:10E7D8000000000000000078FDFDFEE48D8DCCFDFA
:10E7E800FDFD4C00000000000000000000000000DB
:10E7F800000000A9FCFCFDFCFCFCFDF0D7FCF43893
:10E80800000000000000000000000000000000837D
:10E81800FCFCFDC4A876382B13E7FD54000000006B
:10E828000000000000000000000000071C1C1C097C
:10E838000000000026EDFD5400000000000000006C
:10E848000000000000001016000000000000004654
:10E85800FDFDA30000000000000000000000000013
:10E8680000008DEA2600000000005FE1FCE32600BE
:10E878000000000000000000000000000000E5FCAF
:10E8880038000000007EE5FCE02B000000000000DE
:10E8980000000000000000000000FDFCE77D72BCE5
:10E8A800E1F9FDCA130000000000000000000000AC
:10E8B8000000000000004CE7FDFDFEFDFDFD970097
:10E8C8000000000000000000000000000000000040
:10E8D8000000001354545454545400000000000025
:10E8E8000000000000000000000000000000000020
:10E8F8000000000000000000000000000000000010
:10E9080000000000000000000000000000000000FF
:10E9180000000000000000000000000000000000EF
:10E9280000000000000000000000000000000000DF
:10E9380000000000000000000000000000000000CF
:10E9480000000000000000000000000000000000BF
:10E9580000000000000000000000000000000000AF
:10E96800000000000000000000000000000000009F
:10E97800000000000000000000000000000000008F
:10E98800000000000000000000000000000000007F
:10E99800000000000000000000000000000000006F
:10E9A800000000000000000000000000000000005F
:10E9B800000000000000000000000046FF6D00009D
:10E9C800000000000000000000000000000000003F
:10E9D80000000000000083F7FC6200000000000057
:10E9E800000000000000000000000000000000001F
:10E9F800004EF3FCF10000000000000000000000E1
:10EA080000000000000000000000000039F1FCFCDC
:10EA1800A00000000000000000000000000000004E
:10EA2800000000000000000072FCFCDF2300000072
:10EA380000000000000000000000000000000000CE
:10EA48000000005BF1FCFC830000000000000000F7
:10EA5800000000000000000000000000000000C1ED
:10EA6800FCFCFC2200000000000000000000000088
:10EA78000000000000000000000018D8FCFCD207CD
:10EA8800000000000000000000000000000000007E
:10EA98000000000000003DFCFCFC2200000000001B
:10EAA800000000000000000000000000000000005E
:10EAB8000000B0FCFCFC1700000000000000000093
:10EAC8000000000000000000000000000031FDFD13
:10EAD800FD9C000000000000000000000000000095
:10EAE80000000000000000000031FCFCFC9B000C52
:10EAF80019191914000000000000000000000000AF
:10EB0800000000000031FCFCFCA959CAFDFCFCEA2D
:10EB18009D2500000000000000000000000000002B
:10EB28000031FCFCFCFCFCFCFDFCFCFCFC9A0A0033
:10EB38000000000000000000000000000031FCFCA4
:10EB4800FCFCFCDFC1C086E8FCFC300000000000D3
:10EB580000000000000000000031FCFCFCFCDD258A
:10EB680000000BC1FCFC30000000000000000000A9
:10EB780000000000000AC2FCFCFCB4040561D4FCDF
:10EB8800FC990900000000000000000000000000DF
:10EB9800000037E5FCFCFCA169FCFCFCE525000055
:10EBA8000000000000000000000000000000008DD0
:10EBB800FCFCFCFCFDFCFCD0120000000000000086
:10EBC80000000000000000000000000434EBFCFC22
:10EBD800FDFCA0090000000000000000000000008B
:10EBE800000000000000000000000000000000001D
:10EBF800000000000000000000000000000000000D
:10EC080000000000000000000000000000000000FC
:10EC180000000000000000000000000000000000EC
:10EC280000000000000000000000000000000000DC
:10EC380000000000000000000000000000000000CC
:10EC480000000000000000000000000000000000BC
:10EC580000000000000000000000000000000000AC
:10EC6800000000000000000000000000000000009C
:10EC7800000000000000000000000000000000008C
:10EC8800000000000000000000000000000000007C
:10EC9800000000000000000000000000000000006C
:10ECA800000000000000000000000000000000005C
:10ECB800000000000000000000000000000000004C
:10ECC800000000000000000000000000000000003C
:10ECD800000000000000000000000000000000002C
:10ECE800000000000000000000000000000000001C
:10ECF800000000000000000000000000000000000C
:10ED080000000000000000000000000000000000FB
:10ED180000000000000000000000000000000000EB
:10ED280000000000000000000000000000000000DB
:10ED380000000000000000000000000000000000CB
:10ED480000000000000000000000000000000000BB
:10ED580000000000000000000000000000000000AB
:10ED680000000000000000000000130D000000007B
:10ED7800000000000000000000000000000000008B
:10ED880000000000005CC4BBA9A9AAA9A9A9A9AA56
:10ED9800A9A9A9A9AAA9A94B0D0000000000000073
:10EDA80000FDFCFCFCFCFDFCFCFCFCFDFCFCFCFC94
:10EDB800FDFCFCFCBD00000000000000003FB2FDAF
:10EDC800FDFDFFFDFDF08CFFFDFDBEFDFFFDFDFD22
:10EDD80070000000000000000000091B1B1B1B1B2B
:10EDE8001B18001B1B1B55FCFDFCFCB30C00000092
:10EDF800000000000000000000000000000000000B
:10EE08001358EAFCFDE9A41300000000000000000C
:10EE180000000000000000000000001DB5FCFCFC24
:10EE2800543800000000000000000000000000004E
:10EE380000000000000000FDFCFCFCAD000000002C
:10EE480000000000000000000000000000000000BA
:10EE58001ACFFDFFFDE42F000000000000000000B5
:10EE680000000000000000000000004CE7FCFCD798
:10EE780079150000000000000000000000000000FC
:10EE880000000000000039C8FCFCDC1F0000000086
:10EE9800000000000000000000000000000000006A
:10EEA80023A9FDFCFCD9250000000000000000009B
:10EEB800000000000000000000000000A9FCFDFCAC
:10EEC800FC540000000000000000000000000000EA
:10EED8000000000000000000AAFDFFFDA52F0000B3
:10EEE800000000000000000000000000000000001A
:10EEF80000000020D7FCD7790600000000000000C1
:10EF080000000000000000000000000000000000F9
:10EF180025371F000000000000000000000000006E
:10EF280000000000000000000000000000000000D9
:10EF380000000000000000000000000000000000C9
:10EF480000000000000000000000000000000000B9
:10EF580000000000000000000000000000000000A9
:10EF68000000000000000000000000000000000099
:10EF78000000000000000000000000000000000089
:10EF88000000000000000000000000000000000079
:10EF98000000000000000000000000000000000069
:10EFA8000000000000000000000000000000000059
:10EFB8000000000000000000000000000000000049
:10EFC8000000000000000000000000000000000039
:10EFD8000000000000000000000000000000000029
:10EFE8000000000000000000000000000000000019
:10EFF8000000000000000000000000000000000009
:10F0080000000000000000000000000000000000F8
:10F0180000000000000000000000000000000000E8
:10F0280000000000000000000000000000000000D8
:10F0380000000000000000000000000000000000C8
:10F0480000000000000000000000000000000000B8
:10F0580000000000000000000000000000000000A8
:10F0680000000007429D9D9D301300040E00000023
:10F0780000000000000000000000000000001F91D8
:10F08800FDFDFDFDE86C09B29A0000000013311A7D
:10F0980000000000000000002082E2F2C1C1C1921D
:10F0A80029000AB51C29203D9FD1FDDB0000000086
:10F0B800000000004CFDF392000000000000000773
:10F0C80094EAE1FDE5B4B47B000000000000000014
:10F0D800AEFD77000000000000295CD2FDFDC04CA9
:10F0E800200000000000000000000000D0FDD62134
:10F0F8000000002695EBFFF48B240A0000000000B6
:10F10800000000000000000012CFFDEE8F1A25A4B9
:10F11800FDFDBF1500000000000000000000000019
:10F1280000000000001EFDFDE07CDFFDC9110600A7
:10F1380000000000000000000000000000000000C7
:10F1480000001292FEFEFEFF180000000000000002
:10F15800000000000000000000000000000004455E
:10F16800FDFDFDFD23000000000000000000000080
:10F178000000000000000000000020F1FDE1E5FDB6
:10F18800D41900000000000000000000000000008A
:10F1980000000000001C2AAAF2311DCEFD9B0000D1
:10F1A8000000000000000000000000000000000057
:10F1B80060DFF3DA843D9FD1FD50000000000000BD
:10F1C80000000000000000000000000063FDFDF2E8
:10F1D800ECFDFDFDBB080000000000000000000081
:10F1E800000000000000000035FDFDFDFDBCA84149
:10F1F8000500000000000000000000000000000002
:10F2080000000000199C9C4C24090000000000002C
:10F2180000000000000000000000000000000000E6
:10F2280000000000000000000000000000000000D6
:10F2380000000000000000000000000000000000C6
:10F2480000000000000000000000000000000000B6
:10F2580000000000000000000000000000000000A6
:10F268000000000000000000000000000000000096
:10F278000000000000000000000000000000000086
:10F288000000000000000000000000000000000076
:10F298000000000000000000000000000000000066
:10F2A8000000000000000000000000000000000056
:10F2B8000000000000000000000000000000000046
:10F2C8000000000000000000000000000000000036
:10F2D8000000000000000000000000000000000026
:10F2E8000000000000000000000000000000000016
:10F2F8000000000000000000000000000000000006
:10F3080000000000000000000000000000000000F5
:10F3180000000000000000000000000000000000E5
:10F3280000000000000000000000000000000000D5
:10F338000000000000000000000000000000003392
:10F34800BE530000000000000000000000000000A4
:10F35800000000000000000C72F0F1F5FCF8CC1C75
:10F368000000000000000000000000000000000095
:10F3780000000FB4FCFCFDFCFCFCFC42000000009B
:10F388000000000000000000000000000011B2FCB6
:10F39800FCD16E2727B1FC6C0000000000000000C3
:10F3A800000000000000000059D3FCC3351900001C
:10F3B8000051FCC600000000000000000000000032
:10F3C80000000011D3FCD749000000000051FCEEFA
:10F3D800570000000000000000000000000000517D
:10F3E800FCD71900000000000051FCFCD40000000C
:10F3F8000000000000000000000000A4FCC600009F
:10F408000000000090BDFCFCD400000000000000DB
:10F41800000000000000008EFCC6000000000E4640
:10F42800F1FCFCFC86000000000000000000000069
:10F438000000008EFCC600004E85FDFCFCFCFCE0D4
:10F448002600000000000000000000000000002B63
:10F45800E4FDFDFDFDFDFFFDFDFDFD42000000009A
:10F4680000000000000000000000000074E0FCFC48
:10F47800FCFC925AE4FCFC42000000000000000082
:10F48800000000000000000000131A1A1A1A009168
:10F49800F9FCC007000000000000000000000000A8
:10F4A8000000000000000000000066FAFCE23900DD
:10F4B8000000000000000000000000000000000044
:10F4C8000000000000009BFCFC8800000000000019
:10F4D8000000000000000000000000000000000024
:10F4E800037DFDFC9A0B00000000000000000000F6
:10F4F80000000000000000000000000023FCFDEBFD
:10F5080016000000000000000000000000000000DD
:10F5180000000000000000039EFCFD9100000000B8
:10F5280000000000000000000000000000000000D3
:10F538000000001AF6FCFD4B00000000000000006F
:10F5480000000000000000000000000000000000B3
:10F558004DFCBE4500000000000000000000000057
:10F568000000000000000000000000000000000093
:10F578000000000000000000000000000000000083
:10F588000000000000000000000000000000000073
:10F598000000000000000000000000000000000063
:10F5A8000000000000000000000000000000000053
:10F5B8000000000000010203040506070809000016
:10F5C800B9F4FFFF13FDFFFF4B010000FFFCFFFF35
:10F5D8009FFEFFFF360B000001FDFFFFC9F4FFFF90
:10F5E800EB090000EF000000F9F1E9EFE9ECD801C0
:10F5F800D3E7000E01E4CC1B200217B0DC12010097
:10F60800000F0F1C1805EE00030F1B370B36F1F027
:10F61800DA0924E2F82124DB302634F6F233E9F55E
:10F62800E23604C5EDD802F02EFCFF0E41BBE2EC39
:10F63800EDF00C08ECE8EC03C4BDDF00E6254BC593
:10F64800FF9C0D52D2D9E1E6F214D21AF60F030943
:10F658001CC2A82D1120C014EA281225FBCBDA0100
:10F66800D9CDE7E1E72D1DE026280B01EC0EC6D920
:10F67800ACF4F9D648295DC8A9FE04EFBDAA10006C
:10F688001E30CDBFE013230AB6041A1C28F6F2DB9D
:10F6980009DC09152821CE11BC33D2F61901D3F59E
:10F6A80005F0F1F5E133D4C7D3EA2AD92DE7DE24F2
:10F6B8002F0DEFB70701F209CD2D08BAD40C122B84
:10F6C80019D5031DCAD22B0C270AF302E62B1311F6
:10F6D8001B17E2D8AF26371EFC57A4BD360EF1BE65
:10F6E800B4F1F4CDED0BCD14EF2BEE0E21F5111383
:10F6F800EAE70CD3F7BF20489AE033FE329ED100E8
:10F7080003E5E03BB713F1D21E20C3F61F23091807
:10F71800A6173500132615CAF122F137B4FFF158A0
:10F7280009D5E40FE0EC9B05CDFAEBCA26D0BEE97B
:10F73800A9341DF33113D8DCF5D00B281EDE14CE06
:10F7480029D4D22520FBC1CE11F1DBEE11F313CE63
:10F7580035BD22AF0CC4DCE5E03935F729D30C05FB
:10F76800DF8C8B0B0AE221DFF4DE33C71D020D02AA
:10F77800E925C63EE0E8BC1AB12AF1BE3128E9DB2A
:10F7880037DB2DDB1F13D6FD2CB01CDFFB330DE45C
:10F7980018D40CEF08C4F6DCE3FCE0FBF216FCEB33
:10F7A80000D714F213FC1E33CBDE0511DF39C7EE88
:10F7B800C8082521F5FA0403041800F3EBFD26C553
:10F7C80007EBF0FFE9EBE8BFED1335D326DCA71113
:10F7D80009E6FA20C4C0D50F36C222D80308F205BC
:10F7E800BB3118C518E6C3D0F2CE161103F2C61005
:10F7F800E6F3F8EEF6F120D014E8F9E812DCF7D2D7
:10F808000E04E6DCD31806E63081D5F0E410F1FDED
:10F81800140E19E5000F04E1D218B0B01A47FEF52E
:10F82800E430EC2DF52505D22232C3E313E7FB10B3
:10F83800DB1003110E0F36CAC3D736A50EEFE3242B
:10F8480019D9DBF5CDE1FE0CFB24CECCCC060FF5A7
:10F85800E31AD304F5CCC1E31B15F01B18070935CF
:10F86800EFC0EDC605124AF428170F320A11F6C781
:10F87800081DD2D531F001E2DF180F2629E6D70896
:10F888002DF333CDCAF607E9EA0DDBDDE813090BE2
:10F89800E8F910EFF2FFF6ED16E803F9BA232DDBCD
:10F8A800FC0825FFB93029D0D51015FADEB90700B4
:10F8B8001B29EC22EB0606C64F30ACD89BC7036A5F
:10F8C80005E6100406DDDDE1F5180915EE26ABECBA
:10F8D8000DF6FAE8EB4319F0E2FA16D2E4E50C0B60
:10F8E800B714F6FED7E8F3F2C2BEDDF103F7021251
:10F8F8000AFDF61913000ADBFF2BF4EFC8FECC2E25
:10F90800291DDAFFBC20DCF1F2E9F4FEF7FAEEE893
:10F918001CF1FBE7E713090EE117F307A91FFB101A
:10F92800FE29E324EF142EEA2BDAF3143E25BF9FB9
:10F93800000102020303030304040404040404048E
:10F94800050505050505050505050505050505055F
:10F95800060606060606060606060606060606063F
:10F96800060606060606060606060606060606062F
:10F97800070707070707070707070707070707070F
:10F9880007070707070707070707070707070707FF
:10F9980007070707070707070707070707070707EF
:10F9A80007070707070707070707070707070707DF
:10F9B80008080808080808080808080808080808BF
:10F9C80008080808080808080808080808080808AF
:10F9D800080808080808080808080808080808089F
:10F9E800080808080808080808080808080808088F
:10F9F800080808080808080808080808080808087F
:10FA0800080808080808080808080808080808086E
:10FA1800080808080808080808080808080808085E
:10FA2800080808080808080808080808080808084E
:10FA380000000000000000000000000000000000BE
:10FA480000000000000000000000000000000000AE
:10FA5800000000000000000000000000000000009E
:10FA6800000000000000000000000000000000008E
:10FA7800000000000000000000000000000000007E
:10FA8800000000000000000000000000000000006E
:10FA9800232D302B20000000686C4C0065666745FC
:10FAA8004647000030313233343536373839414231
:10FAB8004344454600000000303132333435363790
:10FAC800383961626364656600000000F02AFFFF50
:10FAD800062BFFFFC62AFFFFC62AFFFFC62AFFFF25
:10FAE800C62AFFFF062BFFFFC62AFFFFC62AFFFF15
:10FAF800C62AFFFFC62AFFFF5C2CFFFF442BFFFF2F
:10FB08002E2CFFFFC62AFFFFC62AFFFF8C2CFFFF03
:10FB1800C62AFFFF442BFFFFC62AFFFFC62AFFFFA6
:04FB2800362CFFFF79
:10FB2C000000000058FA008078FA008038FA008053
:10FB3C0000000000000000000000000000000000B9
:10FB4C0000000000000000000000000000000000A9
:10FB5C000000000000000000000000000000000099
:10FB6C000000000000000000000000000000000089
:10FB7C000000000000000000000000000000000079
:10FB8C00903B009000B4C404000000900000000002
:04FB9C0000000090D5
:040000058000000077
:00000001FF
