
LeNet_hw.elf:     file format elf32-littleriscv
LeNet_hw.elf
architecture: riscv:rv32, flags 0x00000112:
EXEC_P, HAS_SYMS, D_PAGED
start address 0x80000000

Program Header:
    LOAD off    0x00001000 vaddr 0x80000000 paddr 0x80000000 align 2**12
         filesz 0x0000fb2c memsz 0x0000fb2c flags rwx
    LOAD off    0x00011000 vaddr 0x90000000 paddr 0x8000fb2c align 2**12
         filesz 0x00000074 memsz 0x00000074 flags rw-
    LOAD off    0x00000074 vaddr 0x90000074 paddr 0x90000074 align 2**12
         filesz 0x00000000 memsz 0x00003b18 flags rw-
    LOAD off    0x00000800 vaddr 0x9000f800 paddr 0x90003b8c align 2**12
         filesz 0x00000000 memsz 0x00000800 flags rw-

Sections:
Idx Name              Size      VMA       LMA       File off  Algn  Flags
  0 .init             000000be  80000000  80000000  00001000  2**0  CONTENTS, ALLOC, LOAD, READONLY, CODE
  1 .ilalign          00000002  800000be  800000be  000010be  2**0  ALLOC
  2 .text             00002738  800000c0  800000c0  000010c0  2**2  CONTENTS, ALLOC, LOAD, READONLY, CODE
  3 .rodata           0000d334  800027f8  800027f8  000037f8  2**2  CONTENTS, ALLOC, LOAD, READONLY, DATA
  4 .lalign           00000000  8000fb2c  8000fb2c  00011074  2**0  CONTENTS
  5 .dalign           00000000  90000000  90000000  00011074  2**0  CONTENTS
  6 .data             00000074  90000000  8000fb2c  00011000  2**2  CONTENTS, ALLOC, LOAD, DATA
  7 .bss              00003b18  90000074  90000074  00011074  2**2  ALLOC
  8 .stack            00000800  9000f800  90003b8c  00011800  2**0  ALLOC
  9 .debug_info       0000c8d4  00000000  00000000  00011074  2**0  CONTENTS, READONLY, DEBUGGING, OCTETS
 10 .debug_abbrev     00001295  00000000  00000000  0001d948  2**0  CONTENTS, READONLY, DEBUGGING, OCTETS
 11 .debug_loc        000035cb  00000000  00000000  0001ebdd  2**0  CONTENTS, READONLY, DEBUGGING, OCTETS
 12 .debug_aranges    00000338  00000000  00000000  000221a8  2**3  CONTENTS, READONLY, DEBUGGING, OCTETS
 13 .debug_ranges     00001560  00000000  00000000  000224e0  2**0  CONTENTS, READONLY, DEBUGGING, OCTETS
 14 .debug_line       000053de  00000000  00000000  00023a40  2**0  CONTENTS, READONLY, DEBUGGING, OCTETS
 15 .debug_str        000014ad  00000000  00000000  00028e1e  2**0  CONTENTS, READONLY, DEBUGGING, OCTETS
 16 .comment          00000012  00000000  00000000  0002a2cb  2**0  CONTENTS, READONLY
 17 .riscv.attributes 0000002f  00000000  00000000  0002a2dd  2**0  CONTENTS, READONLY
 18 .debug_frame      000004ec  00000000  00000000  0002a30c  2**2  CONTENTS, READONLY, DEBUGGING, OCTETS
SYMBOL TABLE:
80000000 l    d  .init	00000000 .init
800000be l    d  .ilalign	00000000 .ilalign
800000c0 l    d  .text	00000000 .text
800027f8 l    d  .rodata	00000000 .rodata
8000fb2c l    d  .lalign	00000000 .lalign
90000000 l    d  .dalign	00000000 .dalign
90000000 l    d  .data	00000000 .data
90000074 l    d  .bss	00000000 .bss
9000f800 l    d  .stack	00000000 .stack
00000000 l    d  .debug_info	00000000 .debug_info
00000000 l    d  .debug_abbrev	00000000 .debug_abbrev
00000000 l    d  .debug_loc	00000000 .debug_loc
00000000 l    d  .debug_aranges	00000000 .debug_aranges
00000000 l    d  .debug_ranges	00000000 .debug_ranges
00000000 l    d  .debug_line	00000000 .debug_line
00000000 l    d  .debug_str	00000000 .debug_str
00000000 l    d  .comment	00000000 .comment
00000000 l    d  .riscv.attributes	00000000 .riscv.attributes
00000000 l    d  .debug_frame	00000000 .debug_frame
00000000 l    df *ABS*	00000000 main.c
8000d71c l     O .rodata	00001ea0 mnist_100
9000011c l     O .bss	00000d80 c1_out
90001390 l     O .bss	00001000 hw_x
90002390 l     O .bss	00001000 hw_y
80002b2c l     O .rodata	00000960 c3_weight_hw
8000350c l     O .rodata	00002000 c5a_weight_hw
8000558c l     O .rodata	00002000 c5b_weight_hw
8000760c l     O .rodata	00002000 c5c_weight_hw
8000966c l     O .rodata	00001800 c5d_weight_hw
8000afbc l     O .rodata	00002760 f6_weight_hw
90000e9c l     O .bss	00000400 c3_out
9000129c l     O .bss	00000078 c5_out
90001314 l     O .bss	00000054 f6_out
90001368 l     O .bss	00000028 final_out
90003390 l     O .bss	00000310 input_img
900036a0 l     O .bss	00000360 s2_out
90003a00 l     O .bss	00000100 s4_out
80002a3c l     O .rodata	00000018 c1_bias
80002a54 l     O .rodata	00000096 c1_weight_hw
80002aec l     O .rodata	00000040 c3_bias
8000348c l     O .rodata	00000080 c5a_bias
8000550c l     O .rodata	00000080 c5b_bias
8000758c l     O .rodata	00000080 c5c_bias
8000960c l     O .rodata	00000060 c5d_bias
8000ae6c l     O .rodata	00000150 f6_bias
8000f5bc l     O .rodata	0000000a mnist_100_labels
8000f5c8 l     O .rodata	00000028 out_bias
8000f5f0 l     O .rodata	00000348 out_weight_hw
00000000 l    df *ABS*	00000000 close.c
00000000 l    df *ABS*	00000000 fstat.c
00000000 l    df *ABS*	00000000 isatty.c
00000000 l    df *ABS*	00000000 lseek.c
00000000 l    df *ABS*	00000000 read.c
00000000 l    df *ABS*	00000000 sbrk.c
90000060 l     O .data	00000004 curbrk.0
00000000 l    df *ABS*	00000000 write.c
00000000 l    df *ABS*	00000000 hbirdv2_gpio.c
00000000 l    df *ABS*	00000000 hbirdv2_uart.c
00000000 l    df *ABS*	00000000 hbirdv2_common.c
00000000 l    df *ABS*	00000000 system_hbirdv2.c
80000f48 l     F .text	0000003c system_default_exception_handler
80000f84 l     F .text	00000040 system_default_interrupt_handler
90000084 l     O .bss	00000028 SystemCoreInterruptHandlers
900000ac l     O .bss	0000002c SystemExceptionHandlers
900000d8 l     O .bss	00000044 SystemExtInterruptHandlers
00000000 l    df *ABS*	00000000 libgcc2.c
00000000 l    df *ABS*	00000000 atexit.c
00000000 l    df *ABS*	00000000 fini.c
00000000 l    df *ABS*	00000000 init.c
00000000 l    df *ABS*	00000000 printf.c
00000000 l    df *ABS*	00000000 puts.c
00000000 l    df *ABS*	00000000 sysisatty.c
00000000 l    df *ABS*	00000000 wbuf.c
00000000 l    df *ABS*	00000000 wsetup.c
00000000 l    df *ABS*	00000000 __atexit.c
90003b00 l     O .bss	0000008c _global_atexit0
00000000 l    df *ABS*	00000000 fflush.c
00000000 l    df *ABS*	00000000 findfp.c
80001a54 l     F .text	00000068 std
00000000 l    df *ABS*	00000000 fwalk.c
00000000 l    df *ABS*	00000000 makebuf.c
00000000 l    df *ABS*	00000000 nano-mallocr.c
00000000 l    df *ABS*	00000000 nano-mallocr.c
00000000 l    df *ABS*	00000000 nano-vfprintf.c
80001f7e l     F .text	0000002a __sfputc_r
00000000 l    df *ABS*	00000000 sbrkr.c
00000000 l    df *ABS*	00000000 stdio.c
00000000 l    df *ABS*	00000000 writer.c
00000000 l    df *ABS*	00000000 closer.c
00000000 l    df *ABS*	00000000 fstatr.c
00000000 l    df *ABS*	00000000 isattyr.c
00000000 l    df *ABS*	00000000 lseekr.c
00000000 l    df *ABS*	00000000 memchr.c
00000000 l    df *ABS*	00000000 mlock.c
00000000 l    df *ABS*	00000000 nano-vfprintf_i.c
00000000 l    df *ABS*	00000000 readr.c
00000000 l    df *ABS*	00000000 libgcc2.c
00000000 l    df *ABS*	00000000 impure.c
90000000 l     O .data	00000060 impure_data
00000000 l    df *ABS*	00000000 
8000fb2c l       .rodata	00000000 __fini_array_end
8000fb2c l       .rodata	00000000 __fini_array_start
8000fb2c l       .rodata	00000000 __init_array_end
8000fb2c l       .rodata	00000000 __preinit_array_end
8000fb2c l       .rodata	00000000 __init_array_start
8000fb2c l       .rodata	00000000 __preinit_array_start
800023de g     F .text	00000028 _isatty_r
80001586 g     F .text	000000da _puts_r
80002406 g     F .text	0000002c _lseek_r
8000154c g     F .text	0000003a printf
90000860 g       .data	00000000 __global_pointer$
80002324 g     F .text	00000036 __sseek
80001b0a g     F .text	00000066 __sinit
8000166c g     F .text	000000c0 __swbuf_r
80001ac6 g     F .text	00000044 __sfmoreglue
8000244e g     F .text	00000002 __malloc_unlock
800023b4 g     F .text	0000002a _fstat_r
90000074 g     O .bss	00000004 errno
00000800 g       *ABS*	00000000 __stack_size
80000ea4 g     F .text	00000014 uart_write
8000fb2c g       .rodata	00000000 __rt_init_start
8000fb2c g       .rodata	00000000 __fsymtab_end
800000c0 g       .ilalign	00000000 _ilm_lma
80001abc g     F .text	0000000a _cleanup_r
80001660 g     F .text	00000008 puts
8000fb2c g       .rodata	00000000 __rt_init_end
90000064 g     O .data	00000004 SystemCoreClock
80001668 g     F .text	00000004 isatty
80000d08  w    F .text	0000001a _fstat
80000f36 g     F .text	00000012 get_cpu_freq
8000227e g     F .text	00000028 _sbrk_r
800027cc g     F .text	0000002c _read_r
8000fb2c g       .rodata	00000000 _eilm
9000f800 g       .stack	00000000 _heap_end
80000d22  w    F .text	00000004 _isatty
90000070 g     O .data	00000004 _global_impure_ptr
800014ee g     F .text	0000005e __libc_init_array
8000114e g     F .text	00000360 .hidden __udivdi3
80000d4c  w    F .text	00000030 _sbrk
8000114a g     F .text	00000002 _init
800014b8 g     F .text	00000036 __libc_fini_array
800000c0 g       .ilalign	00000000 _ilm
80001062 g     F .text	000000e6 _premain_init
8000fa38 g     O .rodata	00000020 __sf_fake_stderr
80000fd2 g     F .text	00000090 core_trap_handler
80001fa8 g     F .text	00000042 __sfputs_r
80000e6a g     F .text	0000003a uart_init
80002432 g     F .text	0000001a memchr
80001e10 g     F .text	0000009e _free_r
90000078 g     O .bss	00000004 _global_atexit
90010000 g       .stack	00000000 _sp
80000000 g     F .init	00000000 _start
80000d26  w    F .text	00000004 _lseek
80001832 g     F .text	00000078 __register_exitproc
8000238c g     F .text	00000028 _close_r
8000172c g     F .text	00000106 __swsetup_r
80001b70 g     F .text	00000098 __sfp
800022a6 g     F .text	00000030 __sread
8000244c g     F .text	00000002 __malloc_lock
800019f0 g     F .text	00000064 _fflush_r
8000fa58 g     O .rodata	00000020 __sf_fake_stdin
90000074 g       .bss	00000000 __bss_start
80001d68 g     F .text	000000a8 memset
800000c0 g     F .text	00000c3e main
80000de0  w      .text	00000000 trap_entry
8000235a g     F .text	00000006 __sclose
80001eae g     F .text	000000d0 _malloc_r
8000fb2c g       .rodata	00000000 __vsymtab_start
80000fc4 g     F .text	0000000e SystemInit
8000114c g     F .text	00000002 _fini
8000154c g     F .text	0000003a iprintf
8000f938 g     O .rodata	00000100 .hidden __clz_tab
800014ae g     F .text	0000000a atexit
80002360 g     F .text	0000002c _write_r
80002450 g     F .text	0000010c _printf_common
90000068 g     O .data	00000004 _impure_ptr
800018aa g     F .text	00000146 __sflush_r
90000000 g       .dalign	00000000 _data
8000fb2c g       .rodata	00000000 __vsymtab_end
80000ece g     F .text	00000068 measure_cpu_freq
80001c72 g     F .text	0000005a __swhatbuf_r
80000d7c  w    F .text	00000062 _write
90000074 g       .bss	00000000 _edata
80001148 g     F .text	00000002 _postmain_fini
90003b90 g       .bss	00000000 _end
8000fb2c g       .lalign	00000000 _data_lma
80000eb8 g     F .text	00000016 uart_read
800022d6 g     F .text	0000004e __swrite
80001fea g     F .text	00000294 _vfiprintf_r
80001c08 g     F .text	0000006a _fwalk_reent
8000fa78 g     O .rodata	00000020 __sf_fake_stdout
80000d2a  w    F .text	00000022 _read
80001ccc g     F .text	0000009c __smakebuf_r
8000255c g     F .text	00000270 _printf_i
90000080 g     O .bss	00000004 __malloc_sbrk_start
9000007c g     O .bss	00000004 __malloc_free_list
8000fb2c g       .rodata	00000000 __fsymtab_start
80001fea g     F .text	00000294 _vfprintf_r
80000e58 g     F .text	00000012 gpio_iof_config
80000cfe  w    F .text	0000000a _close



Disassembly of section .init:

80000000 <_start>:
_start():
D:\fpgafile\e203_cnn\sdk\LeNet_hw\Debug/../hbird_sdk/SoC/hbirdv2/Common/Source/GCC/startup_hbirdv2.S:40
 * Reset Handler called on controller reset
 */
_start:
    /* ===== Startup Stage 1 ===== */
    /* Disable Global Interrupt */
    csrc CSR_MSTATUS, MSTATUS_MIE
80000000:	30047073          	csrci	mstatus,8
D:\fpgafile\e203_cnn\sdk\LeNet_hw\Debug/../hbird_sdk/SoC/hbirdv2/Common/Source/GCC/startup_hbirdv2.S:42
    /* Disable all interrupts controlled by CSR MIE */
    csrw CSR_MIE, 0x0
80000004:	30405073          	csrwi	mie,0
D:\fpgafile\e203_cnn\sdk\LeNet_hw\Debug/../hbird_sdk/SoC/hbirdv2/Common/Source/GCC/startup_hbirdv2.S:47

    /* Initialize GP and Stack Pointer SP */
    .option push
    .option norelax
    la gp, __global_pointer$
80000008:	10001197          	auipc	gp,0x10001
8000000c:	85818193          	addi	gp,gp,-1960 # 90000860 <__global_pointer$>
D:\fpgafile\e203_cnn\sdk\LeNet_hw\Debug/../hbird_sdk/SoC/hbirdv2/Common/Source/GCC/startup_hbirdv2.S:49
    .option pop
    la sp, _sp
80000010:	10010117          	auipc	sp,0x10010
80000014:	ff010113          	addi	sp,sp,-16 # 90010000 <_sp>
D:\fpgafile\e203_cnn\sdk\LeNet_hw\Debug/../hbird_sdk/SoC/hbirdv2/Common/Source/GCC/startup_hbirdv2.S:54

    /*
     * Set Trap Entry MTVEC to trap_entry
     */
    la t0, trap_entry
80000018:	00001297          	auipc	t0,0x1
8000001c:	dc828293          	addi	t0,t0,-568 # 80000de0 <trap_entry>
D:\fpgafile\e203_cnn\sdk\LeNet_hw\Debug/../hbird_sdk/SoC/hbirdv2/Common/Source/GCC/startup_hbirdv2.S:55
    csrw CSR_MTVEC, t0
80000020:	30529073          	csrw	mtvec,t0
D:\fpgafile\e203_cnn\sdk\LeNet_hw\Debug/../hbird_sdk/SoC/hbirdv2/Common/Source/GCC/startup_hbirdv2.S:58

    /* Direct Mode: All exceptions set pc to BASE. */
    csrc CSR_MTVEC, 0x3
80000024:	3051f073          	csrci	mtvec,3
D:\fpgafile\e203_cnn\sdk\LeNet_hw\Debug/../hbird_sdk/SoC/hbirdv2/Common/Source/GCC/startup_hbirdv2.S:74
    /* ===== Startup Stage 3 ===== */
    /*
     * Load code section frm FLASH to ILM
     * when code LMA is different with VMA
     */
    la a0, _ilm_lma
80000028:	00000517          	auipc	a0,0x0
8000002c:	09850513          	addi	a0,a0,152 # 800000c0 <main>
D:\fpgafile\e203_cnn\sdk\LeNet_hw\Debug/../hbird_sdk/SoC/hbirdv2/Common/Source/GCC/startup_hbirdv2.S:75
    la a1, _ilm
80000030:	00000597          	auipc	a1,0x0
80000034:	09058593          	addi	a1,a1,144 # 800000c0 <main>
D:\fpgafile\e203_cnn\sdk\LeNet_hw\Debug/../hbird_sdk/SoC/hbirdv2/Common/Source/GCC/startup_hbirdv2.S:77
    /* If the ILM phy-address same as the logic-address, then quit */
    beq a0, a1, 2f
80000038:	02b50063          	beq	a0,a1,80000058 <_start+0x58>
D:\fpgafile\e203_cnn\sdk\LeNet_hw\Debug/../hbird_sdk/SoC/hbirdv2/Common/Source/GCC/startup_hbirdv2.S:78
    la a2, _eilm
8000003c:	00010617          	auipc	a2,0x10
80000040:	af060613          	addi	a2,a2,-1296 # 8000fb2c <__fsymtab_end>
D:\fpgafile\e203_cnn\sdk\LeNet_hw\Debug/../hbird_sdk/SoC/hbirdv2/Common/Source/GCC/startup_hbirdv2.S:79
    bgeu a1, a2, 2f
80000044:	00c5fa63          	bgeu	a1,a2,80000058 <_start+0x58>
D:\fpgafile\e203_cnn\sdk\LeNet_hw\Debug/../hbird_sdk/SoC/hbirdv2/Common/Source/GCC/startup_hbirdv2.S:83

1:
    /* Load code section if necessary */
    lw t0, (a0)
80000048:	00052283          	lw	t0,0(a0)
D:\fpgafile\e203_cnn\sdk\LeNet_hw\Debug/../hbird_sdk/SoC/hbirdv2/Common/Source/GCC/startup_hbirdv2.S:84
    sw t0, (a1)
8000004c:	0055a023          	sw	t0,0(a1)
D:\fpgafile\e203_cnn\sdk\LeNet_hw\Debug/../hbird_sdk/SoC/hbirdv2/Common/Source/GCC/startup_hbirdv2.S:85
    addi a0, a0, 4
80000050:	0511                	addi	a0,a0,4
D:\fpgafile\e203_cnn\sdk\LeNet_hw\Debug/../hbird_sdk/SoC/hbirdv2/Common/Source/GCC/startup_hbirdv2.S:86
    addi a1, a1, 4
80000052:	0591                	addi	a1,a1,4
D:\fpgafile\e203_cnn\sdk\LeNet_hw\Debug/../hbird_sdk/SoC/hbirdv2/Common/Source/GCC/startup_hbirdv2.S:87
    bltu a1, a2, 1b
80000054:	fec5eae3          	bltu	a1,a2,80000048 <_start+0x48>
D:\fpgafile\e203_cnn\sdk\LeNet_hw\Debug/../hbird_sdk/SoC/hbirdv2/Common/Source/GCC/startup_hbirdv2.S:90
2:
    /* Load data section */
    la a0, _data_lma
80000058:	00010517          	auipc	a0,0x10
8000005c:	ad450513          	addi	a0,a0,-1324 # 8000fb2c <__fsymtab_end>
D:\fpgafile\e203_cnn\sdk\LeNet_hw\Debug/../hbird_sdk/SoC/hbirdv2/Common/Source/GCC/startup_hbirdv2.S:91
    la a1, _data
80000060:	10000597          	auipc	a1,0x10000
80000064:	fa058593          	addi	a1,a1,-96 # 90000000 <impure_data>
D:\fpgafile\e203_cnn\sdk\LeNet_hw\Debug/../hbird_sdk/SoC/hbirdv2/Common/Source/GCC/startup_hbirdv2.S:92
    la a2, _edata
80000068:	81418613          	addi	a2,gp,-2028 # 90000074 <errno>
D:\fpgafile\e203_cnn\sdk\LeNet_hw\Debug/../hbird_sdk/SoC/hbirdv2/Common/Source/GCC/startup_hbirdv2.S:93
    bgeu a1, a2, 2f
8000006c:	00c5fa63          	bgeu	a1,a2,80000080 <_start+0x80>
D:\fpgafile\e203_cnn\sdk\LeNet_hw\Debug/../hbird_sdk/SoC/hbirdv2/Common/Source/GCC/startup_hbirdv2.S:95
1:
    lw t0, (a0)
80000070:	00052283          	lw	t0,0(a0)
D:\fpgafile\e203_cnn\sdk\LeNet_hw\Debug/../hbird_sdk/SoC/hbirdv2/Common/Source/GCC/startup_hbirdv2.S:96
    sw t0, (a1)
80000074:	0055a023          	sw	t0,0(a1)
D:\fpgafile\e203_cnn\sdk\LeNet_hw\Debug/../hbird_sdk/SoC/hbirdv2/Common/Source/GCC/startup_hbirdv2.S:97
    addi a0, a0, 4
80000078:	0511                	addi	a0,a0,4
D:\fpgafile\e203_cnn\sdk\LeNet_hw\Debug/../hbird_sdk/SoC/hbirdv2/Common/Source/GCC/startup_hbirdv2.S:98
    addi a1, a1, 4
8000007a:	0591                	addi	a1,a1,4
D:\fpgafile\e203_cnn\sdk\LeNet_hw\Debug/../hbird_sdk/SoC/hbirdv2/Common/Source/GCC/startup_hbirdv2.S:99
    bltu a1, a2, 1b
8000007c:	fec5eae3          	bltu	a1,a2,80000070 <_start+0x70>
D:\fpgafile\e203_cnn\sdk\LeNet_hw\Debug/../hbird_sdk/SoC/hbirdv2/Common/Source/GCC/startup_hbirdv2.S:102
2:
    /* Clear bss section */
    la a0, __bss_start
80000080:	81418513          	addi	a0,gp,-2028 # 90000074 <errno>
D:\fpgafile\e203_cnn\sdk\LeNet_hw\Debug/../hbird_sdk/SoC/hbirdv2/Common/Source/GCC/startup_hbirdv2.S:103
    la a1, _end
80000084:	10004597          	auipc	a1,0x10004
80000088:	b0c58593          	addi	a1,a1,-1268 # 90003b90 <_end>
D:\fpgafile\e203_cnn\sdk\LeNet_hw\Debug/../hbird_sdk/SoC/hbirdv2/Common/Source/GCC/startup_hbirdv2.S:104
    bgeu a0, a1, 2f
8000008c:	00b57763          	bgeu	a0,a1,8000009a <_start+0x9a>
D:\fpgafile\e203_cnn\sdk\LeNet_hw\Debug/../hbird_sdk/SoC/hbirdv2/Common/Source/GCC/startup_hbirdv2.S:106
1:
    sw zero, (a0)
80000090:	00052023          	sw	zero,0(a0)
D:\fpgafile\e203_cnn\sdk\LeNet_hw\Debug/../hbird_sdk/SoC/hbirdv2/Common/Source/GCC/startup_hbirdv2.S:107
    addi a0, a0, 4
80000094:	0511                	addi	a0,a0,4
D:\fpgafile\e203_cnn\sdk\LeNet_hw\Debug/../hbird_sdk/SoC/hbirdv2/Common/Source/GCC/startup_hbirdv2.S:108
    bltu a0, a1, 1b
80000096:	feb56de3          	bltu	a0,a1,80000090 <_start+0x90>
D:\fpgafile\e203_cnn\sdk\LeNet_hw\Debug/../hbird_sdk/SoC/hbirdv2/Common/Source/GCC/startup_hbirdv2.S:115

    /*
     * Call vendor defined SystemInit to
     * initialize the micro-controller system
     */
    call SystemInit
8000009a:	72b000ef          	jal	ra,80000fc4 <SystemInit>
D:\fpgafile\e203_cnn\sdk\LeNet_hw\Debug/../hbird_sdk/SoC/hbirdv2/Common/Source/GCC/startup_hbirdv2.S:118

    /* Call global constructors */
    la a0, __libc_fini_array
8000009e:	00001517          	auipc	a0,0x1
800000a2:	41a50513          	addi	a0,a0,1050 # 800014b8 <__libc_fini_array>
D:\fpgafile\e203_cnn\sdk\LeNet_hw\Debug/../hbird_sdk/SoC/hbirdv2/Common/Source/GCC/startup_hbirdv2.S:119
    call atexit
800000a6:	408010ef          	jal	ra,800014ae <atexit>
D:\fpgafile\e203_cnn\sdk\LeNet_hw\Debug/../hbird_sdk/SoC/hbirdv2/Common/Source/GCC/startup_hbirdv2.S:121
    /* Call C/C++ constructor start up code */
    call __libc_init_array
800000aa:	444010ef          	jal	ra,800014ee <__libc_init_array>
D:\fpgafile\e203_cnn\sdk\LeNet_hw\Debug/../hbird_sdk/SoC/hbirdv2/Common/Source/GCC/startup_hbirdv2.S:124

    /* do pre-init steps before main */
    call _premain_init
800000ae:	7b5000ef          	jal	ra,80001062 <_premain_init>
D:\fpgafile\e203_cnn\sdk\LeNet_hw\Debug/../hbird_sdk/SoC/hbirdv2/Common/Source/GCC/startup_hbirdv2.S:127
    /* ===== Call Main Function  ===== */
    /* argc = argv = 0 */
    li a0, 0
800000b2:	4501                	li	a0,0
D:\fpgafile\e203_cnn\sdk\LeNet_hw\Debug/../hbird_sdk/SoC/hbirdv2/Common/Source/GCC/startup_hbirdv2.S:128
    li a1, 0
800000b4:	4581                	li	a1,0
D:\fpgafile\e203_cnn\sdk\LeNet_hw\Debug/../hbird_sdk/SoC/hbirdv2/Common/Source/GCC/startup_hbirdv2.S:134

#ifdef RTOS_RTTHREAD
    // Call entry function when using RT-Thread
    call entry
#else
    call main
800000b6:	2029                	jal	800000c0 <main>
D:\fpgafile\e203_cnn\sdk\LeNet_hw\Debug/../hbird_sdk/SoC/hbirdv2/Common/Source/GCC/startup_hbirdv2.S:137
#endif
    /* do post-main steps after main */
    call _postmain_fini
800000b8:	090010ef          	jal	ra,80001148 <_postmain_fini>
D:\fpgafile\e203_cnn\sdk\LeNet_hw\Debug/../hbird_sdk/SoC/hbirdv2/Common/Source/GCC/startup_hbirdv2.S:140

1:
    j 1b
800000bc:	a001                	j	800000bc <_start+0xbc>

Disassembly of section .text:

800000c0 <main>:
main():
D:\fpgafile\e203_cnn\sdk\LeNet_hw\Debug/../application/main.c:177
    return argmax(final_out, 10);
}

// ============ 主函数 ============
int main(void)
{
800000c0:	7131                	addi	sp,sp,-192
D:\fpgafile\e203_cnn\sdk\LeNet_hw\Debug/../application/main.c:178
    printf("\n===== LeNet-5 Accuracy Test (100 images) =====\n");
800000c2:	00002517          	auipc	a0,0x2
800000c6:	7fe50513          	addi	a0,a0,2046 # 800028c0 <_read_r+0xf4>
D:\fpgafile\e203_cnn\sdk\LeNet_hw\Debug/../application/main.c:177
{
800000ca:	df06                	sw	ra,188(sp)
800000cc:	dd22                	sw	s0,184(sp)
800000ce:	db26                	sw	s1,180(sp)
800000d0:	d94a                	sw	s2,176(sp)
800000d2:	d74e                	sw	s3,172(sp)
800000d4:	d552                	sw	s4,168(sp)
800000d6:	d356                	sw	s5,164(sp)
800000d8:	d15a                	sw	s6,160(sp)
800000da:	cf5e                	sw	s7,156(sp)
800000dc:	cd62                	sw	s8,152(sp)
800000de:	cb66                	sw	s9,148(sp)
800000e0:	c96a                	sw	s10,144(sp)
800000e2:	c76e                	sw	s11,140(sp)
D:\fpgafile\e203_cnn\sdk\LeNet_hw\Debug/../application/main.c:178
    printf("\n===== LeNet-5 Accuracy Test (100 images) =====\n");
800000e4:	57c010ef          	jal	ra,80001660 <puts>
cnn_init():
D:\fpgafile\e203_cnn\sdk\LeNet_hw\Debug/../application/../include/cnn.h:60
}

/* ---- 基本操作 ---- */
static inline int cnn_init(void)
{
    return (CNN_RD(CNN_VERSION) == 0x00010000u) ? 0 : -1;
800000e8:	400007b7          	lui	a5,0x40000
800000ec:	5b98                	lw	a4,48(a5)
800000ee:	67c1                	lui	a5,0x10
800000f0:	40f710e3          	bne	a4,a5,80000cf0 <main+0xc30>
main():
D:\fpgafile\e203_cnn\sdk\LeNet_hw\Debug/../application/main.c:184

    if (cnn_init() != 0) {
        printf("ERROR: CNN VERSION mismatch!\n");
        while (1);
    }
    printf("CNN VERSION OK\n\n");
800000f4:	00002517          	auipc	a0,0x2
800000f8:	7fc50513          	addi	a0,a0,2044 # 800028f0 <_read_r+0x124>
800000fc:	564010ef          	jal	ra,80001660 <puts>
get_cycle():
D:\fpgafile\e203_cnn\sdk\LeNet_hw\Debug/../application/main.c:49
    asm volatile ("csrr %0, mcycle" : "=r"(val));
80000100:	b00027f3          	csrr	a5,mcycle
80000104:	0000f717          	auipc	a4,0xf
80000108:	4b870713          	addi	a4,a4,1208 # 8000f5bc <mnist_100_labels>
8000010c:	fff74713          	not	a4,a4
80000110:	d23a                	sw	a4,36(sp)
cnn_config():
D:\fpgafile\e203_cnn\sdk\LeNet_hw\Debug/../application/../include/cnn.h:72

static inline void cnn_config(uint32_t h, uint32_t w, uint32_t c, uint32_t k,
                              uint32_t oc, uint32_t stride, uint32_t pad,
                              uint32_t shift, uint32_t relu)
{
    CNN_WR(CNN_CFG0, cnn_cfg0(h, w, c, k));
80000112:	05012737          	lui	a4,0x5012
80000116:	c1c70713          	addi	a4,a4,-996 # 5011c1c <__stack_size+0x501141c>
8000011a:	d43a                	sw	a4,40(sp)
8000011c:	05061737          	lui	a4,0x5061
get_cycle():
D:\fpgafile\e203_cnn\sdk\LeNet_hw\Debug/../application/main.c:49
80000120:	cc3e                	sw	a5,24(sp)
main():
D:\fpgafile\e203_cnn\sdk\LeNet_hw\Debug/../application/main.c:190

    uint32_t t_start = get_cycle();

    int correct = 0;
    int per_class_correct[10] = {0};
    int per_class_total[10]   = {0};
80000122:	4d01                	li	s10,0
80000124:	0000d797          	auipc	a5,0xd
80000128:	5f878793          	addi	a5,a5,1528 # 8000d71c <mnist_100>
cnn_layer():
D:\fpgafile\e203_cnn\sdk\LeNet_hw\Debug/../application/../include/cnn.h:119
    cnn_config(in_h, in_w, in_c, k, oc, stride, pad, shift, relu);
    cnn_load_input(x, in_h * in_w * in_c);
    cnn_load_weight(w, k * k * in_c * oc);
    cnn_load_bias(b, oc);
    cnn_run();
    for (int i = 0; i < out_n; i++)
8000012c:	6405                	lui	s0,0x1
cnn_config():
D:\fpgafile\e203_cnn\sdk\LeNet_hw\Debug/../application/../include/cnn.h:72
    CNN_WR(CNN_CFG0, cnn_cfg0(h, w, c, k));
8000012e:	c0c70713          	addi	a4,a4,-1012 # 5060c0c <__stack_size+0x506040c>
80000132:	c43e                	sw	a5,8(sp)
D:\fpgafile\e203_cnn\sdk\LeNet_hw\Debug/../application/../include/cnn.h:73
    CNN_WR(CNN_CFG1, cnn_cfg1(oc, stride, pad, shift, relu));
80000134:	000a0b37          	lui	s6,0xa0
main():
D:\fpgafile\e203_cnn\sdk\LeNet_hw\Debug/../application/main.c:189
    int per_class_correct[10] = {0};
80000138:	d802                	sw	zero,48(sp)
8000013a:	da02                	sw	zero,52(sp)
8000013c:	dc02                	sw	zero,56(sp)
8000013e:	de02                	sw	zero,60(sp)
80000140:	c082                	sw	zero,64(sp)
80000142:	c282                	sw	zero,68(sp)
80000144:	c482                	sw	zero,72(sp)
80000146:	c682                	sw	zero,76(sp)
80000148:	c882                	sw	zero,80(sp)
8000014a:	ca82                	sw	zero,84(sp)
D:\fpgafile\e203_cnn\sdk\LeNet_hw\Debug/../application/main.c:190
    int per_class_total[10]   = {0};
8000014c:	cc82                	sw	zero,88(sp)
8000014e:	ce82                	sw	zero,92(sp)
80000150:	d082                	sw	zero,96(sp)
80000152:	d282                	sw	zero,100(sp)
80000154:	d482                	sw	zero,104(sp)
80000156:	d682                	sw	zero,108(sp)
80000158:	d882                	sw	zero,112(sp)
8000015a:	da82                	sw	zero,116(sp)
8000015c:	dc82                	sw	zero,120(sp)
8000015e:	de82                	sw	zero,124(sp)
D:\fpgafile\e203_cnn\sdk\LeNet_hw\Debug/../application/main.c:192

    for (int i = 0; i < 10; i++) {
80000160:	0000fd97          	auipc	s11,0xf
80000164:	45dd8d93          	addi	s11,s11,1117 # 8000f5bd <mnist_100_labels+0x1>
D:\fpgafile\e203_cnn\sdk\LeNet_hw\Debug/../application/main.c:190
    int per_class_total[10]   = {0};
80000168:	4781                	li	a5,0
8000016a:	c802                	sw	zero,16(sp)
D:\fpgafile\e203_cnn\sdk\LeNet_hw\Debug/../application/main.c:188
    int correct = 0;
8000016c:	c602                	sw	zero,12(sp)
8000016e:	ca02                	sw	zero,20(sp)
80000170:	10003c97          	auipc	s9,0x10003
80000174:	54cc8c93          	addi	s9,s9,1356 # 900036bc <s2_out+0x1c>
80000178:	10000917          	auipc	s2,0x10000
8000017c:	fa490913          	addi	s2,s2,-92 # 9000011c <c1_out>
80000180:	63c18493          	addi	s1,gp,1596 # 90000e9c <c3_out>
80000184:	10001a97          	auipc	s5,0x10001
80000188:	118a8a93          	addi	s5,s5,280 # 9000129c <c5_out>
8000018c:	10001a17          	auipc	s4,0x10001
80000190:	130a0a13          	addi	s4,s4,304 # 900012bc <c5_out+0x20>
80000194:	10001997          	auipc	s3,0x10001
80000198:	14898993          	addi	s3,s3,328 # 900012dc <c5_out+0x40>
8000019c:	10001b97          	auipc	s7,0x10001
800001a0:	160b8b93          	addi	s7,s7,352 # 900012fc <c5_out+0x60>
cnn_layer():
D:\fpgafile\e203_cnn\sdk\LeNet_hw\Debug/../application/../include/cnn.h:119
    for (int i = 0; i < out_n; i++)
800001a4:	d8040413          	addi	s0,s0,-640 # d80 <__stack_size+0x580>
cnn_config():
D:\fpgafile\e203_cnn\sdk\LeNet_hw\Debug/../application/../include/cnn.h:72
    CNN_WR(CNN_CFG0, cnn_cfg0(h, w, c, k));
800001a8:	d63a                	sw	a4,44(sp)
800001aa:	866a                	mv	a2,s10
800001ac:	5712                	lw	a4,36(sp)
800001ae:	10003597          	auipc	a1,0x10003
800001b2:	1fe58593          	addi	a1,a1,510 # 900033ac <input_img+0x1c>
infer_one():
D:\fpgafile\e203_cnn\sdk\LeNet_hw\Debug/../application/main.c:93
            input_img[i][j] = (int8_t)(img[i][j] * 100 / 255);
800001b6:	06400813          	li	a6,100
800001ba:	976e                	add	a4,a4,s11
800001bc:	d03a                	sw	a4,32(sp)
D:\fpgafile\e203_cnn\sdk\LeNet_hw\Debug/../application/main.c:91
    for (int i = 0; i < INPUT_H; i++)
800001be:	4722                	lw	a4,8(sp)
D:\fpgafile\e203_cnn\sdk\LeNet_hw\Debug/../application/main.c:93
            input_img[i][j] = (int8_t)(img[i][j] * 100 / 255);
800001c0:	0ff00513          	li	a0,255
800001c4:	00170893          	addi	a7,a4,1
D:\fpgafile\e203_cnn\sdk\LeNet_hw\Debug/../application/main.c:92
        for (int j = 0; j < INPUT_W; j++)
800001c8:	fe458713          	addi	a4,a1,-28
main():
D:\fpgafile\e203_cnn\sdk\LeNet_hw\Debug/../application/main.c:188
    int correct = 0;
800001cc:	86c6                	mv	a3,a7
800001ce:	a021                	j	800001d6 <main+0x116>
infer_one():
D:\fpgafile\e203_cnn\sdk\LeNet_hw\Debug/../application/main.c:93
            input_img[i][j] = (int8_t)(img[i][j] * 100 / 255);
800001d0:	0006c783          	lbu	a5,0(a3)
800001d4:	0685                	addi	a3,a3,1
800001d6:	030787b3          	mul	a5,a5,a6
D:\fpgafile\e203_cnn\sdk\LeNet_hw\Debug/../application/main.c:92
        for (int j = 0; j < INPUT_W; j++)
800001da:	0705                	addi	a4,a4,1
D:\fpgafile\e203_cnn\sdk\LeNet_hw\Debug/../application/main.c:93
            input_img[i][j] = (int8_t)(img[i][j] * 100 / 255);
800001dc:	02a7c7b3          	div	a5,a5,a0
800001e0:	fef70fa3          	sb	a5,-1(a4)
D:\fpgafile\e203_cnn\sdk\LeNet_hw\Debug/../application/main.c:92
        for (int j = 0; j < INPUT_W; j++)
800001e4:	feb716e3          	bne	a4,a1,800001d0 <main+0x110>
D:\fpgafile\e203_cnn\sdk\LeNet_hw\Debug/../application/main.c:91
    for (int i = 0; i < INPUT_H; i++)
800001e8:	01c70593          	addi	a1,a4,28
800001ec:	08f1                	addi	a7,a7,28
800001ee:	00bc8563          	beq	s9,a1,800001f8 <main+0x138>
D:\fpgafile\e203_cnn\sdk\LeNet_hw\Debug/../application/main.c:93
            input_img[i][j] = (int8_t)(img[i][j] * 100 / 255);
800001f2:	fff8c783          	lbu	a5,-1(a7)
800001f6:	bfc9                	j	800001c8 <main+0x108>
D:\fpgafile\e203_cnn\sdk\LeNet_hw\Debug/../application/main.c:98
            hw_x[h*28 + w] = input_img[h][w];
800001f8:	10003797          	auipc	a5,0x10003
800001fc:	19878793          	addi	a5,a5,408 # 90003390 <input_img>
80000200:	10001717          	auipc	a4,0x10001
80000204:	19070713          	addi	a4,a4,400 # 90001390 <hw_x>
80000208:	47d4                	lw	a3,12(a5)
8000020a:	0007a803          	lw	a6,0(a5)
8000020e:	43c8                	lw	a0,4(a5)
80000210:	478c                	lw	a1,8(a5)
80000212:	c754                	sw	a3,12(a4)
80000214:	01072023          	sw	a6,0(a4)
80000218:	c348                	sw	a0,4(a4)
8000021a:	c70c                	sw	a1,8(a4)
8000021c:	07c1                	addi	a5,a5,16
8000021e:	10003697          	auipc	a3,0x10003
80000222:	48268693          	addi	a3,a3,1154 # 900036a0 <s2_out>
80000226:	0741                	addi	a4,a4,16
80000228:	fed790e3          	bne	a5,a3,80000208 <main+0x148>
cnn_clear_ptrs():
D:\fpgafile\e203_cnn\sdk\LeNet_hw\Debug/../application/../include/cnn.h:65
    CNN_WR(CNN_CTRL, CNN_CTRL_CLR_WPTR | CNN_CTRL_CLR_IPTR | CNN_CTRL_CLR_BPTR);
8000022c:	400007b7          	lui	a5,0x40000
80000230:	4739                	li	a4,14
80000232:	c398                	sw	a4,0(a5)
cnn_config():
D:\fpgafile\e203_cnn\sdk\LeNet_hw\Debug/../application/../include/cnn.h:72
    CNN_WR(CNN_CFG0, cnn_cfg0(h, w, c, k));
80000234:	5722                	lw	a4,40(sp)
80000236:	10001c17          	auipc	s8,0x10001
8000023a:	15ac0c13          	addi	s8,s8,346 # 90001390 <hw_x>
8000023e:	cbd8                	sw	a4,20(a5)
D:\fpgafile\e203_cnn\sdk\LeNet_hw\Debug/../application/../include/cnn.h:73
    CNN_WR(CNN_CFG1, cnn_cfg1(oc, stride, pad, shift, relu));
80000240:	000a0737          	lui	a4,0xa0
80000244:	10670713          	addi	a4,a4,262 # a0106 <__stack_size+0x9f906>
80000248:	cf98                	sw	a4,24(a5)
8000024a:	87e2                	mv	a5,s8
cnn_load_input():
D:\fpgafile\e203_cnn\sdk\LeNet_hw\Debug/../application/../include/cnn.h:79
        CNN_WR(CNN_IDATA, (uint32_t)(int32_t)x[i]);
8000024c:	40000737          	lui	a4,0x40000
80000250:	00078683          	lb	a3,0(a5) # 40000000 <__stack_size+0x3ffff800>
D:\fpgafile\e203_cnn\sdk\LeNet_hw\Debug/../application/../include/cnn.h:78
    for (int i = 0; i < n; i++)
80000254:	0785                	addi	a5,a5,1
D:\fpgafile\e203_cnn\sdk\LeNet_hw\Debug/../application/../include/cnn.h:79
        CNN_WR(CNN_IDATA, (uint32_t)(int32_t)x[i]);
80000256:	c754                	sw	a3,12(a4)
D:\fpgafile\e203_cnn\sdk\LeNet_hw\Debug/../application/../include/cnn.h:78
    for (int i = 0; i < n; i++)
80000258:	10001697          	auipc	a3,0x10001
8000025c:	44868693          	addi	a3,a3,1096 # 900016a0 <hw_x+0x310>
80000260:	fed798e3          	bne	a5,a3,80000250 <main+0x190>
80000264:	00002797          	auipc	a5,0x2
80000268:	7f178793          	addi	a5,a5,2033 # 80002a55 <c1_weight_hw+0x1>
8000026c:	fde00713          	li	a4,-34
cnn_load_weight():
D:\fpgafile\e203_cnn\sdk\LeNet_hw\Debug/../application/../include/cnn.h:85
        CNN_WR(CNN_WDATA, (uint32_t)(int32_t)w[i]);
80000270:	400006b7          	lui	a3,0x40000
80000274:	a021                	j	8000027c <main+0x1bc>
80000276:	00078703          	lb	a4,0(a5)
8000027a:	0785                	addi	a5,a5,1
8000027c:	c698                	sw	a4,8(a3)
D:\fpgafile\e203_cnn\sdk\LeNet_hw\Debug/../application/../include/cnn.h:84
    for (int i = 0; i < n; i++)
8000027e:	00003717          	auipc	a4,0x3
80000282:	86c70713          	addi	a4,a4,-1940 # 80002aea <c1_weight_hw+0x96>
80000286:	fef718e3          	bne	a4,a5,80000276 <main+0x1b6>
8000028a:	00002797          	auipc	a5,0x2
8000028e:	7b278793          	addi	a5,a5,1970 # 80002a3c <c1_bias>
80000292:	25900693          	li	a3,601
cnn_load_bias():
D:\fpgafile\e203_cnn\sdk\LeNet_hw\Debug/../application/../include/cnn.h:91
        CNN_WR(CNN_BIAS, (uint32_t)b[i]);
80000296:	40000737          	lui	a4,0x40000
8000029a:	a011                	j	8000029e <main+0x1de>
8000029c:	4394                	lw	a3,0(a5)
8000029e:	cb14                	sw	a3,16(a4)
D:\fpgafile\e203_cnn\sdk\LeNet_hw\Debug/../application/../include/cnn.h:90
    for (int i = 0; i < n; i++)
800002a0:	0791                	addi	a5,a5,4
800002a2:	00002697          	auipc	a3,0x2
800002a6:	7b268693          	addi	a3,a3,1970 # 80002a54 <c1_weight_hw>
800002aa:	fed799e3          	bne	a5,a3,8000029c <main+0x1dc>
cnn_run():
D:\fpgafile\e203_cnn\sdk\LeNet_hw\Debug/../application/../include/cnn.h:96
    CNN_WR(CNN_CTRL, CNN_CTRL_START);
800002ae:	4785                	li	a5,1
800002b0:	c31c                	sw	a5,0(a4)
D:\fpgafile\e203_cnn\sdk\LeNet_hw\Debug/../application/../include/cnn.h:97
    while ((CNN_RD(CNN_STATUS) & CNN_STATUS_DONE) == 0);
800002b2:	40000737          	lui	a4,0x40000
800002b6:	435c                	lw	a5,4(a4)
800002b8:	8b89                	andi	a5,a5,2
800002ba:	dff5                	beqz	a5,800002b6 <main+0x1f6>
D:\fpgafile\e203_cnn\sdk\LeNet_hw\Debug/../application/../include/cnn.h:98
    CNN_WR(CNN_CTRL, 0);   /* 必须拉低 start，否则下一轮启动不了 */
800002bc:	10002097          	auipc	ra,0x10002
800002c0:	0d408093          	addi	ra,ra,212 # 90002390 <hw_y>
800002c4:	00072023          	sw	zero,0(a4) # 40000000 <__stack_size+0x3ffff800>
800002c8:	8f06                	mv	t5,ra
800002ca:	8706                	mv	a4,ra
cnn_layer():
D:\fpgafile\e203_cnn\sdk\LeNet_hw\Debug/../application/../include/cnn.h:119
    for (int i = 0; i < out_n; i++)
800002cc:	4781                	li	a5,0
cnn_read_output():
D:\fpgafile\e203_cnn\sdk\LeNet_hw\Debug/../application/../include/cnn.h:103
    CNN_WR(CNN_OINDEX, (uint32_t)idx);
800002ce:	400006b7          	lui	a3,0x40000
800002d2:	cedc                	sw	a5,28(a3)
D:\fpgafile\e203_cnn\sdk\LeNet_hw\Debug/../application/../include/cnn.h:104
    return (int8_t)CNN_RD(CNN_ODATA);
800002d4:	528c                	lw	a1,32(a3)
cnn_layer():
D:\fpgafile\e203_cnn\sdk\LeNet_hw\Debug/../application/../include/cnn.h:119
    for (int i = 0; i < out_n; i++)
800002d6:	0785                	addi	a5,a5,1
800002d8:	0705                	addi	a4,a4,1
cnn_read_output():
D:\fpgafile\e203_cnn\sdk\LeNet_hw\Debug/../application/../include/cnn.h:104
    return (int8_t)CNN_RD(CNN_ODATA);
800002da:	feb70fa3          	sb	a1,-1(a4)
cnn_layer():
D:\fpgafile\e203_cnn\sdk\LeNet_hw\Debug/../application/../include/cnn.h:119
    for (int i = 0; i < out_n; i++)
800002de:	fe879ae3          	bne	a5,s0,800002d2 <main+0x212>
800002e2:	10002517          	auipc	a0,0x10002
800002e6:	0ae50513          	addi	a0,a0,174 # 90002390 <hw_y>
infer_one():
D:\fpgafile\e203_cnn\sdk\LeNet_hw\Debug/../application/main.c:103
    for (int i = 0; i < 24*24*6; i++) {
800002ea:	4701                	li	a4,0
D:\fpgafile\e203_cnn\sdk\LeNet_hw\Debug/../application/main.c:106
        int oh = (i / 6) / 24;
800002ec:	09000e93          	li	t4,144
D:\fpgafile\e203_cnn\sdk\LeNet_hw\Debug/../application/main.c:104
        int oc = i % 6;
800002f0:	4899                	li	a7,6
D:\fpgafile\e203_cnn\sdk\LeNet_hw\Debug/../application/main.c:105
        int ow = (i / 6) % 24;
800002f2:	4e61                	li	t3,24
800002f4:	03174833          	div	a6,a4,a7
D:\fpgafile\e203_cnn\sdk\LeNet_hw\Debug/../application/main.c:107
        c1_out[oc][oh][ow] = hw_y[i];
800002f8:	00054583          	lbu	a1,0(a0)
D:\fpgafile\e203_cnn\sdk\LeNet_hw\Debug/../application/main.c:103
    for (int i = 0; i < 24*24*6; i++) {
800002fc:	0505                	addi	a0,a0,1
D:\fpgafile\e203_cnn\sdk\LeNet_hw\Debug/../application/main.c:106
        int oh = (i / 6) / 24;
800002fe:	03d746b3          	div	a3,a4,t4
D:\fpgafile\e203_cnn\sdk\LeNet_hw\Debug/../application/main.c:104
        int oc = i % 6;
80000302:	03176333          	rem	t1,a4,a7
D:\fpgafile\e203_cnn\sdk\LeNet_hw\Debug/../application/main.c:107
        c1_out[oc][oh][ow] = hw_y[i];
80000306:	00169793          	slli	a5,a3,0x1
8000030a:	97b6                	add	a5,a5,a3
8000030c:	078e                	slli	a5,a5,0x3
D:\fpgafile\e203_cnn\sdk\LeNet_hw\Debug/../application/main.c:103
    for (int i = 0; i < 24*24*6; i++) {
8000030e:	0705                	addi	a4,a4,1
D:\fpgafile\e203_cnn\sdk\LeNet_hw\Debug/../application/main.c:105
        int ow = (i / 6) % 24;
80000310:	03c86833          	rem	a6,a6,t3
D:\fpgafile\e203_cnn\sdk\LeNet_hw\Debug/../application/main.c:107
        c1_out[oc][oh][ow] = hw_y[i];
80000314:	00331693          	slli	a3,t1,0x3
80000318:	969a                	add	a3,a3,t1
8000031a:	069a                	slli	a3,a3,0x6
8000031c:	97b6                	add	a5,a5,a3
8000031e:	97ca                	add	a5,a5,s2
80000320:	97c2                	add	a5,a5,a6
80000322:	00b78023          	sb	a1,0(a5)
D:\fpgafile\e203_cnn\sdk\LeNet_hw\Debug/../application/main.c:103
    for (int i = 0; i < 24*24*6; i++) {
80000326:	fc8717e3          	bne	a4,s0,800002f4 <main+0x234>
8000032a:	10003397          	auipc	t2,0x10003
8000032e:	37638393          	addi	t2,t2,886 # 900036a0 <s2_out>
80000332:	4281                	li	t0,0
80000334:	4f81                	li	t6,0
pool_s2():
D:\fpgafile\e203_cnn\sdk\LeNet_hw\Debug/../application/main.c:55
    for (int ch = 0; ch < 6; ch++)
80000336:	36000d13          	li	s10,864
D:\fpgafile\e203_cnn\sdk\LeNet_hw\Debug/../application/main.c:56
        for (int oh = 0; oh < S2_OUT_H; oh++)
8000033a:	10000797          	auipc	a5,0x10000
8000033e:	dfa78793          	addi	a5,a5,-518 # 90000134 <c1_out+0x18>
80000342:	01f78833          	add	a6,a5,t6
80000346:	10000797          	auipc	a5,0x10000
8000034a:	02e78793          	addi	a5,a5,46 # 90000374 <c1_out+0x258>
infer_one():
D:\fpgafile\e203_cnn\sdk\LeNet_hw\Debug/../application/main.c:103
    for (int i = 0; i < 24*24*6; i++) {
8000034e:	889e                	mv	a7,t2
80000350:	01f78333          	add	t1,a5,t6
pool_s2():
D:\fpgafile\e203_cnn\sdk\LeNet_hw\Debug/../application/main.c:57
            for (int ow = 0; ow < S2_OUT_W; ow++) {
80000354:	fe880713          	addi	a4,a6,-24
infer_one():
D:\fpgafile\e203_cnn\sdk\LeNet_hw\Debug/../application/main.c:103
    for (int i = 0; i < 24*24*6; i++) {
80000358:	8546                	mv	a0,a7
8000035a:	86c2                	mv	a3,a6
pool_s2():
D:\fpgafile\e203_cnn\sdk\LeNet_hw\Debug/../application/main.c:61
                        s += c1_out[ch][oh*2+m][ow*2+n];
8000035c:	00070e03          	lb	t3,0(a4)
80000360:	00170e83          	lb	t4,1(a4)
80000364:	00068583          	lb	a1,0(a3) # 40000000 <__stack_size+0x3ffff800>
80000368:	00168783          	lb	a5,1(a3)
8000036c:	9e76                	add	t3,t3,t4
8000036e:	95f2                	add	a1,a1,t3
80000370:	97ae                	add	a5,a5,a1
D:\fpgafile\e203_cnn\sdk\LeNet_hw\Debug/../application/main.c:62
                s2_out[ch][oh][ow] = (int8_t)(s >> 2);
80000372:	8789                	srai	a5,a5,0x2
80000374:	00f50023          	sb	a5,0(a0)
D:\fpgafile\e203_cnn\sdk\LeNet_hw\Debug/../application/main.c:57
            for (int ow = 0; ow < S2_OUT_W; ow++) {
80000378:	0709                	addi	a4,a4,2
8000037a:	0689                	addi	a3,a3,2
8000037c:	0505                	addi	a0,a0,1
8000037e:	fce81fe3          	bne	a6,a4,8000035c <main+0x29c>
D:\fpgafile\e203_cnn\sdk\LeNet_hw\Debug/../application/main.c:56
        for (int oh = 0; oh < S2_OUT_H; oh++)
80000382:	03080813          	addi	a6,a6,48
80000386:	08b1                	addi	a7,a7,12
80000388:	fc6816e3          	bne	a6,t1,80000354 <main+0x294>
D:\fpgafile\e203_cnn\sdk\LeNet_hw\Debug/../application/main.c:55
    for (int ch = 0; ch < 6; ch++)
8000038c:	09028293          	addi	t0,t0,144
80000390:	09038393          	addi	t2,t2,144
80000394:	240f8f93          	addi	t6,t6,576
80000398:	fba291e3          	bne	t0,s10,8000033a <main+0x27a>
8000039c:	10003817          	auipc	a6,0x10003
800003a0:	31080813          	addi	a6,a6,784 # 900036ac <s2_out+0xc>
800003a4:	10001317          	auipc	t1,0x10001
800003a8:	ff230313          	addi	t1,t1,-14 # 90001396 <hw_x+0x6>
800003ac:	4881                	li	a7,0
infer_one():
D:\fpgafile\e203_cnn\sdk\LeNet_hw\Debug/../application/main.c:114
    for (int h = 0; h < 12; h++)
800003ae:	09000e13          	li	t3,144
D:\fpgafile\e203_cnn\sdk\LeNet_hw\Debug/../application/main.c:115
        for (int w = 0; w < 12; w++)
800003b2:	ff480513          	addi	a0,a6,-12
D:\fpgafile\e203_cnn\sdk\LeNet_hw\Debug/../application/main.c:103
    for (int i = 0; i < 24*24*6; i++) {
800003b6:	859a                	mv	a1,t1
D:\fpgafile\e203_cnn\sdk\LeNet_hw\Debug/../application/main.c:116
            for (int c = 0; c < 6; c++)
800003b8:	ffa58793          	addi	a5,a1,-6
D:\fpgafile\e203_cnn\sdk\LeNet_hw\Debug/../application/main.c:103
    for (int i = 0; i < 24*24*6; i++) {
800003bc:	872a                	mv	a4,a0
D:\fpgafile\e203_cnn\sdk\LeNet_hw\Debug/../application/main.c:117
                hw_x[(h*12 + w)*6 + c] = s2_out[c][h][w];
800003be:	00074683          	lbu	a3,0(a4)
D:\fpgafile\e203_cnn\sdk\LeNet_hw\Debug/../application/main.c:116
            for (int c = 0; c < 6; c++)
800003c2:	0785                	addi	a5,a5,1
800003c4:	09070713          	addi	a4,a4,144
D:\fpgafile\e203_cnn\sdk\LeNet_hw\Debug/../application/main.c:117
                hw_x[(h*12 + w)*6 + c] = s2_out[c][h][w];
800003c8:	fed78fa3          	sb	a3,-1(a5)
D:\fpgafile\e203_cnn\sdk\LeNet_hw\Debug/../application/main.c:116
            for (int c = 0; c < 6; c++)
800003cc:	fef599e3          	bne	a1,a5,800003be <main+0x2fe>
D:\fpgafile\e203_cnn\sdk\LeNet_hw\Debug/../application/main.c:115
        for (int w = 0; w < 12; w++)
800003d0:	0505                	addi	a0,a0,1
800003d2:	0599                	addi	a1,a1,6
800003d4:	fea812e3          	bne	a6,a0,800003b8 <main+0x2f8>
D:\fpgafile\e203_cnn\sdk\LeNet_hw\Debug/../application/main.c:114
    for (int h = 0; h < 12; h++)
800003d8:	08b1                	addi	a7,a7,12
800003da:	0831                	addi	a6,a6,12
800003dc:	04830313          	addi	t1,t1,72
800003e0:	fdc899e3          	bne	a7,t3,800003b2 <main+0x2f2>
cnn_clear_ptrs():
D:\fpgafile\e203_cnn\sdk\LeNet_hw\Debug/../application/../include/cnn.h:65
    CNN_WR(CNN_CTRL, CNN_CTRL_CLR_WPTR | CNN_CTRL_CLR_IPTR | CNN_CTRL_CLR_BPTR);
800003e4:	400007b7          	lui	a5,0x40000
800003e8:	4739                	li	a4,14
800003ea:	c398                	sw	a4,0(a5)
cnn_config():
D:\fpgafile\e203_cnn\sdk\LeNet_hw\Debug/../application/../include/cnn.h:72
    CNN_WR(CNN_CFG0, cnn_cfg0(h, w, c, k));
800003ec:	5732                	lw	a4,44(sp)
800003ee:	cbd8                	sw	a4,20(a5)
D:\fpgafile\e203_cnn\sdk\LeNet_hw\Debug/../application/../include/cnn.h:73
    CNN_WR(CNN_CFG1, cnn_cfg1(oc, stride, pad, shift, relu));
800003f0:	110b0713          	addi	a4,s6,272 # a0110 <__stack_size+0x9f910>
800003f4:	cf98                	sw	a4,24(a5)
800003f6:	10001797          	auipc	a5,0x10001
800003fa:	f9a78793          	addi	a5,a5,-102 # 90001390 <hw_x>
cnn_load_input():
D:\fpgafile\e203_cnn\sdk\LeNet_hw\Debug/../application/../include/cnn.h:79
        CNN_WR(CNN_IDATA, (uint32_t)(int32_t)x[i]);
800003fe:	40000737          	lui	a4,0x40000
80000402:	00078683          	lb	a3,0(a5)
D:\fpgafile\e203_cnn\sdk\LeNet_hw\Debug/../application/../include/cnn.h:78
    for (int i = 0; i < n; i++)
80000406:	0785                	addi	a5,a5,1
D:\fpgafile\e203_cnn\sdk\LeNet_hw\Debug/../application/../include/cnn.h:79
        CNN_WR(CNN_IDATA, (uint32_t)(int32_t)x[i]);
80000408:	c754                	sw	a3,12(a4)
D:\fpgafile\e203_cnn\sdk\LeNet_hw\Debug/../application/../include/cnn.h:78
    for (int i = 0; i < n; i++)
8000040a:	10001697          	auipc	a3,0x10001
8000040e:	2e668693          	addi	a3,a3,742 # 900016f0 <hw_x+0x360>
80000412:	fef698e3          	bne	a3,a5,80000402 <main+0x342>
80000416:	00002797          	auipc	a5,0x2
8000041a:	71778793          	addi	a5,a5,1815 # 80002b2d <c3_weight_hw+0x1>
8000041e:	5761                	li	a4,-8
cnn_load_weight():
D:\fpgafile\e203_cnn\sdk\LeNet_hw\Debug/../application/../include/cnn.h:85
        CNN_WR(CNN_WDATA, (uint32_t)(int32_t)w[i]);
80000420:	400006b7          	lui	a3,0x40000
80000424:	a021                	j	8000042c <main+0x36c>
80000426:	00078703          	lb	a4,0(a5)
8000042a:	0785                	addi	a5,a5,1
8000042c:	c698                	sw	a4,8(a3)
D:\fpgafile\e203_cnn\sdk\LeNet_hw\Debug/../application/../include/cnn.h:84
    for (int i = 0; i < n; i++)
8000042e:	00003717          	auipc	a4,0x3
80000432:	05e70713          	addi	a4,a4,94 # 8000348c <c5a_bias>
80000436:	fef718e3          	bne	a4,a5,80000426 <main+0x366>
8000043a:	00002797          	auipc	a5,0x2
8000043e:	6b678793          	addi	a5,a5,1718 # 80002af0 <c3_bias+0x4>
80000442:	2d100693          	li	a3,721
cnn_load_bias():
D:\fpgafile\e203_cnn\sdk\LeNet_hw\Debug/../application/../include/cnn.h:91
        CNN_WR(CNN_BIAS, (uint32_t)b[i]);
80000446:	40000737          	lui	a4,0x40000
8000044a:	a019                	j	80000450 <main+0x390>
8000044c:	4394                	lw	a3,0(a5)
8000044e:	0791                	addi	a5,a5,4
80000450:	cb14                	sw	a3,16(a4)
D:\fpgafile\e203_cnn\sdk\LeNet_hw\Debug/../application/../include/cnn.h:90
    for (int i = 0; i < n; i++)
80000452:	00002697          	auipc	a3,0x2
80000456:	6da68693          	addi	a3,a3,1754 # 80002b2c <c3_weight_hw>
8000045a:	fef699e3          	bne	a3,a5,8000044c <main+0x38c>
cnn_run():
D:\fpgafile\e203_cnn\sdk\LeNet_hw\Debug/../application/../include/cnn.h:96
    CNN_WR(CNN_CTRL, CNN_CTRL_START);
8000045e:	4785                	li	a5,1
80000460:	c31c                	sw	a5,0(a4)
D:\fpgafile\e203_cnn\sdk\LeNet_hw\Debug/../application/../include/cnn.h:97
    while ((CNN_RD(CNN_STATUS) & CNN_STATUS_DONE) == 0);
80000462:	40000737          	lui	a4,0x40000
80000466:	435c                	lw	a5,4(a4)
80000468:	8b89                	andi	a5,a5,2
8000046a:	dff5                	beqz	a5,80000466 <main+0x3a6>
D:\fpgafile\e203_cnn\sdk\LeNet_hw\Debug/../application/../include/cnn.h:98
    CNN_WR(CNN_CTRL, 0);   /* 必须拉低 start，否则下一轮启动不了 */
8000046c:	00072023          	sw	zero,0(a4) # 40000000 <__stack_size+0x3ffff800>
cnn_layer():
D:\fpgafile\e203_cnn\sdk\LeNet_hw\Debug/../application/../include/cnn.h:119
    for (int i = 0; i < out_n; i++)
80000470:	4781                	li	a5,0
cnn_run():
D:\fpgafile\e203_cnn\sdk\LeNet_hw\Debug/../application/../include/cnn.h:98
    CNN_WR(CNN_CTRL, 0);   /* 必须拉低 start，否则下一轮启动不了 */
80000472:	10002717          	auipc	a4,0x10002
80000476:	f1e70713          	addi	a4,a4,-226 # 90002390 <hw_y>
cnn_read_output():
D:\fpgafile\e203_cnn\sdk\LeNet_hw\Debug/../application/../include/cnn.h:103
    CNN_WR(CNN_OINDEX, (uint32_t)idx);
8000047a:	400006b7          	lui	a3,0x40000
cnn_layer():
D:\fpgafile\e203_cnn\sdk\LeNet_hw\Debug/../application/../include/cnn.h:119
    for (int i = 0; i < out_n; i++)
8000047e:	40000593          	li	a1,1024
cnn_read_output():
D:\fpgafile\e203_cnn\sdk\LeNet_hw\Debug/../application/../include/cnn.h:103
    CNN_WR(CNN_OINDEX, (uint32_t)idx);
80000482:	cedc                	sw	a5,28(a3)
D:\fpgafile\e203_cnn\sdk\LeNet_hw\Debug/../application/../include/cnn.h:104
    return (int8_t)CNN_RD(CNN_ODATA);
80000484:	5288                	lw	a0,32(a3)
cnn_layer():
D:\fpgafile\e203_cnn\sdk\LeNet_hw\Debug/../application/../include/cnn.h:119
    for (int i = 0; i < out_n; i++)
80000486:	0785                	addi	a5,a5,1
80000488:	0705                	addi	a4,a4,1
cnn_read_output():
D:\fpgafile\e203_cnn\sdk\LeNet_hw\Debug/../application/../include/cnn.h:104
    return (int8_t)CNN_RD(CNN_ODATA);
8000048a:	fea70fa3          	sb	a0,-1(a4)
cnn_layer():
D:\fpgafile\e203_cnn\sdk\LeNet_hw\Debug/../application/../include/cnn.h:119
    for (int i = 0; i < out_n; i++)
8000048e:	feb79ae3          	bne	a5,a1,80000482 <main+0x3c2>
80000492:	10002697          	auipc	a3,0x10002
80000496:	efe68693          	addi	a3,a3,-258 # 90002390 <hw_y>
infer_one():
D:\fpgafile\e203_cnn\sdk\LeNet_hw\Debug/../application/main.c:122
    for (int i = 0; i < 8*8*16; i++) {
8000049a:	4701                	li	a4,0
8000049c:	40000593          	li	a1,1024
D:\fpgafile\e203_cnn\sdk\LeNet_hw\Debug/../application/main.c:123
        int oc = i % 16;
800004a0:	00f77793          	andi	a5,a4,15
D:\fpgafile\e203_cnn\sdk\LeNet_hw\Debug/../application/main.c:125
        int oh = (i / 16) / 8;
800004a4:	40775513          	srai	a0,a4,0x7
D:\fpgafile\e203_cnn\sdk\LeNet_hw\Debug/../application/main.c:126
        c3_out[oc][oh][ow] = hw_y[i];
800004a8:	078e                	slli	a5,a5,0x3
800004aa:	97aa                	add	a5,a5,a0
800004ac:	0006c803          	lbu	a6,0(a3)
D:\fpgafile\e203_cnn\sdk\LeNet_hw\Debug/../application/main.c:124
        int ow = (i / 16) % 8;
800004b0:	40475513          	srai	a0,a4,0x4
D:\fpgafile\e203_cnn\sdk\LeNet_hw\Debug/../application/main.c:126
        c3_out[oc][oh][ow] = hw_y[i];
800004b4:	078e                	slli	a5,a5,0x3
D:\fpgafile\e203_cnn\sdk\LeNet_hw\Debug/../application/main.c:124
        int ow = (i / 16) % 8;
800004b6:	891d                	andi	a0,a0,7
D:\fpgafile\e203_cnn\sdk\LeNet_hw\Debug/../application/main.c:126
        c3_out[oc][oh][ow] = hw_y[i];
800004b8:	97a6                	add	a5,a5,s1
800004ba:	97aa                	add	a5,a5,a0
800004bc:	01078023          	sb	a6,0(a5)
D:\fpgafile\e203_cnn\sdk\LeNet_hw\Debug/../application/main.c:122
    for (int i = 0; i < 8*8*16; i++) {
800004c0:	0705                	addi	a4,a4,1
800004c2:	0685                	addi	a3,a3,1
800004c4:	fcb71ee3          	bne	a4,a1,800004a0 <main+0x3e0>
800004c8:	10003797          	auipc	a5,0x10003
800004cc:	53878793          	addi	a5,a5,1336 # 90003a00 <s4_out>
800004d0:	ce3e                	sw	a5,28(sp)
800004d2:	10003f97          	auipc	t6,0x10003
800004d6:	53ef8f93          	addi	t6,t6,1342 # 90003a10 <s4_out+0x10>
800004da:	63c18393          	addi	t2,gp,1596 # 90000e9c <c3_out>
800004de:	4281                	li	t0,0
pool_s4():
D:\fpgafile\e203_cnn\sdk\LeNet_hw\Debug/../application/main.c:70
            for (int ow = 0; ow < S4_OUT_W; ow++) {
800004e0:	4e91                	li	t4,4
D:\fpgafile\e203_cnn\sdk\LeNet_hw\Debug/../application/main.c:68
    for (int ch = 0; ch < 16; ch++)
800004e2:	04000d13          	li	s10,64
D:\fpgafile\e203_cnn\sdk\LeNet_hw\Debug/../application/main.c:69
        for (int oh = 0; oh < S4_OUT_H; oh++)
800004e6:	ff0f8813          	addi	a6,t6,-16
D:\fpgafile\e203_cnn\sdk\LeNet_hw\Debug/../application/main.c:70
            for (int ow = 0; ow < S4_OUT_W; ow++) {
800004ea:	889e                	mv	a7,t2
800004ec:	00888593          	addi	a1,a7,8
infer_one():
D:\fpgafile\e203_cnn\sdk\LeNet_hw\Debug/../application/main.c:122
    for (int i = 0; i < 8*8*16; i++) {
800004f0:	86c6                	mv	a3,a7
pool_s4():
D:\fpgafile\e203_cnn\sdk\LeNet_hw\Debug/../application/main.c:70
            for (int ow = 0; ow < S4_OUT_W; ow++) {
800004f2:	4701                	li	a4,0
D:\fpgafile\e203_cnn\sdk\LeNet_hw\Debug/../application/main.c:74
                        s += c3_out[ch][oh*2+m][ow*2+n];
800004f4:	00068303          	lb	t1,0(a3)
800004f8:	00168e03          	lb	t3,1(a3)
800004fc:	00058503          	lb	a0,0(a1)
80000500:	00158783          	lb	a5,1(a1)
80000504:	9372                	add	t1,t1,t3
80000506:	951a                	add	a0,a0,t1
80000508:	97aa                	add	a5,a5,a0
D:\fpgafile\e203_cnn\sdk\LeNet_hw\Debug/../application/main.c:75
                s4_out[ch][oh][ow] = (int8_t)(s >> 2);
8000050a:	8789                	srai	a5,a5,0x2
8000050c:	00e80533          	add	a0,a6,a4
80000510:	00f50023          	sb	a5,0(a0)
D:\fpgafile\e203_cnn\sdk\LeNet_hw\Debug/../application/main.c:70
            for (int ow = 0; ow < S4_OUT_W; ow++) {
80000514:	0705                	addi	a4,a4,1
80000516:	0689                	addi	a3,a3,2
80000518:	0589                	addi	a1,a1,2
8000051a:	fdd71de3          	bne	a4,t4,800004f4 <main+0x434>
D:\fpgafile\e203_cnn\sdk\LeNet_hw\Debug/../application/main.c:69
        for (int oh = 0; oh < S4_OUT_H; oh++)
8000051e:	0811                	addi	a6,a6,4
80000520:	08c1                	addi	a7,a7,16
80000522:	fdf815e3          	bne	a6,t6,800004ec <main+0x42c>
D:\fpgafile\e203_cnn\sdk\LeNet_hw\Debug/../application/main.c:68
    for (int ch = 0; ch < 16; ch++)
80000526:	0291                	addi	t0,t0,4
80000528:	01080f93          	addi	t6,a6,16
8000052c:	04038393          	addi	t2,t2,64
80000530:	fba29be3          	bne	t0,s10,800004e6 <main+0x426>
80000534:	4572                	lw	a0,28(sp)
80000536:	10001897          	auipc	a7,0x10001
8000053a:	e6a88893          	addi	a7,a7,-406 # 900013a0 <hw_x+0x10>
8000053e:	4801                	li	a6,0
infer_one():
D:\fpgafile\e203_cnn\sdk\LeNet_hw\Debug/../application/main.c:133
    for (int h = 0; h < 4; h++)
80000540:	4341                	li	t1,16
D:\fpgafile\e203_cnn\sdk\LeNet_hw\Debug/../application/main.c:122
    for (int i = 0; i < 8*8*16; i++) {
80000542:	85c6                	mv	a1,a7
80000544:	00450e13          	addi	t3,a0,4
D:\fpgafile\e203_cnn\sdk\LeNet_hw\Debug/../application/main.c:135
            for (int c = 0; c < 16; c++)
80000548:	ff058793          	addi	a5,a1,-16
D:\fpgafile\e203_cnn\sdk\LeNet_hw\Debug/../application/main.c:122
    for (int i = 0; i < 8*8*16; i++) {
8000054c:	872a                	mv	a4,a0
D:\fpgafile\e203_cnn\sdk\LeNet_hw\Debug/../application/main.c:136
                hw_x[(h*4 + w)*16 + c] = s4_out[c][h][w];
8000054e:	00074683          	lbu	a3,0(a4)
D:\fpgafile\e203_cnn\sdk\LeNet_hw\Debug/../application/main.c:135
            for (int c = 0; c < 16; c++)
80000552:	0785                	addi	a5,a5,1
80000554:	0741                	addi	a4,a4,16
D:\fpgafile\e203_cnn\sdk\LeNet_hw\Debug/../application/main.c:136
                hw_x[(h*4 + w)*16 + c] = s4_out[c][h][w];
80000556:	fed78fa3          	sb	a3,-1(a5)
D:\fpgafile\e203_cnn\sdk\LeNet_hw\Debug/../application/main.c:135
            for (int c = 0; c < 16; c++)
8000055a:	fef59ae3          	bne	a1,a5,8000054e <main+0x48e>
D:\fpgafile\e203_cnn\sdk\LeNet_hw\Debug/../application/main.c:134
        for (int w = 0; w < 4; w++)
8000055e:	0505                	addi	a0,a0,1
80000560:	05c1                	addi	a1,a1,16
80000562:	feae13e3          	bne	t3,a0,80000548 <main+0x488>
D:\fpgafile\e203_cnn\sdk\LeNet_hw\Debug/../application/main.c:133
    for (int h = 0; h < 4; h++)
80000566:	0811                	addi	a6,a6,4
80000568:	04088893          	addi	a7,a7,64
8000056c:	00680463          	beq	a6,t1,80000574 <main+0x4b4>
80000570:	8572                	mv	a0,t3
80000572:	bfc1                	j	80000542 <main+0x482>
cnn_clear_ptrs():
D:\fpgafile\e203_cnn\sdk\LeNet_hw\Debug/../application/../include/cnn.h:65
    CNN_WR(CNN_CTRL, CNN_CTRL_CLR_WPTR | CNN_CTRL_CLR_IPTR | CNN_CTRL_CLR_BPTR);
80000574:	400007b7          	lui	a5,0x40000
80000578:	4739                	li	a4,14
8000057a:	c398                	sw	a4,0(a5)
cnn_config():
D:\fpgafile\e203_cnn\sdk\LeNet_hw\Debug/../application/../include/cnn.h:72
    CNN_WR(CNN_CFG0, cnn_cfg0(h, w, c, k));
8000057c:	04100737          	lui	a4,0x4100
80000580:	40470713          	addi	a4,a4,1028 # 4100404 <__stack_size+0x40ffc04>
80000584:	cbd8                	sw	a4,20(a5)
D:\fpgafile\e203_cnn\sdk\LeNet_hw\Debug/../application/../include/cnn.h:73
    CNN_WR(CNN_CFG1, cnn_cfg1(oc, stride, pad, shift, relu));
80000586:	120b0713          	addi	a4,s6,288
8000058a:	cf98                	sw	a4,24(a5)
8000058c:	10001797          	auipc	a5,0x10001
80000590:	e0478793          	addi	a5,a5,-508 # 90001390 <hw_x>
cnn_load_input():
D:\fpgafile\e203_cnn\sdk\LeNet_hw\Debug/../application/../include/cnn.h:79
        CNN_WR(CNN_IDATA, (uint32_t)(int32_t)x[i]);
80000594:	40000737          	lui	a4,0x40000
80000598:	00078683          	lb	a3,0(a5)
D:\fpgafile\e203_cnn\sdk\LeNet_hw\Debug/../application/../include/cnn.h:78
    for (int i = 0; i < n; i++)
8000059c:	0785                	addi	a5,a5,1
D:\fpgafile\e203_cnn\sdk\LeNet_hw\Debug/../application/../include/cnn.h:79
        CNN_WR(CNN_IDATA, (uint32_t)(int32_t)x[i]);
8000059e:	c754                	sw	a3,12(a4)
D:\fpgafile\e203_cnn\sdk\LeNet_hw\Debug/../application/../include/cnn.h:78
    for (int i = 0; i < n; i++)
800005a0:	10001697          	auipc	a3,0x10001
800005a4:	ef068693          	addi	a3,a3,-272 # 90001490 <hw_x+0x100>
800005a8:	fef698e3          	bne	a3,a5,80000598 <main+0x4d8>
800005ac:	00003797          	auipc	a5,0x3
800005b0:	f6178793          	addi	a5,a5,-159 # 8000350d <c5a_weight_hw+0x1>
800005b4:	5741                	li	a4,-16
cnn_load_weight():
D:\fpgafile\e203_cnn\sdk\LeNet_hw\Debug/../application/../include/cnn.h:85
        CNN_WR(CNN_WDATA, (uint32_t)(int32_t)w[i]);
800005b6:	400006b7          	lui	a3,0x40000
800005ba:	a021                	j	800005c2 <main+0x502>
800005bc:	00078703          	lb	a4,0(a5)
800005c0:	0785                	addi	a5,a5,1
800005c2:	c698                	sw	a4,8(a3)
D:\fpgafile\e203_cnn\sdk\LeNet_hw\Debug/../application/../include/cnn.h:84
    for (int i = 0; i < n; i++)
800005c4:	00005717          	auipc	a4,0x5
800005c8:	f4870713          	addi	a4,a4,-184 # 8000550c <c5b_bias>
800005cc:	fef718e3          	bne	a4,a5,800005bc <main+0x4fc>
800005d0:	00003797          	auipc	a5,0x3
800005d4:	ec078793          	addi	a5,a5,-320 # 80003490 <c5a_bias+0x4>
800005d8:	e9400693          	li	a3,-364
cnn_load_bias():
D:\fpgafile\e203_cnn\sdk\LeNet_hw\Debug/../application/../include/cnn.h:91
        CNN_WR(CNN_BIAS, (uint32_t)b[i]);
800005dc:	40000737          	lui	a4,0x40000
800005e0:	a019                	j	800005e6 <main+0x526>
800005e2:	4394                	lw	a3,0(a5)
800005e4:	0791                	addi	a5,a5,4
800005e6:	cb14                	sw	a3,16(a4)
D:\fpgafile\e203_cnn\sdk\LeNet_hw\Debug/../application/../include/cnn.h:90
    for (int i = 0; i < n; i++)
800005e8:	00003697          	auipc	a3,0x3
800005ec:	f2468693          	addi	a3,a3,-220 # 8000350c <c5a_weight_hw>
800005f0:	fef699e3          	bne	a3,a5,800005e2 <main+0x522>
cnn_run():
D:\fpgafile\e203_cnn\sdk\LeNet_hw\Debug/../application/../include/cnn.h:96
    CNN_WR(CNN_CTRL, CNN_CTRL_START);
800005f4:	4785                	li	a5,1
800005f6:	c31c                	sw	a5,0(a4)
D:\fpgafile\e203_cnn\sdk\LeNet_hw\Debug/../application/../include/cnn.h:97
    while ((CNN_RD(CNN_STATUS) & CNN_STATUS_DONE) == 0);
800005f8:	40000737          	lui	a4,0x40000
800005fc:	435c                	lw	a5,4(a4)
800005fe:	8b89                	andi	a5,a5,2
80000600:	dff5                	beqz	a5,800005fc <main+0x53c>
D:\fpgafile\e203_cnn\sdk\LeNet_hw\Debug/../application/../include/cnn.h:98
    CNN_WR(CNN_CTRL, 0);   /* 必须拉低 start，否则下一轮启动不了 */
80000602:	00072023          	sw	zero,0(a4) # 40000000 <__stack_size+0x3ffff800>
80000606:	10002697          	auipc	a3,0x10002
8000060a:	d8a68693          	addi	a3,a3,-630 # 90002390 <hw_y>
cnn_layer():
D:\fpgafile\e203_cnn\sdk\LeNet_hw\Debug/../application/../include/cnn.h:119
    for (int i = 0; i < out_n; i++)
8000060e:	4701                	li	a4,0
cnn_read_output():
D:\fpgafile\e203_cnn\sdk\LeNet_hw\Debug/../application/../include/cnn.h:103
    CNN_WR(CNN_OINDEX, (uint32_t)idx);
80000610:	400007b7          	lui	a5,0x40000
cnn_layer():
D:\fpgafile\e203_cnn\sdk\LeNet_hw\Debug/../application/../include/cnn.h:119
    for (int i = 0; i < out_n; i++)
80000614:	02000593          	li	a1,32
cnn_read_output():
D:\fpgafile\e203_cnn\sdk\LeNet_hw\Debug/../application/../include/cnn.h:103
    CNN_WR(CNN_OINDEX, (uint32_t)idx);
80000618:	cfd8                	sw	a4,28(a5)
D:\fpgafile\e203_cnn\sdk\LeNet_hw\Debug/../application/../include/cnn.h:104
    return (int8_t)CNN_RD(CNN_ODATA);
8000061a:	5388                	lw	a0,32(a5)
cnn_layer():
D:\fpgafile\e203_cnn\sdk\LeNet_hw\Debug/../application/../include/cnn.h:119
    for (int i = 0; i < out_n; i++)
8000061c:	0705                	addi	a4,a4,1
8000061e:	0685                	addi	a3,a3,1
cnn_read_output():
D:\fpgafile\e203_cnn\sdk\LeNet_hw\Debug/../application/../include/cnn.h:104
    return (int8_t)CNN_RD(CNN_ODATA);
80000620:	fea68fa3          	sb	a0,-1(a3)
cnn_layer():
D:\fpgafile\e203_cnn\sdk\LeNet_hw\Debug/../application/../include/cnn.h:119
    for (int i = 0; i < out_n; i++)
80000624:	feb71ae3          	bne	a4,a1,80000618 <main+0x558>
infer_one():
D:\fpgafile\e203_cnn\sdk\LeNet_hw\Debug/../application/main.c:141
    for (int i = 0; i < 32; i++) c5_out[i] = hw_y[i];
80000628:	000f2703          	lw	a4,0(t5)
8000062c:	004f2e03          	lw	t3,4(t5)
80000630:	008f2303          	lw	t1,8(t5)
80000634:	00eaa023          	sw	a4,0(s5)
cnn_clear_ptrs():
D:\fpgafile\e203_cnn\sdk\LeNet_hw\Debug/../application/../include/cnn.h:65
    CNN_WR(CNN_CTRL, CNN_CTRL_CLR_WPTR | CNN_CTRL_CLR_IPTR | CNN_CTRL_CLR_BPTR);
80000638:	4739                	li	a4,14
infer_one():
D:\fpgafile\e203_cnn\sdk\LeNet_hw\Debug/../application/main.c:141
8000063a:	00cf2883          	lw	a7,12(t5)
8000063e:	010f2803          	lw	a6,16(t5)
80000642:	014f2503          	lw	a0,20(t5)
80000646:	018f2583          	lw	a1,24(t5)
8000064a:	01cf2683          	lw	a3,28(t5)
cnn_clear_ptrs():
D:\fpgafile\e203_cnn\sdk\LeNet_hw\Debug/../application/../include/cnn.h:65
8000064e:	c398                	sw	a4,0(a5)
cnn_config():
D:\fpgafile\e203_cnn\sdk\LeNet_hw\Debug/../application/../include/cnn.h:72
    CNN_WR(CNN_CFG0, cnn_cfg0(h, w, c, k));
80000650:	04100737          	lui	a4,0x4100
80000654:	40470713          	addi	a4,a4,1028 # 4100404 <__stack_size+0x40ffc04>
80000658:	cbd8                	sw	a4,20(a5)
infer_one():
D:\fpgafile\e203_cnn\sdk\LeNet_hw\Debug/../application/main.c:141
8000065a:	01caa223          	sw	t3,4(s5)
cnn_config():
D:\fpgafile\e203_cnn\sdk\LeNet_hw\Debug/../application/../include/cnn.h:73
    CNN_WR(CNN_CFG1, cnn_cfg1(oc, stride, pad, shift, relu));
8000065e:	120b0713          	addi	a4,s6,288
infer_one():
D:\fpgafile\e203_cnn\sdk\LeNet_hw\Debug/../application/main.c:141
80000662:	006aa423          	sw	t1,8(s5)
80000666:	011aa623          	sw	a7,12(s5)
8000066a:	010aa823          	sw	a6,16(s5)
8000066e:	00aaaa23          	sw	a0,20(s5)
80000672:	00baac23          	sw	a1,24(s5)
80000676:	00daae23          	sw	a3,28(s5)
cnn_config():
D:\fpgafile\e203_cnn\sdk\LeNet_hw\Debug/../application/../include/cnn.h:73
8000067a:	cf98                	sw	a4,24(a5)
8000067c:	10001797          	auipc	a5,0x10001
80000680:	d1478793          	addi	a5,a5,-748 # 90001390 <hw_x>
cnn_load_input():
D:\fpgafile\e203_cnn\sdk\LeNet_hw\Debug/../application/../include/cnn.h:79
        CNN_WR(CNN_IDATA, (uint32_t)(int32_t)x[i]);
80000684:	40000737          	lui	a4,0x40000
80000688:	00078683          	lb	a3,0(a5)
D:\fpgafile\e203_cnn\sdk\LeNet_hw\Debug/../application/../include/cnn.h:78
    for (int i = 0; i < n; i++)
8000068c:	0785                	addi	a5,a5,1
D:\fpgafile\e203_cnn\sdk\LeNet_hw\Debug/../application/../include/cnn.h:79
        CNN_WR(CNN_IDATA, (uint32_t)(int32_t)x[i]);
8000068e:	c754                	sw	a3,12(a4)
D:\fpgafile\e203_cnn\sdk\LeNet_hw\Debug/../application/../include/cnn.h:78
    for (int i = 0; i < n; i++)
80000690:	10001697          	auipc	a3,0x10001
80000694:	e0068693          	addi	a3,a3,-512 # 90001490 <hw_x+0x100>
80000698:	fef698e3          	bne	a3,a5,80000688 <main+0x5c8>
8000069c:	00005797          	auipc	a5,0x5
800006a0:	ef178793          	addi	a5,a5,-271 # 8000558d <c5b_weight_hw+0x1>
800006a4:	4721                	li	a4,8
cnn_load_weight():
D:\fpgafile\e203_cnn\sdk\LeNet_hw\Debug/../application/../include/cnn.h:85
        CNN_WR(CNN_WDATA, (uint32_t)(int32_t)w[i]);
800006a6:	400006b7          	lui	a3,0x40000
800006aa:	a021                	j	800006b2 <main+0x5f2>
800006ac:	00078703          	lb	a4,0(a5)
800006b0:	0785                	addi	a5,a5,1
800006b2:	c698                	sw	a4,8(a3)
D:\fpgafile\e203_cnn\sdk\LeNet_hw\Debug/../application/../include/cnn.h:84
    for (int i = 0; i < n; i++)
800006b4:	00007717          	auipc	a4,0x7
800006b8:	ed870713          	addi	a4,a4,-296 # 8000758c <c5c_bias>
800006bc:	fef718e3          	bne	a4,a5,800006ac <main+0x5ec>
800006c0:	00005797          	auipc	a5,0x5
800006c4:	e5078793          	addi	a5,a5,-432 # 80005510 <c5b_bias+0x4>
800006c8:	c5500693          	li	a3,-939
cnn_load_bias():
D:\fpgafile\e203_cnn\sdk\LeNet_hw\Debug/../application/../include/cnn.h:91
        CNN_WR(CNN_BIAS, (uint32_t)b[i]);
800006cc:	40000737          	lui	a4,0x40000
800006d0:	a019                	j	800006d6 <main+0x616>
800006d2:	4394                	lw	a3,0(a5)
800006d4:	0791                	addi	a5,a5,4
800006d6:	cb14                	sw	a3,16(a4)
D:\fpgafile\e203_cnn\sdk\LeNet_hw\Debug/../application/../include/cnn.h:90
    for (int i = 0; i < n; i++)
800006d8:	00005697          	auipc	a3,0x5
800006dc:	eb468693          	addi	a3,a3,-332 # 8000558c <c5b_weight_hw>
800006e0:	fef699e3          	bne	a3,a5,800006d2 <main+0x612>
cnn_run():
D:\fpgafile\e203_cnn\sdk\LeNet_hw\Debug/../application/../include/cnn.h:96
    CNN_WR(CNN_CTRL, CNN_CTRL_START);
800006e4:	4785                	li	a5,1
800006e6:	c31c                	sw	a5,0(a4)
D:\fpgafile\e203_cnn\sdk\LeNet_hw\Debug/../application/../include/cnn.h:97
    while ((CNN_RD(CNN_STATUS) & CNN_STATUS_DONE) == 0);
800006e8:	40000737          	lui	a4,0x40000
800006ec:	435c                	lw	a5,4(a4)
800006ee:	8b89                	andi	a5,a5,2
800006f0:	dff5                	beqz	a5,800006ec <main+0x62c>
D:\fpgafile\e203_cnn\sdk\LeNet_hw\Debug/../application/../include/cnn.h:98
    CNN_WR(CNN_CTRL, 0);   /* 必须拉低 start，否则下一轮启动不了 */
800006f2:	00072023          	sw	zero,0(a4) # 40000000 <__stack_size+0x3ffff800>
800006f6:	10002697          	auipc	a3,0x10002
800006fa:	c9a68693          	addi	a3,a3,-870 # 90002390 <hw_y>
cnn_layer():
D:\fpgafile\e203_cnn\sdk\LeNet_hw\Debug/../application/../include/cnn.h:119
    for (int i = 0; i < out_n; i++)
800006fe:	4701                	li	a4,0
cnn_read_output():
D:\fpgafile\e203_cnn\sdk\LeNet_hw\Debug/../application/../include/cnn.h:103
    CNN_WR(CNN_OINDEX, (uint32_t)idx);
80000700:	400007b7          	lui	a5,0x40000
cnn_layer():
D:\fpgafile\e203_cnn\sdk\LeNet_hw\Debug/../application/../include/cnn.h:119
    for (int i = 0; i < out_n; i++)
80000704:	02000593          	li	a1,32
cnn_read_output():
D:\fpgafile\e203_cnn\sdk\LeNet_hw\Debug/../application/../include/cnn.h:103
    CNN_WR(CNN_OINDEX, (uint32_t)idx);
80000708:	cfd8                	sw	a4,28(a5)
D:\fpgafile\e203_cnn\sdk\LeNet_hw\Debug/../application/../include/cnn.h:104
    return (int8_t)CNN_RD(CNN_ODATA);
8000070a:	5388                	lw	a0,32(a5)
cnn_layer():
D:\fpgafile\e203_cnn\sdk\LeNet_hw\Debug/../application/../include/cnn.h:119
    for (int i = 0; i < out_n; i++)
8000070c:	0705                	addi	a4,a4,1
8000070e:	0685                	addi	a3,a3,1
cnn_read_output():
D:\fpgafile\e203_cnn\sdk\LeNet_hw\Debug/../application/../include/cnn.h:104
    return (int8_t)CNN_RD(CNN_ODATA);
80000710:	fea68fa3          	sb	a0,-1(a3)
cnn_layer():
D:\fpgafile\e203_cnn\sdk\LeNet_hw\Debug/../application/../include/cnn.h:119
    for (int i = 0; i < out_n; i++)
80000714:	feb71ae3          	bne	a4,a1,80000708 <main+0x648>
cnn_clear_ptrs():
D:\fpgafile\e203_cnn\sdk\LeNet_hw\Debug/../application/../include/cnn.h:65
    CNN_WR(CNN_CTRL, CNN_CTRL_CLR_WPTR | CNN_CTRL_CLR_IPTR | CNN_CTRL_CLR_BPTR);
80000718:	4739                	li	a4,14
infer_one():
D:\fpgafile\e203_cnn\sdk\LeNet_hw\Debug/../application/main.c:146
    for (int i = 0; i < 32; i++) c5_out[32 + i] = hw_y[i];
8000071a:	000f2e83          	lw	t4,0(t5)
8000071e:	004f2e03          	lw	t3,4(t5)
80000722:	008f2303          	lw	t1,8(t5)
80000726:	00cf2883          	lw	a7,12(t5)
8000072a:	010f2803          	lw	a6,16(t5)
8000072e:	014f2503          	lw	a0,20(t5)
80000732:	018f2583          	lw	a1,24(t5)
80000736:	01cf2683          	lw	a3,28(t5)
cnn_clear_ptrs():
D:\fpgafile\e203_cnn\sdk\LeNet_hw\Debug/../application/../include/cnn.h:65
8000073a:	c398                	sw	a4,0(a5)
cnn_config():
D:\fpgafile\e203_cnn\sdk\LeNet_hw\Debug/../application/../include/cnn.h:72
    CNN_WR(CNN_CFG0, cnn_cfg0(h, w, c, k));
8000073c:	04100737          	lui	a4,0x4100
80000740:	40470713          	addi	a4,a4,1028 # 4100404 <__stack_size+0x40ffc04>
80000744:	cbd8                	sw	a4,20(a5)
infer_one():
D:\fpgafile\e203_cnn\sdk\LeNet_hw\Debug/../application/main.c:146
80000746:	01da2023          	sw	t4,0(s4)
cnn_config():
D:\fpgafile\e203_cnn\sdk\LeNet_hw\Debug/../application/../include/cnn.h:73
    CNN_WR(CNN_CFG1, cnn_cfg1(oc, stride, pad, shift, relu));
8000074a:	120b0713          	addi	a4,s6,288
infer_one():
D:\fpgafile\e203_cnn\sdk\LeNet_hw\Debug/../application/main.c:146
8000074e:	01ca2223          	sw	t3,4(s4)
80000752:	006a2423          	sw	t1,8(s4)
80000756:	011a2623          	sw	a7,12(s4)
8000075a:	010a2823          	sw	a6,16(s4)
8000075e:	00aa2a23          	sw	a0,20(s4)
80000762:	00ba2c23          	sw	a1,24(s4)
80000766:	00da2e23          	sw	a3,28(s4)
cnn_config():
D:\fpgafile\e203_cnn\sdk\LeNet_hw\Debug/../application/../include/cnn.h:73
8000076a:	cf98                	sw	a4,24(a5)
8000076c:	10001797          	auipc	a5,0x10001
80000770:	c2478793          	addi	a5,a5,-988 # 90001390 <hw_x>
cnn_load_input():
D:\fpgafile\e203_cnn\sdk\LeNet_hw\Debug/../application/../include/cnn.h:79
        CNN_WR(CNN_IDATA, (uint32_t)(int32_t)x[i]);
80000774:	40000737          	lui	a4,0x40000
80000778:	00078683          	lb	a3,0(a5)
D:\fpgafile\e203_cnn\sdk\LeNet_hw\Debug/../application/../include/cnn.h:78
    for (int i = 0; i < n; i++)
8000077c:	0785                	addi	a5,a5,1
D:\fpgafile\e203_cnn\sdk\LeNet_hw\Debug/../application/../include/cnn.h:79
        CNN_WR(CNN_IDATA, (uint32_t)(int32_t)x[i]);
8000077e:	c754                	sw	a3,12(a4)
D:\fpgafile\e203_cnn\sdk\LeNet_hw\Debug/../application/../include/cnn.h:78
    for (int i = 0; i < n; i++)
80000780:	10001697          	auipc	a3,0x10001
80000784:	d1068693          	addi	a3,a3,-752 # 90001490 <hw_x+0x100>
80000788:	fef698e3          	bne	a3,a5,80000778 <main+0x6b8>
8000078c:	00007797          	auipc	a5,0x7
80000790:	e8178793          	addi	a5,a5,-383 # 8000760d <c5c_weight_hw+0x1>
80000794:	5745                	li	a4,-15
cnn_load_weight():
D:\fpgafile\e203_cnn\sdk\LeNet_hw\Debug/../application/../include/cnn.h:85
        CNN_WR(CNN_WDATA, (uint32_t)(int32_t)w[i]);
80000796:	400006b7          	lui	a3,0x40000
8000079a:	a021                	j	800007a2 <main+0x6e2>
8000079c:	00078703          	lb	a4,0(a5)
800007a0:	0785                	addi	a5,a5,1
800007a2:	c698                	sw	a4,8(a3)
D:\fpgafile\e203_cnn\sdk\LeNet_hw\Debug/../application/../include/cnn.h:84
    for (int i = 0; i < n; i++)
800007a4:	00009717          	auipc	a4,0x9
800007a8:	e6870713          	addi	a4,a4,-408 # 8000960c <c5d_bias>
800007ac:	fef718e3          	bne	a4,a5,8000079c <main+0x6dc>
800007b0:	00007797          	auipc	a5,0x7
800007b4:	de078793          	addi	a5,a5,-544 # 80007590 <c5c_bias+0x4>
800007b8:	d4300693          	li	a3,-701
cnn_load_bias():
D:\fpgafile\e203_cnn\sdk\LeNet_hw\Debug/../application/../include/cnn.h:91
        CNN_WR(CNN_BIAS, (uint32_t)b[i]);
800007bc:	40000737          	lui	a4,0x40000
800007c0:	a019                	j	800007c6 <main+0x706>
800007c2:	4394                	lw	a3,0(a5)
800007c4:	0791                	addi	a5,a5,4
800007c6:	cb14                	sw	a3,16(a4)
D:\fpgafile\e203_cnn\sdk\LeNet_hw\Debug/../application/../include/cnn.h:90
    for (int i = 0; i < n; i++)
800007c8:	00007697          	auipc	a3,0x7
800007cc:	e4468693          	addi	a3,a3,-444 # 8000760c <c5c_weight_hw>
800007d0:	fef699e3          	bne	a3,a5,800007c2 <main+0x702>
cnn_run():
D:\fpgafile\e203_cnn\sdk\LeNet_hw\Debug/../application/../include/cnn.h:96
    CNN_WR(CNN_CTRL, CNN_CTRL_START);
800007d4:	4785                	li	a5,1
800007d6:	c31c                	sw	a5,0(a4)
D:\fpgafile\e203_cnn\sdk\LeNet_hw\Debug/../application/../include/cnn.h:97
    while ((CNN_RD(CNN_STATUS) & CNN_STATUS_DONE) == 0);
800007d8:	40000737          	lui	a4,0x40000
800007dc:	435c                	lw	a5,4(a4)
800007de:	8b89                	andi	a5,a5,2
800007e0:	dff5                	beqz	a5,800007dc <main+0x71c>
D:\fpgafile\e203_cnn\sdk\LeNet_hw\Debug/../application/../include/cnn.h:98
    CNN_WR(CNN_CTRL, 0);   /* 必须拉低 start，否则下一轮启动不了 */
800007e2:	00072023          	sw	zero,0(a4) # 40000000 <__stack_size+0x3ffff800>
800007e6:	10002697          	auipc	a3,0x10002
800007ea:	baa68693          	addi	a3,a3,-1110 # 90002390 <hw_y>
cnn_layer():
D:\fpgafile\e203_cnn\sdk\LeNet_hw\Debug/../application/../include/cnn.h:119
    for (int i = 0; i < out_n; i++)
800007ee:	4701                	li	a4,0
cnn_read_output():
D:\fpgafile\e203_cnn\sdk\LeNet_hw\Debug/../application/../include/cnn.h:103
    CNN_WR(CNN_OINDEX, (uint32_t)idx);
800007f0:	400007b7          	lui	a5,0x40000
cnn_layer():
D:\fpgafile\e203_cnn\sdk\LeNet_hw\Debug/../application/../include/cnn.h:119
    for (int i = 0; i < out_n; i++)
800007f4:	02000593          	li	a1,32
cnn_read_output():
D:\fpgafile\e203_cnn\sdk\LeNet_hw\Debug/../application/../include/cnn.h:103
    CNN_WR(CNN_OINDEX, (uint32_t)idx);
800007f8:	cfd8                	sw	a4,28(a5)
D:\fpgafile\e203_cnn\sdk\LeNet_hw\Debug/../application/../include/cnn.h:104
    return (int8_t)CNN_RD(CNN_ODATA);
800007fa:	5388                	lw	a0,32(a5)
cnn_layer():
D:\fpgafile\e203_cnn\sdk\LeNet_hw\Debug/../application/../include/cnn.h:119
    for (int i = 0; i < out_n; i++)
800007fc:	0705                	addi	a4,a4,1
800007fe:	0685                	addi	a3,a3,1
cnn_read_output():
D:\fpgafile\e203_cnn\sdk\LeNet_hw\Debug/../application/../include/cnn.h:104
    return (int8_t)CNN_RD(CNN_ODATA);
80000800:	fea68fa3          	sb	a0,-1(a3)
cnn_layer():
D:\fpgafile\e203_cnn\sdk\LeNet_hw\Debug/../application/../include/cnn.h:119
    for (int i = 0; i < out_n; i++)
80000804:	feb71ae3          	bne	a4,a1,800007f8 <main+0x738>
cnn_clear_ptrs():
D:\fpgafile\e203_cnn\sdk\LeNet_hw\Debug/../application/../include/cnn.h:65
    CNN_WR(CNN_CTRL, CNN_CTRL_CLR_WPTR | CNN_CTRL_CLR_IPTR | CNN_CTRL_CLR_BPTR);
80000808:	4739                	li	a4,14
infer_one():
D:\fpgafile\e203_cnn\sdk\LeNet_hw\Debug/../application/main.c:151
    for (int i = 0; i < 32; i++) c5_out[64 + i] = hw_y[i];
8000080a:	000f2e83          	lw	t4,0(t5)
8000080e:	004f2e03          	lw	t3,4(t5)
80000812:	008f2303          	lw	t1,8(t5)
80000816:	00cf2883          	lw	a7,12(t5)
8000081a:	010f2803          	lw	a6,16(t5)
8000081e:	014f2503          	lw	a0,20(t5)
80000822:	018f2583          	lw	a1,24(t5)
80000826:	01cf2683          	lw	a3,28(t5)
cnn_clear_ptrs():
D:\fpgafile\e203_cnn\sdk\LeNet_hw\Debug/../application/../include/cnn.h:65
8000082a:	c398                	sw	a4,0(a5)
cnn_config():
D:\fpgafile\e203_cnn\sdk\LeNet_hw\Debug/../application/../include/cnn.h:72
    CNN_WR(CNN_CFG0, cnn_cfg0(h, w, c, k));
8000082c:	04100737          	lui	a4,0x4100
80000830:	40470713          	addi	a4,a4,1028 # 4100404 <__stack_size+0x40ffc04>
80000834:	cbd8                	sw	a4,20(a5)
infer_one():
D:\fpgafile\e203_cnn\sdk\LeNet_hw\Debug/../application/main.c:151
80000836:	01d9a023          	sw	t4,0(s3)
cnn_config():
D:\fpgafile\e203_cnn\sdk\LeNet_hw\Debug/../application/../include/cnn.h:73
    CNN_WR(CNN_CFG1, cnn_cfg1(oc, stride, pad, shift, relu));
8000083a:	118b0713          	addi	a4,s6,280
infer_one():
D:\fpgafile\e203_cnn\sdk\LeNet_hw\Debug/../application/main.c:151
8000083e:	01c9a223          	sw	t3,4(s3)
80000842:	0069a423          	sw	t1,8(s3)
80000846:	0119a623          	sw	a7,12(s3)
8000084a:	0109a823          	sw	a6,16(s3)
8000084e:	00a9aa23          	sw	a0,20(s3)
80000852:	00b9ac23          	sw	a1,24(s3)
80000856:	00d9ae23          	sw	a3,28(s3)
cnn_config():
D:\fpgafile\e203_cnn\sdk\LeNet_hw\Debug/../application/../include/cnn.h:73
8000085a:	cf98                	sw	a4,24(a5)
8000085c:	10001797          	auipc	a5,0x10001
80000860:	b3478793          	addi	a5,a5,-1228 # 90001390 <hw_x>
cnn_load_input():
D:\fpgafile\e203_cnn\sdk\LeNet_hw\Debug/../application/../include/cnn.h:79
        CNN_WR(CNN_IDATA, (uint32_t)(int32_t)x[i]);
80000864:	40000737          	lui	a4,0x40000
80000868:	00078683          	lb	a3,0(a5)
D:\fpgafile\e203_cnn\sdk\LeNet_hw\Debug/../application/../include/cnn.h:78
    for (int i = 0; i < n; i++)
8000086c:	0785                	addi	a5,a5,1
D:\fpgafile\e203_cnn\sdk\LeNet_hw\Debug/../application/../include/cnn.h:79
        CNN_WR(CNN_IDATA, (uint32_t)(int32_t)x[i]);
8000086e:	c754                	sw	a3,12(a4)
D:\fpgafile\e203_cnn\sdk\LeNet_hw\Debug/../application/../include/cnn.h:78
    for (int i = 0; i < n; i++)
80000870:	10001697          	auipc	a3,0x10001
80000874:	c2068693          	addi	a3,a3,-992 # 90001490 <hw_x+0x100>
80000878:	fef698e3          	bne	a3,a5,80000868 <main+0x7a8>
8000087c:	00009797          	auipc	a5,0x9
80000880:	df178793          	addi	a5,a5,-527 # 8000966d <c5d_weight_hw+0x1>
80000884:	4709                	li	a4,2
cnn_load_weight():
D:\fpgafile\e203_cnn\sdk\LeNet_hw\Debug/../application/../include/cnn.h:85
        CNN_WR(CNN_WDATA, (uint32_t)(int32_t)w[i]);
80000886:	400006b7          	lui	a3,0x40000
8000088a:	a021                	j	80000892 <main+0x7d2>
8000088c:	00078703          	lb	a4,0(a5)
80000890:	0785                	addi	a5,a5,1
80000892:	c698                	sw	a4,8(a3)
D:\fpgafile\e203_cnn\sdk\LeNet_hw\Debug/../application/../include/cnn.h:84
    for (int i = 0; i < n; i++)
80000894:	0000a717          	auipc	a4,0xa
80000898:	5d870713          	addi	a4,a4,1496 # 8000ae6c <f6_bias>
8000089c:	fef718e3          	bne	a4,a5,8000088c <main+0x7cc>
800008a0:	00009797          	auipc	a5,0x9
800008a4:	d7078793          	addi	a5,a5,-656 # 80009610 <c5d_bias+0x4>
800008a8:	1e800693          	li	a3,488
cnn_load_bias():
D:\fpgafile\e203_cnn\sdk\LeNet_hw\Debug/../application/../include/cnn.h:91
        CNN_WR(CNN_BIAS, (uint32_t)b[i]);
800008ac:	40000737          	lui	a4,0x40000
800008b0:	a019                	j	800008b6 <main+0x7f6>
800008b2:	4394                	lw	a3,0(a5)
800008b4:	0791                	addi	a5,a5,4
800008b6:	cb14                	sw	a3,16(a4)
D:\fpgafile\e203_cnn\sdk\LeNet_hw\Debug/../application/../include/cnn.h:90
    for (int i = 0; i < n; i++)
800008b8:	00009697          	auipc	a3,0x9
800008bc:	db468693          	addi	a3,a3,-588 # 8000966c <c5d_weight_hw>
800008c0:	fef699e3          	bne	a3,a5,800008b2 <main+0x7f2>
cnn_run():
D:\fpgafile\e203_cnn\sdk\LeNet_hw\Debug/../application/../include/cnn.h:96
    CNN_WR(CNN_CTRL, CNN_CTRL_START);
800008c4:	4785                	li	a5,1
800008c6:	c31c                	sw	a5,0(a4)
D:\fpgafile\e203_cnn\sdk\LeNet_hw\Debug/../application/../include/cnn.h:97
    while ((CNN_RD(CNN_STATUS) & CNN_STATUS_DONE) == 0);
800008c8:	40000737          	lui	a4,0x40000
800008cc:	435c                	lw	a5,4(a4)
800008ce:	8b89                	andi	a5,a5,2
800008d0:	dff5                	beqz	a5,800008cc <main+0x80c>
D:\fpgafile\e203_cnn\sdk\LeNet_hw\Debug/../application/../include/cnn.h:98
    CNN_WR(CNN_CTRL, 0);   /* 必须拉低 start，否则下一轮启动不了 */
800008d2:	00072023          	sw	zero,0(a4) # 40000000 <__stack_size+0x3ffff800>
cnn_layer():
D:\fpgafile\e203_cnn\sdk\LeNet_hw\Debug/../application/../include/cnn.h:119
    for (int i = 0; i < out_n; i++)
800008d6:	4781                	li	a5,0
cnn_run():
D:\fpgafile\e203_cnn\sdk\LeNet_hw\Debug/../application/../include/cnn.h:98
    CNN_WR(CNN_CTRL, 0);   /* 必须拉低 start，否则下一轮启动不了 */
800008d8:	10002717          	auipc	a4,0x10002
800008dc:	ab870713          	addi	a4,a4,-1352 # 90002390 <hw_y>
cnn_read_output():
D:\fpgafile\e203_cnn\sdk\LeNet_hw\Debug/../application/../include/cnn.h:103
    CNN_WR(CNN_OINDEX, (uint32_t)idx);
800008e0:	400006b7          	lui	a3,0x40000
cnn_layer():
D:\fpgafile\e203_cnn\sdk\LeNet_hw\Debug/../application/../include/cnn.h:119
    for (int i = 0; i < out_n; i++)
800008e4:	45e1                	li	a1,24
cnn_read_output():
D:\fpgafile\e203_cnn\sdk\LeNet_hw\Debug/../application/../include/cnn.h:103
    CNN_WR(CNN_OINDEX, (uint32_t)idx);
800008e6:	cedc                	sw	a5,28(a3)
D:\fpgafile\e203_cnn\sdk\LeNet_hw\Debug/../application/../include/cnn.h:104
    return (int8_t)CNN_RD(CNN_ODATA);
800008e8:	5288                	lw	a0,32(a3)
cnn_layer():
D:\fpgafile\e203_cnn\sdk\LeNet_hw\Debug/../application/../include/cnn.h:119
    for (int i = 0; i < out_n; i++)
800008ea:	0785                	addi	a5,a5,1
800008ec:	0705                	addi	a4,a4,1
cnn_read_output():
D:\fpgafile\e203_cnn\sdk\LeNet_hw\Debug/../application/../include/cnn.h:104
    return (int8_t)CNN_RD(CNN_ODATA);
800008ee:	fea70fa3          	sb	a0,-1(a4)
cnn_layer():
D:\fpgafile\e203_cnn\sdk\LeNet_hw\Debug/../application/../include/cnn.h:119
    for (int i = 0; i < out_n; i++)
800008f2:	feb79ae3          	bne	a5,a1,800008e6 <main+0x826>
infer_one():
D:\fpgafile\e203_cnn\sdk\LeNet_hw\Debug/../application/main.c:156
    for (int i = 0; i < 24; i++) c5_out[96 + i] = hw_y[i];
800008f6:	010f2703          	lw	a4,16(t5)
800008fa:	014f2783          	lw	a5,20(t5)
800008fe:	000f2803          	lw	a6,0(t5)
80000902:	004f2503          	lw	a0,4(t5)
80000906:	008f2583          	lw	a1,8(t5)
8000090a:	00cf2683          	lw	a3,12(t5)
8000090e:	00eba823          	sw	a4,16(s7)
80000912:	00fbaa23          	sw	a5,20(s7)
80000916:	010ba023          	sw	a6,0(s7)
8000091a:	00aba223          	sw	a0,4(s7)
8000091e:	00bba423          	sw	a1,8(s7)
80000922:	00dba623          	sw	a3,12(s7)
D:\fpgafile\e203_cnn\sdk\LeNet_hw\Debug/../application/main.c:159
    for (int i = 0; i < 120; i++) hw_x[i] = c5_out[i];
80000926:	10001797          	auipc	a5,0x10001
8000092a:	97678793          	addi	a5,a5,-1674 # 9000129c <c5_out>
8000092e:	10001717          	auipc	a4,0x10001
80000932:	a6270713          	addi	a4,a4,-1438 # 90001390 <hw_x>
80000936:	4b94                	lw	a3,16(a5)
80000938:	0007a883          	lw	a7,0(a5)
8000093c:	0047a803          	lw	a6,4(a5)
80000940:	4788                	lw	a0,8(a5)
80000942:	47cc                	lw	a1,12(a5)
80000944:	cb14                	sw	a3,16(a4)
80000946:	01172023          	sw	a7,0(a4)
8000094a:	01072223          	sw	a6,4(a4)
8000094e:	c708                	sw	a0,8(a4)
80000950:	c74c                	sw	a1,12(a4)
80000952:	07d1                	addi	a5,a5,20
80000954:	10001697          	auipc	a3,0x10001
80000958:	9c068693          	addi	a3,a3,-1600 # 90001314 <f6_out>
8000095c:	0751                	addi	a4,a4,20
8000095e:	fcd79ce3          	bne	a5,a3,80000936 <main+0x876>
cnn_clear_ptrs():
D:\fpgafile\e203_cnn\sdk\LeNet_hw\Debug/../application/../include/cnn.h:65
    CNN_WR(CNN_CTRL, CNN_CTRL_CLR_WPTR | CNN_CTRL_CLR_IPTR | CNN_CTRL_CLR_BPTR);
80000962:	400007b7          	lui	a5,0x40000
80000966:	4739                	li	a4,14
80000968:	c398                	sw	a4,0(a5)
cnn_config():
D:\fpgafile\e203_cnn\sdk\LeNet_hw\Debug/../application/../include/cnn.h:72
    CNN_WR(CNN_CFG0, cnn_cfg0(h, w, c, k));
8000096a:	01780737          	lui	a4,0x1780
8000096e:	10170713          	addi	a4,a4,257 # 1780101 <__stack_size+0x177f901>
80000972:	cbd8                	sw	a4,20(a5)
D:\fpgafile\e203_cnn\sdk\LeNet_hw\Debug/../application/../include/cnn.h:73
    CNN_WR(CNN_CFG1, cnn_cfg1(oc, stride, pad, shift, relu));
80000974:	154b0713          	addi	a4,s6,340
80000978:	cf98                	sw	a4,24(a5)
8000097a:	10001797          	auipc	a5,0x10001
8000097e:	a1678793          	addi	a5,a5,-1514 # 90001390 <hw_x>
cnn_load_input():
D:\fpgafile\e203_cnn\sdk\LeNet_hw\Debug/../application/../include/cnn.h:79
        CNN_WR(CNN_IDATA, (uint32_t)(int32_t)x[i]);
80000982:	40000737          	lui	a4,0x40000
80000986:	00078683          	lb	a3,0(a5)
D:\fpgafile\e203_cnn\sdk\LeNet_hw\Debug/../application/../include/cnn.h:78
    for (int i = 0; i < n; i++)
8000098a:	0785                	addi	a5,a5,1
D:\fpgafile\e203_cnn\sdk\LeNet_hw\Debug/../application/../include/cnn.h:79
        CNN_WR(CNN_IDATA, (uint32_t)(int32_t)x[i]);
8000098c:	c754                	sw	a3,12(a4)
D:\fpgafile\e203_cnn\sdk\LeNet_hw\Debug/../application/../include/cnn.h:78
    for (int i = 0; i < n; i++)
8000098e:	10001697          	auipc	a3,0x10001
80000992:	a7a68693          	addi	a3,a3,-1414 # 90001408 <hw_x+0x78>
80000996:	fef698e3          	bne	a3,a5,80000986 <main+0x8c6>
8000099a:	0000a797          	auipc	a5,0xa
8000099e:	62378793          	addi	a5,a5,1571 # 8000afbd <f6_weight_hw+0x1>
800009a2:	5745                	li	a4,-15
cnn_load_weight():
D:\fpgafile\e203_cnn\sdk\LeNet_hw\Debug/../application/../include/cnn.h:85
        CNN_WR(CNN_WDATA, (uint32_t)(int32_t)w[i]);
800009a4:	400006b7          	lui	a3,0x40000
800009a8:	a021                	j	800009b0 <main+0x8f0>
800009aa:	00078703          	lb	a4,0(a5)
800009ae:	0785                	addi	a5,a5,1
800009b0:	c698                	sw	a4,8(a3)
D:\fpgafile\e203_cnn\sdk\LeNet_hw\Debug/../application/../include/cnn.h:84
    for (int i = 0; i < n; i++)
800009b2:	0000d717          	auipc	a4,0xd
800009b6:	d6a70713          	addi	a4,a4,-662 # 8000d71c <mnist_100>
800009ba:	fef718e3          	bne	a4,a5,800009aa <main+0x8ea>
800009be:	0000a797          	auipc	a5,0xa
800009c2:	4b278793          	addi	a5,a5,1202 # 8000ae70 <f6_bias+0x4>
800009c6:	aee00693          	li	a3,-1298
cnn_load_bias():
D:\fpgafile\e203_cnn\sdk\LeNet_hw\Debug/../application/../include/cnn.h:91
        CNN_WR(CNN_BIAS, (uint32_t)b[i]);
800009ca:	40000737          	lui	a4,0x40000
800009ce:	a019                	j	800009d4 <main+0x914>
800009d0:	4394                	lw	a3,0(a5)
800009d2:	0791                	addi	a5,a5,4
800009d4:	cb14                	sw	a3,16(a4)
D:\fpgafile\e203_cnn\sdk\LeNet_hw\Debug/../application/../include/cnn.h:90
    for (int i = 0; i < n; i++)
800009d6:	0000a697          	auipc	a3,0xa
800009da:	5e668693          	addi	a3,a3,1510 # 8000afbc <f6_weight_hw>
800009de:	fef699e3          	bne	a3,a5,800009d0 <main+0x910>
cnn_run():
D:\fpgafile\e203_cnn\sdk\LeNet_hw\Debug/../application/../include/cnn.h:96
    CNN_WR(CNN_CTRL, CNN_CTRL_START);
800009e2:	4785                	li	a5,1
800009e4:	c31c                	sw	a5,0(a4)
D:\fpgafile\e203_cnn\sdk\LeNet_hw\Debug/../application/../include/cnn.h:97
    while ((CNN_RD(CNN_STATUS) & CNN_STATUS_DONE) == 0);
800009e6:	40000737          	lui	a4,0x40000
800009ea:	435c                	lw	a5,4(a4)
800009ec:	8b89                	andi	a5,a5,2
800009ee:	dff5                	beqz	a5,800009ea <main+0x92a>
D:\fpgafile\e203_cnn\sdk\LeNet_hw\Debug/../application/../include/cnn.h:98
    CNN_WR(CNN_CTRL, 0);   /* 必须拉低 start，否则下一轮启动不了 */
800009f0:	00072023          	sw	zero,0(a4) # 40000000 <__stack_size+0x3ffff800>
cnn_layer():
D:\fpgafile\e203_cnn\sdk\LeNet_hw\Debug/../application/../include/cnn.h:119
    for (int i = 0; i < out_n; i++)
800009f4:	4781                	li	a5,0
cnn_run():
D:\fpgafile\e203_cnn\sdk\LeNet_hw\Debug/../application/../include/cnn.h:98
    CNN_WR(CNN_CTRL, 0);   /* 必须拉低 start，否则下一轮启动不了 */
800009f6:	10002717          	auipc	a4,0x10002
800009fa:	99a70713          	addi	a4,a4,-1638 # 90002390 <hw_y>
cnn_read_output():
D:\fpgafile\e203_cnn\sdk\LeNet_hw\Debug/../application/../include/cnn.h:103
    CNN_WR(CNN_OINDEX, (uint32_t)idx);
800009fe:	400006b7          	lui	a3,0x40000
cnn_layer():
D:\fpgafile\e203_cnn\sdk\LeNet_hw\Debug/../application/../include/cnn.h:119
    for (int i = 0; i < out_n; i++)
80000a02:	05400593          	li	a1,84
cnn_read_output():
D:\fpgafile\e203_cnn\sdk\LeNet_hw\Debug/../application/../include/cnn.h:103
    CNN_WR(CNN_OINDEX, (uint32_t)idx);
80000a06:	cedc                	sw	a5,28(a3)
D:\fpgafile\e203_cnn\sdk\LeNet_hw\Debug/../application/../include/cnn.h:104
    return (int8_t)CNN_RD(CNN_ODATA);
80000a08:	5288                	lw	a0,32(a3)
cnn_layer():
D:\fpgafile\e203_cnn\sdk\LeNet_hw\Debug/../application/../include/cnn.h:119
    for (int i = 0; i < out_n; i++)
80000a0a:	0785                	addi	a5,a5,1
80000a0c:	0705                	addi	a4,a4,1
cnn_read_output():
D:\fpgafile\e203_cnn\sdk\LeNet_hw\Debug/../application/../include/cnn.h:104
    return (int8_t)CNN_RD(CNN_ODATA);
80000a0e:	fea70fa3          	sb	a0,-1(a4)
cnn_layer():
D:\fpgafile\e203_cnn\sdk\LeNet_hw\Debug/../application/../include/cnn.h:119
    for (int i = 0; i < out_n; i++)
80000a12:	feb79ae3          	bne	a5,a1,80000a06 <main+0x946>
infer_one():
D:\fpgafile\e203_cnn\sdk\LeNet_hw\Debug/../application/main.c:163
    for (int i = 0; i < 84; i++) f6_out[i] = hw_y[i];
80000a16:	10002797          	auipc	a5,0x10002
80000a1a:	97a78793          	addi	a5,a5,-1670 # 90002390 <hw_y>
80000a1e:	10001717          	auipc	a4,0x10001
80000a22:	8f670713          	addi	a4,a4,-1802 # 90001314 <f6_out>
80000a26:	47d4                	lw	a3,12(a5)
80000a28:	0007a803          	lw	a6,0(a5)
80000a2c:	43c8                	lw	a0,4(a5)
80000a2e:	478c                	lw	a1,8(a5)
80000a30:	c754                	sw	a3,12(a4)
80000a32:	01072023          	sw	a6,0(a4)
80000a36:	c348                	sw	a0,4(a4)
80000a38:	c70c                	sw	a1,8(a4)
80000a3a:	07c1                	addi	a5,a5,16
80000a3c:	10002697          	auipc	a3,0x10002
80000a40:	9a468693          	addi	a3,a3,-1628 # 900023e0 <hw_y+0x50>
80000a44:	0741                	addi	a4,a4,16
80000a46:	fed790e3          	bne	a5,a3,80000a26 <main+0x966>
80000a4a:	428c                	lw	a1,0(a3)
D:\fpgafile\e203_cnn\sdk\LeNet_hw\Debug/../application/main.c:166
    for (int i = 0; i < 84; i++) hw_x[i] = f6_out[i];
80000a4c:	10001797          	auipc	a5,0x10001
80000a50:	94478793          	addi	a5,a5,-1724 # 90001390 <hw_x>
80000a54:	10001697          	auipc	a3,0x10001
80000a58:	8c068693          	addi	a3,a3,-1856 # 90001314 <f6_out>
D:\fpgafile\e203_cnn\sdk\LeNet_hw\Debug/../application/main.c:163
    for (int i = 0; i < 84; i++) f6_out[i] = hw_y[i];
80000a5c:	c30c                	sw	a1,0(a4)
D:\fpgafile\e203_cnn\sdk\LeNet_hw\Debug/../application/main.c:166
    for (int i = 0; i < 84; i++) hw_x[i] = f6_out[i];
80000a5e:	46d8                	lw	a4,12(a3)
80000a60:	0006a803          	lw	a6,0(a3)
80000a64:	42c8                	lw	a0,4(a3)
80000a66:	468c                	lw	a1,8(a3)
80000a68:	c7d8                	sw	a4,12(a5)
80000a6a:	0107a023          	sw	a6,0(a5)
80000a6e:	c3c8                	sw	a0,4(a5)
80000a70:	c78c                	sw	a1,8(a5)
80000a72:	06c1                	addi	a3,a3,16
80000a74:	10001717          	auipc	a4,0x10001
80000a78:	8f070713          	addi	a4,a4,-1808 # 90001364 <f6_out+0x50>
80000a7c:	07c1                	addi	a5,a5,16
80000a7e:	fee690e3          	bne	a3,a4,80000a5e <main+0x99e>
80000a82:	4314                	lw	a3,0(a4)
cnn_clear_ptrs():
D:\fpgafile\e203_cnn\sdk\LeNet_hw\Debug/../application/../include/cnn.h:65
    CNN_WR(CNN_CTRL, CNN_CTRL_CLR_WPTR | CNN_CTRL_CLR_IPTR | CNN_CTRL_CLR_BPTR);
80000a84:	40000737          	lui	a4,0x40000
infer_one():
D:\fpgafile\e203_cnn\sdk\LeNet_hw\Debug/../application/main.c:166
80000a88:	c394                	sw	a3,0(a5)
cnn_clear_ptrs():
D:\fpgafile\e203_cnn\sdk\LeNet_hw\Debug/../application/../include/cnn.h:65
80000a8a:	47b9                	li	a5,14
80000a8c:	c31c                	sw	a5,0(a4)
cnn_config():
D:\fpgafile\e203_cnn\sdk\LeNet_hw\Debug/../application/../include/cnn.h:72
    CNN_WR(CNN_CFG0, cnn_cfg0(h, w, c, k));
80000a8e:	015407b7          	lui	a5,0x1540
80000a92:	10178793          	addi	a5,a5,257 # 1540101 <__stack_size+0x153f901>
80000a96:	cb5c                	sw	a5,20(a4)
D:\fpgafile\e203_cnn\sdk\LeNet_hw\Debug/../application/../include/cnn.h:73
    CNN_WR(CNN_CFG1, cnn_cfg1(oc, stride, pad, shift, relu));
80000a98:	000207b7          	lui	a5,0x20
80000a9c:	10a78793          	addi	a5,a5,266 # 2010a <__stack_size+0x1f90a>
80000aa0:	cf1c                	sw	a5,24(a4)
cnn_load_input():
D:\fpgafile\e203_cnn\sdk\LeNet_hw\Debug/../application/../include/cnn.h:79
        CNN_WR(CNN_IDATA, (uint32_t)(int32_t)x[i]);
80000aa2:	400007b7          	lui	a5,0x40000
80000aa6:	000c0703          	lb	a4,0(s8)
D:\fpgafile\e203_cnn\sdk\LeNet_hw\Debug/../application/../include/cnn.h:78
    for (int i = 0; i < n; i++)
80000aaa:	0c05                	addi	s8,s8,1
D:\fpgafile\e203_cnn\sdk\LeNet_hw\Debug/../application/../include/cnn.h:79
        CNN_WR(CNN_IDATA, (uint32_t)(int32_t)x[i]);
80000aac:	c7d8                	sw	a4,12(a5)
D:\fpgafile\e203_cnn\sdk\LeNet_hw\Debug/../application/../include/cnn.h:78
    for (int i = 0; i < n; i++)
80000aae:	10001717          	auipc	a4,0x10001
80000ab2:	93670713          	addi	a4,a4,-1738 # 900013e4 <hw_x+0x54>
80000ab6:	ff8718e3          	bne	a4,s8,80000aa6 <main+0x9e6>
80000aba:	0000f797          	auipc	a5,0xf
80000abe:	b3778793          	addi	a5,a5,-1225 # 8000f5f1 <out_weight_hw+0x1>
80000ac2:	5765                	li	a4,-7
cnn_load_weight():
D:\fpgafile\e203_cnn\sdk\LeNet_hw\Debug/../application/../include/cnn.h:85
        CNN_WR(CNN_WDATA, (uint32_t)(int32_t)w[i]);
80000ac4:	400006b7          	lui	a3,0x40000
80000ac8:	a021                	j	80000ad0 <main+0xa10>
80000aca:	00078703          	lb	a4,0(a5)
80000ace:	0785                	addi	a5,a5,1
80000ad0:	c698                	sw	a4,8(a3)
D:\fpgafile\e203_cnn\sdk\LeNet_hw\Debug/../application/../include/cnn.h:84
    for (int i = 0; i < n; i++)
80000ad2:	0000f717          	auipc	a4,0xf
80000ad6:	e6670713          	addi	a4,a4,-410 # 8000f938 <__clz_tab>
80000ada:	fef718e3          	bne	a4,a5,80000aca <main+0xa0a>
80000ade:	77fd                	lui	a5,0xfffff
80000ae0:	0000f717          	auipc	a4,0xf
80000ae4:	aec70713          	addi	a4,a4,-1300 # 8000f5cc <out_bias+0x4>
80000ae8:	4b978793          	addi	a5,a5,1209 # fffff4b9 <_sp+0x6ffef4b9>
cnn_load_bias():
D:\fpgafile\e203_cnn\sdk\LeNet_hw\Debug/../application/../include/cnn.h:91
        CNN_WR(CNN_BIAS, (uint32_t)b[i]);
80000aec:	400006b7          	lui	a3,0x40000
80000af0:	a019                	j	80000af6 <main+0xa36>
80000af2:	431c                	lw	a5,0(a4)
80000af4:	0711                	addi	a4,a4,4
80000af6:	ca9c                	sw	a5,16(a3)
D:\fpgafile\e203_cnn\sdk\LeNet_hw\Debug/../application/../include/cnn.h:90
    for (int i = 0; i < n; i++)
80000af8:	0000f797          	auipc	a5,0xf
80000afc:	af878793          	addi	a5,a5,-1288 # 8000f5f0 <out_weight_hw>
80000b00:	fee799e3          	bne	a5,a4,80000af2 <main+0xa32>
cnn_run():
D:\fpgafile\e203_cnn\sdk\LeNet_hw\Debug/../application/../include/cnn.h:96
    CNN_WR(CNN_CTRL, CNN_CTRL_START);
80000b04:	4785                	li	a5,1
80000b06:	c29c                	sw	a5,0(a3)
D:\fpgafile\e203_cnn\sdk\LeNet_hw\Debug/../application/../include/cnn.h:97
    while ((CNN_RD(CNN_STATUS) & CNN_STATUS_DONE) == 0);
80000b08:	40000737          	lui	a4,0x40000
80000b0c:	435c                	lw	a5,4(a4)
80000b0e:	8b89                	andi	a5,a5,2
80000b10:	dff5                	beqz	a5,80000b0c <main+0xa4c>
D:\fpgafile\e203_cnn\sdk\LeNet_hw\Debug/../application/../include/cnn.h:98
    CNN_WR(CNN_CTRL, 0);   /* 必须拉低 start，否则下一轮启动不了 */
80000b12:	00072023          	sw	zero,0(a4) # 40000000 <__stack_size+0x3ffff800>
cnn_layer():
D:\fpgafile\e203_cnn\sdk\LeNet_hw\Debug/../application/../include/cnn.h:119
    for (int i = 0; i < out_n; i++)
80000b16:	4781                	li	a5,0
cnn_run():
D:\fpgafile\e203_cnn\sdk\LeNet_hw\Debug/../application/../include/cnn.h:98
    CNN_WR(CNN_CTRL, 0);   /* 必须拉低 start，否则下一轮启动不了 */
80000b18:	10002717          	auipc	a4,0x10002
80000b1c:	87870713          	addi	a4,a4,-1928 # 90002390 <hw_y>
cnn_read_output():
D:\fpgafile\e203_cnn\sdk\LeNet_hw\Debug/../application/../include/cnn.h:103
    CNN_WR(CNN_OINDEX, (uint32_t)idx);
80000b20:	400006b7          	lui	a3,0x40000
cnn_layer():
D:\fpgafile\e203_cnn\sdk\LeNet_hw\Debug/../application/../include/cnn.h:119
    for (int i = 0; i < out_n; i++)
80000b24:	45a9                	li	a1,10
cnn_read_output():
D:\fpgafile\e203_cnn\sdk\LeNet_hw\Debug/../application/../include/cnn.h:103
    CNN_WR(CNN_OINDEX, (uint32_t)idx);
80000b26:	cedc                	sw	a5,28(a3)
D:\fpgafile\e203_cnn\sdk\LeNet_hw\Debug/../application/../include/cnn.h:104
    return (int8_t)CNN_RD(CNN_ODATA);
80000b28:	5288                	lw	a0,32(a3)
cnn_layer():
D:\fpgafile\e203_cnn\sdk\LeNet_hw\Debug/../application/../include/cnn.h:119
    for (int i = 0; i < out_n; i++)
80000b2a:	0785                	addi	a5,a5,1
80000b2c:	0705                	addi	a4,a4,1
cnn_read_output():
D:\fpgafile\e203_cnn\sdk\LeNet_hw\Debug/../application/../include/cnn.h:104
    return (int8_t)CNN_RD(CNN_ODATA);
80000b2e:	fea70fa3          	sb	a0,-1(a4)
cnn_layer():
D:\fpgafile\e203_cnn\sdk\LeNet_hw\Debug/../application/../include/cnn.h:119
    for (int i = 0; i < out_n; i++)
80000b32:	feb79ae3          	bne	a5,a1,80000b26 <main+0xa66>
80000b36:	10001797          	auipc	a5,0x10001
80000b3a:	83278793          	addi	a5,a5,-1998 # 90001368 <final_out>
80000b3e:	883e                	mv	a6,a5
80000b40:	873e                	mv	a4,a5
infer_one():
D:\fpgafile\e203_cnn\sdk\LeNet_hw\Debug/../application/main.c:170
    for (int i = 0; i < 10; i++) final_out[i] = (int32_t)hw_y[i];
80000b42:	00008683          	lb	a3,0(ra)
80000b46:	0711                	addi	a4,a4,4
80000b48:	0085                	addi	ra,ra,1
80000b4a:	fed72e23          	sw	a3,-4(a4)
80000b4e:	10001697          	auipc	a3,0x10001
80000b52:	84268693          	addi	a3,a3,-1982 # 90001390 <hw_x>
80000b56:	fed716e3          	bne	a4,a3,80000b42 <main+0xa82>
argmax():
D:\fpgafile\e203_cnn\sdk\LeNet_hw\Debug/../application/main.c:81
    int best = 0;
80000b5a:	4681                	li	a3,0
D:\fpgafile\e203_cnn\sdk\LeNet_hw\Debug/../application/main.c:82
    for (int i = 1; i < n; i++)
80000b5c:	4705                	li	a4,1
80000b5e:	4529                	li	a0,10
D:\fpgafile\e203_cnn\sdk\LeNet_hw\Debug/../application/main.c:83
        if (a[i] > a[best]) best = i;
80000b60:	00269593          	slli	a1,a3,0x2
80000b64:	95c2                	add	a1,a1,a6
80000b66:	0047a883          	lw	a7,4(a5)
80000b6a:	418c                	lw	a1,0(a1)
D:\fpgafile\e203_cnn\sdk\LeNet_hw\Debug/../application/main.c:82
    for (int i = 1; i < n; i++)
80000b6c:	0791                	addi	a5,a5,4
D:\fpgafile\e203_cnn\sdk\LeNet_hw\Debug/../application/main.c:83
        if (a[i] > a[best]) best = i;
80000b6e:	0115d363          	bge	a1,a7,80000b74 <main+0xab4>
80000b72:	86ba                	mv	a3,a4
D:\fpgafile\e203_cnn\sdk\LeNet_hw\Debug/../application/main.c:82
    for (int i = 1; i < n; i++)
80000b74:	0705                	addi	a4,a4,1
80000b76:	fea715e3          	bne	a4,a0,80000b60 <main+0xaa0>
main():
D:\fpgafile\e203_cnn\sdk\LeNet_hw\Debug/../application/main.c:196
        int label = mnist_100_labels[i];
        int pred  = infer_one(mnist_100[i]);

        per_class_total[label]++;
80000b7a:	4752                	lw	a4,20(sp)
80000b7c:	011c                	addi	a5,sp,128
80000b7e:	97ba                	add	a5,a5,a4
80000b80:	4742                	lw	a4,16(sp)
80000b82:	0705                	addi	a4,a4,1
80000b84:	fce7ac23          	sw	a4,-40(a5)
D:\fpgafile\e203_cnn\sdk\LeNet_hw\Debug/../application/main.c:197
        if (pred == label) {
80000b88:	04d61463          	bne	a2,a3,80000bd0 <main+0xb10>
D:\fpgafile\e203_cnn\sdk\LeNet_hw\Debug/../application/main.c:199
            correct++;
            per_class_correct[label]++;
80000b8c:	fb07a703          	lw	a4,-80(a5)
D:\fpgafile\e203_cnn\sdk\LeNet_hw\Debug/../application/main.c:198
            correct++;
80000b90:	46b2                	lw	a3,12(sp)
D:\fpgafile\e203_cnn\sdk\LeNet_hw\Debug/../application/main.c:199
            per_class_correct[label]++;
80000b92:	0705                	addi	a4,a4,1
80000b94:	fae7a823          	sw	a4,-80(a5)
D:\fpgafile\e203_cnn\sdk\LeNet_hw\Debug/../application/main.c:192
    for (int i = 0; i < 10; i++) {
80000b98:	47a2                	lw	a5,8(sp)
D:\fpgafile\e203_cnn\sdk\LeNet_hw\Debug/../application/main.c:198
            correct++;
80000b9a:	0685                	addi	a3,a3,1
80000b9c:	c636                	sw	a3,12(sp)
D:\fpgafile\e203_cnn\sdk\LeNet_hw\Debug/../application/main.c:192
    for (int i = 0; i < 10; i++) {
80000b9e:	31078793          	addi	a5,a5,784
80000ba2:	c43e                	sw	a5,8(sp)
80000ba4:	0000f797          	auipc	a5,0xf
80000ba8:	a2278793          	addi	a5,a5,-1502 # 8000f5c6 <mnist_100_labels+0xa>
80000bac:	04fd8363          	beq	s11,a5,80000bf2 <main+0xb32>
D:\fpgafile\e203_cnn\sdk\LeNet_hw\Debug/../application/main.c:193
        int label = mnist_100_labels[i];
80000bb0:	000dc603          	lbu	a2,0(s11)
D:\fpgafile\e203_cnn\sdk\LeNet_hw\Debug/../application/main.c:196
        per_class_total[label]++;
80000bb4:	0114                	addi	a3,sp,128
infer_one():
D:\fpgafile\e203_cnn\sdk\LeNet_hw\Debug/../application/main.c:93
            input_img[i][j] = (int8_t)(img[i][j] * 100 / 255);
80000bb6:	47a2                	lw	a5,8(sp)
main():
D:\fpgafile\e203_cnn\sdk\LeNet_hw\Debug/../application/main.c:196
        per_class_total[label]++;
80000bb8:	00261713          	slli	a4,a2,0x2
80000bbc:	ca3a                	sw	a4,20(sp)
80000bbe:	9736                	add	a4,a4,a3
80000bc0:	fd872703          	lw	a4,-40(a4)
infer_one():
D:\fpgafile\e203_cnn\sdk\LeNet_hw\Debug/../application/main.c:93
            input_img[i][j] = (int8_t)(img[i][j] * 100 / 255);
80000bc4:	0007c783          	lbu	a5,0(a5)
80000bc8:	0d85                	addi	s11,s11,1
main():
D:\fpgafile\e203_cnn\sdk\LeNet_hw\Debug/../application/main.c:196
        per_class_total[label]++;
80000bca:	c83a                	sw	a4,16(sp)
80000bcc:	de0ff06f          	j	800001ac <main+0xec>
D:\fpgafile\e203_cnn\sdk\LeNet_hw\Debug/../application/main.c:201
        } else {
            printf("  [%3d] label=%d, pred=%d  MISMATCH\n",
80000bd0:	5582                	lw	a1,32(sp)
80000bd2:	00002517          	auipc	a0,0x2
80000bd6:	d4e50513          	addi	a0,a0,-690 # 80002920 <_read_r+0x154>
80000bda:	173000ef          	jal	ra,8000154c <iprintf>
D:\fpgafile\e203_cnn\sdk\LeNet_hw\Debug/../application/main.c:192
    for (int i = 0; i < 10; i++) {
80000bde:	47a2                	lw	a5,8(sp)
80000be0:	31078793          	addi	a5,a5,784
80000be4:	c43e                	sw	a5,8(sp)
80000be6:	0000f797          	auipc	a5,0xf
80000bea:	9e078793          	addi	a5,a5,-1568 # 8000f5c6 <mnist_100_labels+0xa>
80000bee:	fcfd91e3          	bne	s11,a5,80000bb0 <main+0xaf0>
get_cycle():
D:\fpgafile\e203_cnn\sdk\LeNet_hw\Debug/../application/main.c:49
    asm volatile ("csrr %0, mcycle" : "=r"(val));
80000bf2:	b0002473          	csrr	s0,mcycle
main():
D:\fpgafile\e203_cnn\sdk\LeNet_hw\Debug/../application/main.c:207
                   i, label, pred);
        }
    }

    uint32_t t_end = get_cycle();
    uint32_t cycles = t_end - t_start;
80000bf6:	47e2                	lw	a5,24(sp)
D:\fpgafile\e203_cnn\sdk\LeNet_hw\Debug/../application/main.c:210

    // ---------- 准确率 ----------
    printf("\n===== Accuracy =====\n");
80000bf8:	00002517          	auipc	a0,0x2
80000bfc:	d5050513          	addi	a0,a0,-688 # 80002948 <_read_r+0x17c>
80000c00:	05810993          	addi	s3,sp,88
D:\fpgafile\e203_cnn\sdk\LeNet_hw\Debug/../application/main.c:207
    uint32_t cycles = t_end - t_start;
80000c04:	8c1d                	sub	s0,s0,a5
D:\fpgafile\e203_cnn\sdk\LeNet_hw\Debug/../application/main.c:210
    printf("\n===== Accuracy =====\n");
80000c06:	25b000ef          	jal	ra,80001660 <puts>
D:\fpgafile\e203_cnn\sdk\LeNet_hw\Debug/../application/main.c:211
    printf("Total: %d/100 = %d%%\n", correct, correct);
80000c0a:	4632                	lw	a2,12(sp)
80000c0c:	00002517          	auipc	a0,0x2
80000c10:	d5450513          	addi	a0,a0,-684 # 80002960 <_read_r+0x194>
80000c14:	03010913          	addi	s2,sp,48
80000c18:	85b2                	mv	a1,a2
80000c1a:	133000ef          	jal	ra,8000154c <iprintf>
D:\fpgafile\e203_cnn\sdk\LeNet_hw\Debug/../application/main.c:213

    printf("\nPer-class:\n");
80000c1e:	00002517          	auipc	a0,0x2
80000c22:	d5a50513          	addi	a0,a0,-678 # 80002978 <_read_r+0x1ac>
80000c26:	23b000ef          	jal	ra,80001660 <puts>
D:\fpgafile\e203_cnn\sdk\LeNet_hw\Debug/../application/main.c:214
    for (int c = 0; c < 10; c++) {
80000c2a:	4481                	li	s1,0
D:\fpgafile\e203_cnn\sdk\LeNet_hw\Debug/../application/main.c:216
        int pct = per_class_total[c] > 0
                ? per_class_correct[c] * 100 / per_class_total[c]
80000c2c:	06400b13          	li	s6,100
D:\fpgafile\e203_cnn\sdk\LeNet_hw\Debug/../application/main.c:218
                : 0;
        printf("  class %d: %2d/%2d = %3d%%\n",
80000c30:	00002a97          	auipc	s5,0x2
80000c34:	d54a8a93          	addi	s5,s5,-684 # 80002984 <_read_r+0x1b8>
D:\fpgafile\e203_cnn\sdk\LeNet_hw\Debug/../application/main.c:214
    for (int c = 0; c < 10; c++) {
80000c38:	4a29                	li	s4,10
D:\fpgafile\e203_cnn\sdk\LeNet_hw\Debug/../application/main.c:215
        int pct = per_class_total[c] > 0
80000c3a:	0009a783          	lw	a5,0(s3)
D:\fpgafile\e203_cnn\sdk\LeNet_hw\Debug/../application/main.c:218
        printf("  class %d: %2d/%2d = %3d%%\n",
80000c3e:	85a6                	mv	a1,s1
D:\fpgafile\e203_cnn\sdk\LeNet_hw\Debug/../application/main.c:216
                ? per_class_correct[c] * 100 / per_class_total[c]
80000c40:	00092603          	lw	a2,0(s2)
D:\fpgafile\e203_cnn\sdk\LeNet_hw\Debug/../application/main.c:218
        printf("  class %d: %2d/%2d = %3d%%\n",
80000c44:	8556                	mv	a0,s5
80000c46:	86be                	mv	a3,a5
D:\fpgafile\e203_cnn\sdk\LeNet_hw\Debug/../application/main.c:214
    for (int c = 0; c < 10; c++) {
80000c48:	0485                	addi	s1,s1,1
D:\fpgafile\e203_cnn\sdk\LeNet_hw\Debug/../application/main.c:217
                : 0;
80000c4a:	4701                	li	a4,0
80000c4c:	00f05663          	blez	a5,80000c58 <main+0xb98>
D:\fpgafile\e203_cnn\sdk\LeNet_hw\Debug/../application/main.c:216 (discriminator 1)
                ? per_class_correct[c] * 100 / per_class_total[c]
80000c50:	03660733          	mul	a4,a2,s6
D:\fpgafile\e203_cnn\sdk\LeNet_hw\Debug/../application/main.c:217 (discriminator 1)
                : 0;
80000c54:	02f74733          	div	a4,a4,a5
D:\fpgafile\e203_cnn\sdk\LeNet_hw\Debug/../application/main.c:214 (discriminator 2)
    for (int c = 0; c < 10; c++) {
80000c58:	0991                	addi	s3,s3,4
80000c5a:	0911                	addi	s2,s2,4
D:\fpgafile\e203_cnn\sdk\LeNet_hw\Debug/../application/main.c:218 (discriminator 2)
        printf("  class %d: %2d/%2d = %3d%%\n",
80000c5c:	0f1000ef          	jal	ra,8000154c <iprintf>
D:\fpgafile\e203_cnn\sdk\LeNet_hw\Debug/../application/main.c:214 (discriminator 2)
    for (int c = 0; c < 10; c++) {
80000c60:	fd449de3          	bne	s1,s4,80000c3a <main+0xb7a>
D:\fpgafile\e203_cnn\sdk\LeNet_hw\Debug/../application/main.c:223
               c, per_class_correct[c], per_class_total[c], pct);
    }

    // ---------- 计时 ----------
    printf("\n===== Timing =====\n");
80000c64:	00002517          	auipc	a0,0x2
80000c68:	d4050513          	addi	a0,a0,-704 # 800029a4 <_read_r+0x1d8>
80000c6c:	1f5000ef          	jal	ra,80001660 <puts>
D:\fpgafile\e203_cnn\sdk\LeNet_hw\Debug/../application/main.c:224
    printf("Total cycles: %u\n", cycles);
80000c70:	85a2                	mv	a1,s0
80000c72:	00002517          	auipc	a0,0x2
80000c76:	d4650513          	addi	a0,a0,-698 # 800029b8 <_read_r+0x1ec>
80000c7a:	0d3000ef          	jal	ra,8000154c <iprintf>
D:\fpgafile\e203_cnn\sdk\LeNet_hw\Debug/../application/main.c:225
    printf("Per-image cycles: %u\n", cycles / 100);
80000c7e:	06400493          	li	s1,100
80000c82:	00002517          	auipc	a0,0x2
80000c86:	d4a50513          	addi	a0,a0,-694 # 800029cc <_read_r+0x200>
D:\fpgafile\e203_cnn\sdk\LeNet_hw\Debug/../application/main.c:226
    printf("CPU Frequency: %u Hz\n", (uint32_t)SystemCoreClock);
80000c8a:	0ffff917          	auipc	s2,0xffff
80000c8e:	3da90913          	addi	s2,s2,986 # 90000064 <SystemCoreClock>
D:\fpgafile\e203_cnn\sdk\LeNet_hw\Debug/../application/main.c:225
    printf("Per-image cycles: %u\n", cycles / 100);
80000c92:	029455b3          	divu	a1,s0,s1
80000c96:	0b7000ef          	jal	ra,8000154c <iprintf>
D:\fpgafile\e203_cnn\sdk\LeNet_hw\Debug/../application/main.c:226
    printf("CPU Frequency: %u Hz\n", (uint32_t)SystemCoreClock);
80000c9a:	00092583          	lw	a1,0(s2)
80000c9e:	00002517          	auipc	a0,0x2
80000ca2:	d4650513          	addi	a0,a0,-698 # 800029e4 <_read_r+0x218>
80000ca6:	0a7000ef          	jal	ra,8000154c <iprintf>
D:\fpgafile\e203_cnn\sdk\LeNet_hw\Debug/../application/main.c:227
    if (SystemCoreClock > 0) {
80000caa:	00092603          	lw	a2,0(s2)
80000cae:	ea01                	bnez	a2,80000cbe <main+0xbfe>
D:\fpgafile\e203_cnn\sdk\LeNet_hw\Debug/../application/main.c:233
        uint32_t ms = (uint32_t)((uint64_t)cycles * 1000ULL / SystemCoreClock);
        printf("Total time: %u ms\n", ms);
        printf("Per-image time: %u ms\n", ms / 100);
    }

    printf("===== Done =====\n\n");
80000cb0:	00002517          	auipc	a0,0x2
80000cb4:	d7850513          	addi	a0,a0,-648 # 80002a28 <_read_r+0x25c>
80000cb8:	1a9000ef          	jal	ra,80001660 <puts>
D:\fpgafile\e203_cnn\sdk\LeNet_hw\Debug/../application/main.c:235 (discriminator 2)

    while (1);
80000cbc:	a001                	j	80000cbc <main+0xbfc>
D:\fpgafile\e203_cnn\sdk\LeNet_hw\Debug/../application/main.c:228
        uint32_t ms = (uint32_t)((uint64_t)cycles * 1000ULL / SystemCoreClock);
80000cbe:	3e800513          	li	a0,1000
80000cc2:	02a435b3          	mulhu	a1,s0,a0
80000cc6:	4681                	li	a3,0
80000cc8:	02a40533          	mul	a0,s0,a0
80000ccc:	2149                	jal	8000114e <__udivdi3>
80000cce:	842a                	mv	s0,a0
D:\fpgafile\e203_cnn\sdk\LeNet_hw\Debug/../application/main.c:229
        printf("Total time: %u ms\n", ms);
80000cd0:	85aa                	mv	a1,a0
80000cd2:	00002517          	auipc	a0,0x2
80000cd6:	d2a50513          	addi	a0,a0,-726 # 800029fc <_read_r+0x230>
80000cda:	073000ef          	jal	ra,8000154c <iprintf>
D:\fpgafile\e203_cnn\sdk\LeNet_hw\Debug/../application/main.c:230
        printf("Per-image time: %u ms\n", ms / 100);
80000cde:	029455b3          	divu	a1,s0,s1
80000ce2:	00002517          	auipc	a0,0x2
80000ce6:	d2e50513          	addi	a0,a0,-722 # 80002a10 <_read_r+0x244>
80000cea:	063000ef          	jal	ra,8000154c <iprintf>
80000cee:	b7c9                	j	80000cb0 <main+0xbf0>
D:\fpgafile\e203_cnn\sdk\LeNet_hw\Debug/../application/main.c:181
        printf("ERROR: CNN VERSION mismatch!\n");
80000cf0:	00002517          	auipc	a0,0x2
80000cf4:	c1050513          	addi	a0,a0,-1008 # 80002900 <_read_r+0x134>
80000cf8:	169000ef          	jal	ra,80001660 <puts>
D:\fpgafile\e203_cnn\sdk\LeNet_hw\Debug/../application/main.c:182 (discriminator 1)
        while (1);
80000cfc:	a001                	j	80000cfc <main+0xc3c>

80000cfe <_close>:
_close():
D:\fpgafile\e203_cnn\sdk\LeNet_hw\Debug/../hbird_sdk/SoC/hbirdv2/Common/Source/Stubs/close.c:10
#undef errno
extern int errno;

__WEAK int _close(int fd)
{
    errno = EBADF;
80000cfe:	47a5                	li	a5,9
80000d00:	80f1aa23          	sw	a5,-2028(gp) # 90000074 <errno>
D:\fpgafile\e203_cnn\sdk\LeNet_hw\Debug/../hbird_sdk/SoC/hbirdv2/Common/Source/Stubs/close.c:12
    return -1;
}
80000d04:	557d                	li	a0,-1
80000d06:	8082                	ret

80000d08 <_fstat>:
_fstat():
D:\fpgafile\e203_cnn\sdk\LeNet_hw\Debug/../hbird_sdk/SoC/hbirdv2/Common/Source/Stubs/fstat.c:12
#undef errno
extern int errno;

__WEAK int _fstat(int file, struct stat *st)
{
    if ((STDOUT_FILENO == file) || (STDERR_FILENO == file)) {
80000d08:	157d                	addi	a0,a0,-1
80000d0a:	4785                	li	a5,1
80000d0c:	00a7e663          	bltu	a5,a0,80000d18 <_fstat+0x10>
D:\fpgafile\e203_cnn\sdk\LeNet_hw\Debug/../hbird_sdk/SoC/hbirdv2/Common/Source/Stubs/fstat.c:13
        st->st_mode = S_IFCHR;
80000d10:	6789                	lui	a5,0x2
80000d12:	c1dc                	sw	a5,4(a1)
D:\fpgafile\e203_cnn\sdk\LeNet_hw\Debug/../hbird_sdk/SoC/hbirdv2/Common/Source/Stubs/fstat.c:14
        return 0;
80000d14:	4501                	li	a0,0
80000d16:	8082                	ret
D:\fpgafile\e203_cnn\sdk\LeNet_hw\Debug/../hbird_sdk/SoC/hbirdv2/Common/Source/Stubs/fstat.c:16
    } else {
        errno = EBADF;
80000d18:	47a5                	li	a5,9
80000d1a:	80f1aa23          	sw	a5,-2028(gp) # 90000074 <errno>
D:\fpgafile\e203_cnn\sdk\LeNet_hw\Debug/../hbird_sdk/SoC/hbirdv2/Common/Source/Stubs/fstat.c:17
        return -1;
80000d1e:	557d                	li	a0,-1
D:\fpgafile\e203_cnn\sdk\LeNet_hw\Debug/../hbird_sdk/SoC/hbirdv2/Common/Source/Stubs/fstat.c:19
    }
}
80000d20:	8082                	ret

80000d22 <_isatty>:
_isatty():
D:\fpgafile\e203_cnn\sdk\LeNet_hw\Debug/../hbird_sdk/SoC/hbirdv2/Common/Source/Stubs/isatty.c:8
#include <unistd.h>

__WEAK int _isatty(int fd)
{
    return 1;
}
80000d22:	4505                	li	a0,1
80000d24:	8082                	ret

80000d26 <_lseek>:
_lseek():
D:\fpgafile\e203_cnn\sdk\LeNet_hw\Debug/../hbird_sdk/SoC/hbirdv2/Common/Source/Stubs/lseek.c:11
extern int errno;

__WEAK int _lseek(int file, int offset, int whence)
{
    return 0;
}
80000d26:	4501                	li	a0,0
80000d28:	8082                	ret

80000d2a <_read>:
_read():
D:\fpgafile\e203_cnn\sdk\LeNet_hw\Debug/../hbird_sdk/SoC/hbirdv2/Common/Source/Stubs/read.c:12

// #define UART_AUTO_ECHO

__WEAK ssize_t _read(int fd, void* ptr, size_t len)
{
    if (fd != STDIN_FILENO) {
80000d2a:	c119                	beqz	a0,80000d30 <_read+0x6>
D:\fpgafile\e203_cnn\sdk\LeNet_hw\Debug/../hbird_sdk/SoC/hbirdv2/Common/Source/Stubs/read.c:13
        return -1;
80000d2c:	557d                	li	a0,-1
D:\fpgafile\e203_cnn\sdk\LeNet_hw\Debug/../hbird_sdk/SoC/hbirdv2/Common/Source/Stubs/read.c:22
    readbuf[0] = uart_read(SOC_DEBUG_UART);
#ifdef UART_AUTO_ECHO
    uart_write(SOC_DEBUG_UART, readbuf[0]);
#endif
    return 1;
}
80000d2e:	8082                	ret
D:\fpgafile\e203_cnn\sdk\LeNet_hw\Debug/../hbird_sdk/SoC/hbirdv2/Common/Source/Stubs/read.c:11
{
80000d30:	1141                	addi	sp,sp,-16
D:\fpgafile\e203_cnn\sdk\LeNet_hw\Debug/../hbird_sdk/SoC/hbirdv2/Common/Source/Stubs/read.c:17
    readbuf[0] = uart_read(SOC_DEBUG_UART);
80000d32:	10013537          	lui	a0,0x10013
D:\fpgafile\e203_cnn\sdk\LeNet_hw\Debug/../hbird_sdk/SoC/hbirdv2/Common/Source/Stubs/read.c:11
{
80000d36:	c422                	sw	s0,8(sp)
80000d38:	c606                	sw	ra,12(sp)
80000d3a:	842e                	mv	s0,a1
D:\fpgafile\e203_cnn\sdk\LeNet_hw\Debug/../hbird_sdk/SoC/hbirdv2/Common/Source/Stubs/read.c:17
    readbuf[0] = uart_read(SOC_DEBUG_UART);
80000d3c:	2ab5                	jal	80000eb8 <uart_read>
80000d3e:	00a40023          	sb	a0,0(s0)
D:\fpgafile\e203_cnn\sdk\LeNet_hw\Debug/../hbird_sdk/SoC/hbirdv2/Common/Source/Stubs/read.c:22
}
80000d42:	40b2                	lw	ra,12(sp)
80000d44:	4422                	lw	s0,8(sp)
D:\fpgafile\e203_cnn\sdk\LeNet_hw\Debug/../hbird_sdk/SoC/hbirdv2/Common/Source/Stubs/read.c:21
    return 1;
80000d46:	4505                	li	a0,1
D:\fpgafile\e203_cnn\sdk\LeNet_hw\Debug/../hbird_sdk/SoC/hbirdv2/Common/Source/Stubs/read.c:22
}
80000d48:	0141                	addi	sp,sp,16
80000d4a:	8082                	ret

80000d4c <_sbrk>:
_sbrk():
D:\fpgafile\e203_cnn\sdk\LeNet_hw\Debug/../hbird_sdk/SoC/hbirdv2/Common/Source/Stubs/sbrk.c:13
{
    extern char _end[];
    extern char _heap_end[];
    static char *curbrk = _end;

    if ((curbrk + incr < _end) || (curbrk + incr > _heap_end)) {
80000d4c:	0ffff717          	auipc	a4,0xffff
80000d50:	31470713          	addi	a4,a4,788 # 90000060 <curbrk.0>
80000d54:	431c                	lw	a5,0(a4)
80000d56:	10003697          	auipc	a3,0x10003
80000d5a:	e3a68693          	addi	a3,a3,-454 # 90003b90 <_end>
80000d5e:	953e                	add	a0,a0,a5
80000d60:	00d56b63          	bltu	a0,a3,80000d76 <_sbrk+0x2a>
D:\fpgafile\e203_cnn\sdk\LeNet_hw\Debug/../hbird_sdk/SoC/hbirdv2/Common/Source/Stubs/sbrk.c:13 (discriminator 1)
80000d64:	1000f697          	auipc	a3,0x1000f
80000d68:	a9c68693          	addi	a3,a3,-1380 # 9000f800 <_heap_end>
80000d6c:	00a6e563          	bltu	a3,a0,80000d76 <_sbrk+0x2a>
D:\fpgafile\e203_cnn\sdk\LeNet_hw\Debug/../hbird_sdk/SoC/hbirdv2/Common/Source/Stubs/sbrk.c:17
        return (void *)(-1);
    }

    curbrk += incr;
80000d70:	c308                	sw	a0,0(a4)
D:\fpgafile\e203_cnn\sdk\LeNet_hw\Debug/../hbird_sdk/SoC/hbirdv2/Common/Source/Stubs/sbrk.c:19
    return (void *)(curbrk - incr);
}
80000d72:	853e                	mv	a0,a5
80000d74:	8082                	ret
D:\fpgafile\e203_cnn\sdk\LeNet_hw\Debug/../hbird_sdk/SoC/hbirdv2/Common/Source/Stubs/sbrk.c:14
        return (void *)(-1);
80000d76:	57fd                	li	a5,-1
D:\fpgafile\e203_cnn\sdk\LeNet_hw\Debug/../hbird_sdk/SoC/hbirdv2/Common/Source/Stubs/sbrk.c:19
}
80000d78:	853e                	mv	a0,a5
80000d7a:	8082                	ret

80000d7c <_write>:
_write():
D:\fpgafile\e203_cnn\sdk\LeNet_hw\Debug/../hbird_sdk/SoC/hbirdv2/Common/Source/Stubs/write.c:9
#include <unistd.h>
#include <sys/types.h>
#include <hbird_sdk_hal.h>

__WEAK ssize_t _write(int fd, const void* ptr, size_t len)
{
80000d7c:	1101                	addi	sp,sp,-32
80000d7e:	cc22                	sw	s0,24(sp)
80000d80:	c64e                	sw	s3,12(sp)
80000d82:	ce06                	sw	ra,28(sp)
80000d84:	ca26                	sw	s1,20(sp)
80000d86:	c84a                	sw	s2,16(sp)
80000d88:	842e                	mv	s0,a1
80000d8a:	89b2                	mv	s3,a2
D:\fpgafile\e203_cnn\sdk\LeNet_hw\Debug/../hbird_sdk/SoC/hbirdv2/Common/Source/Stubs/write.c:10
    if (!isatty(fd)) {
80000d8c:	0dd000ef          	jal	ra,80001668 <isatty>
80000d90:	c529                	beqz	a0,80000dda <_write+0x5e>
D:\fpgafile\e203_cnn\sdk\LeNet_hw\Debug/../hbird_sdk/SoC/hbirdv2/Common/Source/Stubs/write.c:15
        return -1;
    }

    const uint8_t *writebuf = (const uint8_t *)ptr;
    for (size_t i = 0; i < len; i++) {
80000d92:	01340933          	add	s2,s0,s3
D:\fpgafile\e203_cnn\sdk\LeNet_hw\Debug/../hbird_sdk/SoC/hbirdv2/Common/Source/Stubs/write.c:16
        if (writebuf[i] == '\n') {
80000d96:	44a9                	li	s1,10
D:\fpgafile\e203_cnn\sdk\LeNet_hw\Debug/../hbird_sdk/SoC/hbirdv2/Common/Source/Stubs/write.c:15
    for (size_t i = 0; i < len; i++) {
80000d98:	00099963          	bnez	s3,80000daa <_write+0x2e>
80000d9c:	a03d                	j	80000dca <_write+0x4e>
D:\fpgafile\e203_cnn\sdk\LeNet_hw\Debug/../hbird_sdk/SoC/hbirdv2/Common/Source/Stubs/write.c:15 (discriminator 2)
80000d9e:	0405                	addi	s0,s0,1
D:\fpgafile\e203_cnn\sdk\LeNet_hw\Debug/../hbird_sdk/SoC/hbirdv2/Common/Source/Stubs/write.c:19 (discriminator 2)
            uart_write(SOC_DEBUG_UART, '\r');
        }
        uart_write(SOC_DEBUG_UART, writebuf[i]);
80000da0:	10013537          	lui	a0,0x10013
80000da4:	2201                	jal	80000ea4 <uart_write>
D:\fpgafile\e203_cnn\sdk\LeNet_hw\Debug/../hbird_sdk/SoC/hbirdv2/Common/Source/Stubs/write.c:15 (discriminator 2)
    for (size_t i = 0; i < len; i++) {
80000da6:	03240263          	beq	s0,s2,80000dca <_write+0x4e>
D:\fpgafile\e203_cnn\sdk\LeNet_hw\Debug/../hbird_sdk/SoC/hbirdv2/Common/Source/Stubs/write.c:16
        if (writebuf[i] == '\n') {
80000daa:	00044583          	lbu	a1,0(s0)
80000dae:	fe9598e3          	bne	a1,s1,80000d9e <_write+0x22>
D:\fpgafile\e203_cnn\sdk\LeNet_hw\Debug/../hbird_sdk/SoC/hbirdv2/Common/Source/Stubs/write.c:17
            uart_write(SOC_DEBUG_UART, '\r');
80000db2:	45b5                	li	a1,13
80000db4:	10013537          	lui	a0,0x10013
80000db8:	20f5                	jal	80000ea4 <uart_write>
D:\fpgafile\e203_cnn\sdk\LeNet_hw\Debug/../hbird_sdk/SoC/hbirdv2/Common/Source/Stubs/write.c:19
        uart_write(SOC_DEBUG_UART, writebuf[i]);
80000dba:	00044583          	lbu	a1,0(s0)
80000dbe:	10013537          	lui	a0,0x10013
D:\fpgafile\e203_cnn\sdk\LeNet_hw\Debug/../hbird_sdk/SoC/hbirdv2/Common/Source/Stubs/write.c:15
    for (size_t i = 0; i < len; i++) {
80000dc2:	0405                	addi	s0,s0,1
D:\fpgafile\e203_cnn\sdk\LeNet_hw\Debug/../hbird_sdk/SoC/hbirdv2/Common/Source/Stubs/write.c:19
        uart_write(SOC_DEBUG_UART, writebuf[i]);
80000dc4:	20c5                	jal	80000ea4 <uart_write>
D:\fpgafile\e203_cnn\sdk\LeNet_hw\Debug/../hbird_sdk/SoC/hbirdv2/Common/Source/Stubs/write.c:15
    for (size_t i = 0; i < len; i++) {
80000dc6:	ff2412e3          	bne	s0,s2,80000daa <_write+0x2e>
D:\fpgafile\e203_cnn\sdk\LeNet_hw\Debug/../hbird_sdk/SoC/hbirdv2/Common/Source/Stubs/write.c:21
    }
    return len;
80000dca:	854e                	mv	a0,s3
D:\fpgafile\e203_cnn\sdk\LeNet_hw\Debug/../hbird_sdk/SoC/hbirdv2/Common/Source/Stubs/write.c:22
}
80000dcc:	40f2                	lw	ra,28(sp)
80000dce:	4462                	lw	s0,24(sp)
80000dd0:	44d2                	lw	s1,20(sp)
80000dd2:	4942                	lw	s2,16(sp)
80000dd4:	49b2                	lw	s3,12(sp)
80000dd6:	6105                	addi	sp,sp,32
80000dd8:	8082                	ret
D:\fpgafile\e203_cnn\sdk\LeNet_hw\Debug/../hbird_sdk/SoC/hbirdv2/Common/Source/Stubs/write.c:11
        return -1;
80000dda:	557d                	li	a0,-1
80000ddc:	bfc5                	j	80000dcc <_write+0x50>
	...

80000de0 <trap_entry>:
trap_entry():
D:\fpgafile\e203_cnn\sdk\LeNet_hw\Debug/../hbird_sdk/SoC/hbirdv2/Common/Source/GCC/intexc_hbirdv2.S:159
.align 2
.global trap_entry
.weak trap_entry
trap_entry:
    /* Save the caller saving registers (context) */
    SAVE_CONTEXT
80000de0:	715d                	addi	sp,sp,-80
80000de2:	c006                	sw	ra,0(sp)
80000de4:	c212                	sw	tp,4(sp)
80000de6:	c416                	sw	t0,8(sp)
80000de8:	c61a                	sw	t1,12(sp)
80000dea:	c81e                	sw	t2,16(sp)
80000dec:	ca2a                	sw	a0,20(sp)
80000dee:	cc2e                	sw	a1,24(sp)
80000df0:	ce32                	sw	a2,28(sp)
80000df2:	d036                	sw	a3,32(sp)
80000df4:	d23a                	sw	a4,36(sp)
80000df6:	d43e                	sw	a5,40(sp)
80000df8:	dc42                	sw	a6,56(sp)
80000dfa:	de46                	sw	a7,60(sp)
80000dfc:	c0f2                	sw	t3,64(sp)
80000dfe:	c2f6                	sw	t4,68(sp)
80000e00:	c4fa                	sw	t5,72(sp)
80000e02:	c6fe                	sw	t6,76(sp)
D:\fpgafile\e203_cnn\sdk\LeNet_hw\Debug/../hbird_sdk/SoC/hbirdv2/Common/Source/GCC/intexc_hbirdv2.S:161
    /* Save the necessary CSR registers */
    SAVE_CSR_CONTEXT
80000e04:	341022f3          	csrr	t0,mepc
80000e08:	d616                	sw	t0,44(sp)
80000e0a:	342022f3          	csrr	t0,mcause
80000e0e:	d816                	sw	t0,48(sp)
80000e10:	300022f3          	csrr	t0,mstatus
80000e14:	da16                	sw	t0,52(sp)
D:\fpgafile\e203_cnn\sdk\LeNet_hw\Debug/../hbird_sdk/SoC/hbirdv2/Common/Source/GCC/intexc_hbirdv2.S:168
    /*
     * Set the exception handler function arguments
     * argument 1: mcause value
     * argument 2: current stack point(SP) value
     */
    csrr a0, mcause
80000e16:	34202573          	csrr	a0,mcause
D:\fpgafile\e203_cnn\sdk\LeNet_hw\Debug/../hbird_sdk/SoC/hbirdv2/Common/Source/GCC/intexc_hbirdv2.S:169
    mv a1, sp
80000e1a:	858a                	mv	a1,sp
D:\fpgafile\e203_cnn\sdk\LeNet_hw\Debug/../hbird_sdk/SoC/hbirdv2/Common/Source/GCC/intexc_hbirdv2.S:175
    /*
     * TODO: Call the trap handler function
     * By default, the function template is provided in
     * system_Device.c, you can adjust it as you want
     */
    call core_trap_handler
80000e1c:	2a5d                	jal	80000fd2 <core_trap_handler>
D:\fpgafile\e203_cnn\sdk\LeNet_hw\Debug/../hbird_sdk/SoC/hbirdv2/Common/Source/GCC/intexc_hbirdv2.S:178

    /* Restore the necessary CSR registers */
    RESTORE_CSR_CONTEXT
80000e1e:	52b2                	lw	t0,44(sp)
80000e20:	34129073          	csrw	mepc,t0
80000e24:	52c2                	lw	t0,48(sp)
80000e26:	34229073          	csrw	mcause,t0
80000e2a:	52d2                	lw	t0,52(sp)
80000e2c:	30029073          	csrw	mstatus,t0
D:\fpgafile\e203_cnn\sdk\LeNet_hw\Debug/../hbird_sdk/SoC/hbirdv2/Common/Source/GCC/intexc_hbirdv2.S:180
    /* Restore the caller saving registers (context) */
    RESTORE_CONTEXT
80000e30:	4082                	lw	ra,0(sp)
80000e32:	4212                	lw	tp,4(sp)
80000e34:	42a2                	lw	t0,8(sp)
80000e36:	4332                	lw	t1,12(sp)
80000e38:	43c2                	lw	t2,16(sp)
80000e3a:	4552                	lw	a0,20(sp)
80000e3c:	45e2                	lw	a1,24(sp)
80000e3e:	4672                	lw	a2,28(sp)
80000e40:	5682                	lw	a3,32(sp)
80000e42:	5712                	lw	a4,36(sp)
80000e44:	57a2                	lw	a5,40(sp)
80000e46:	5862                	lw	a6,56(sp)
80000e48:	58f2                	lw	a7,60(sp)
80000e4a:	4e06                	lw	t3,64(sp)
80000e4c:	4e96                	lw	t4,68(sp)
80000e4e:	4f26                	lw	t5,72(sp)
80000e50:	4fb6                	lw	t6,76(sp)
80000e52:	6161                	addi	sp,sp,80
D:\fpgafile\e203_cnn\sdk\LeNet_hw\Debug/../hbird_sdk/SoC/hbirdv2/Common/Source/GCC/intexc_hbirdv2.S:183

    /* Return to regular code */
    mret
80000e54:	30200073          	mret

80000e58 <gpio_iof_config>:
gpio_iof_config():
D:\fpgafile\e203_cnn\sdk\LeNet_hw\Debug/../hbird_sdk/SoC/hbirdv2/Common/Source/Drivers/hbirdv2_gpio.c:5
#include "hbirdv2.h"
#include "hbirdv2_gpio.h"

int32_t gpio_iof_config(GPIO_TypeDef *gpio, uint32_t mask)
{
80000e58:	87aa                	mv	a5,a0
D:\fpgafile\e203_cnn\sdk\LeNet_hw\Debug/../hbird_sdk/SoC/hbirdv2/Common/Source/Drivers/hbirdv2_gpio.c:6
    if (__RARELY(gpio == NULL)) {
80000e5a:	c511                	beqz	a0,80000e66 <gpio_iof_config+0xe>
D:\fpgafile\e203_cnn\sdk\LeNet_hw\Debug/../hbird_sdk/SoC/hbirdv2/Common/Source/Drivers/hbirdv2_gpio.c:9
        return -1;
    }
    gpio->IOFCFG |= mask;
80000e5c:	4d58                	lw	a4,28(a0)
D:\fpgafile\e203_cnn\sdk\LeNet_hw\Debug/../hbird_sdk/SoC/hbirdv2/Common/Source/Drivers/hbirdv2_gpio.c:11

    return 0;
80000e5e:	4501                	li	a0,0
D:\fpgafile\e203_cnn\sdk\LeNet_hw\Debug/../hbird_sdk/SoC/hbirdv2/Common/Source/Drivers/hbirdv2_gpio.c:9
    gpio->IOFCFG |= mask;
80000e60:	8dd9                	or	a1,a1,a4
80000e62:	cfcc                	sw	a1,28(a5)
D:\fpgafile\e203_cnn\sdk\LeNet_hw\Debug/../hbird_sdk/SoC/hbirdv2/Common/Source/Drivers/hbirdv2_gpio.c:11
    return 0;
80000e64:	8082                	ret
D:\fpgafile\e203_cnn\sdk\LeNet_hw\Debug/../hbird_sdk/SoC/hbirdv2/Common/Source/Drivers/hbirdv2_gpio.c:7
        return -1;
80000e66:	557d                	li	a0,-1
D:\fpgafile\e203_cnn\sdk\LeNet_hw\Debug/../hbird_sdk/SoC/hbirdv2/Common/Source/Drivers/hbirdv2_gpio.c:12
}
80000e68:	8082                	ret

80000e6a <uart_init>:
uart_init():
D:\fpgafile\e203_cnn\sdk\LeNet_hw\Debug/../hbird_sdk/SoC/hbirdv2/Common/Source/Drivers/hbirdv2_uart.c:5
#include "hbirdv2.h"
#include "hbirdv2_uart.h"

int32_t uart_init(UART_TypeDef *uart, uint32_t baudrate)
{
80000e6a:	87aa                	mv	a5,a0
D:\fpgafile\e203_cnn\sdk\LeNet_hw\Debug/../hbird_sdk/SoC/hbirdv2/Common/Source/Drivers/hbirdv2_uart.c:6
    if (__RARELY(uart == NULL)) {
80000e6c:	c915                	beqz	a0,80000ea0 <uart_init+0x36>
D:\fpgafile\e203_cnn\sdk\LeNet_hw\Debug/../hbird_sdk/SoC/hbirdv2/Common/Source/Drivers/hbirdv2_uart.c:10
        return -1;
    }

    unsigned int uart_div = SystemCoreClock / baudrate - 1;
80000e6e:	0ffff717          	auipc	a4,0xffff
80000e72:	1f672703          	lw	a4,502(a4) # 90000064 <SystemCoreClock>
80000e76:	02b755b3          	divu	a1,a4,a1
D:\fpgafile\e203_cnn\sdk\LeNet_hw\Debug/../hbird_sdk/SoC/hbirdv2/Common/Source/Drivers/hbirdv2_uart.c:11
    uart->LCR = 0x80;
80000e7a:	08000713          	li	a4,128
80000e7e:	c558                	sw	a4,12(a0)
D:\fpgafile\e203_cnn\sdk\LeNet_hw\Debug/../hbird_sdk/SoC/hbirdv2/Common/Source/Drivers/hbirdv2_uart.c:17
    uart->DLM = (uart_div >> 8) & 0xFF;
    uart->DLL = uart_div        & 0xFF;
    uart->FCR = 0xC6;
    uart->LCR = 0x03;

    return 0;
80000e80:	4501                	li	a0,0
D:\fpgafile\e203_cnn\sdk\LeNet_hw\Debug/../hbird_sdk/SoC/hbirdv2/Common/Source/Drivers/hbirdv2_uart.c:10
    unsigned int uart_div = SystemCoreClock / baudrate - 1;
80000e82:	15fd                	addi	a1,a1,-1
D:\fpgafile\e203_cnn\sdk\LeNet_hw\Debug/../hbird_sdk/SoC/hbirdv2/Common/Source/Drivers/hbirdv2_uart.c:12
    uart->DLM = (uart_div >> 8) & 0xFF;
80000e84:	0085d713          	srli	a4,a1,0x8
80000e88:	0ff77713          	andi	a4,a4,255
80000e8c:	c3d8                	sw	a4,4(a5)
D:\fpgafile\e203_cnn\sdk\LeNet_hw\Debug/../hbird_sdk/SoC/hbirdv2/Common/Source/Drivers/hbirdv2_uart.c:13
    uart->DLL = uart_div        & 0xFF;
80000e8e:	0ff5f593          	andi	a1,a1,255
80000e92:	c38c                	sw	a1,0(a5)
D:\fpgafile\e203_cnn\sdk\LeNet_hw\Debug/../hbird_sdk/SoC/hbirdv2/Common/Source/Drivers/hbirdv2_uart.c:14
    uart->FCR = 0xC6;
80000e94:	0c600713          	li	a4,198
80000e98:	c798                	sw	a4,8(a5)
D:\fpgafile\e203_cnn\sdk\LeNet_hw\Debug/../hbird_sdk/SoC/hbirdv2/Common/Source/Drivers/hbirdv2_uart.c:15
    uart->LCR = 0x03;
80000e9a:	470d                	li	a4,3
80000e9c:	c7d8                	sw	a4,12(a5)
D:\fpgafile\e203_cnn\sdk\LeNet_hw\Debug/../hbird_sdk/SoC/hbirdv2/Common/Source/Drivers/hbirdv2_uart.c:17
    return 0;
80000e9e:	8082                	ret
D:\fpgafile\e203_cnn\sdk\LeNet_hw\Debug/../hbird_sdk/SoC/hbirdv2/Common/Source/Drivers/hbirdv2_uart.c:7
        return -1;
80000ea0:	557d                	li	a0,-1
D:\fpgafile\e203_cnn\sdk\LeNet_hw\Debug/../hbird_sdk/SoC/hbirdv2/Common/Source/Drivers/hbirdv2_uart.c:18
}
80000ea2:	8082                	ret

80000ea4 <uart_write>:
uart_write():
D:\fpgafile\e203_cnn\sdk\LeNet_hw\Debug/../hbird_sdk/SoC/hbirdv2/Common/Source/Drivers/hbirdv2_uart.c:68
    return 0;
}

int32_t uart_write(UART_TypeDef *uart, uint8_t val)
{
    if (__RARELY(uart == NULL)) {
80000ea4:	c901                	beqz	a0,80000eb4 <uart_write+0x10>
D:\fpgafile\e203_cnn\sdk\LeNet_hw\Debug/../hbird_sdk/SoC/hbirdv2/Common/Source/Drivers/hbirdv2_uart.c:73 (discriminator 1)
        return -1;
    }
#ifndef SIMULATION_SPIKE
#ifndef SIMULATION_XLSPIKE
    while ((uart->LSR & 0x20) == 0);
80000ea6:	495c                	lw	a5,20(a0)
80000ea8:	0207f793          	andi	a5,a5,32
80000eac:	dfed                	beqz	a5,80000ea6 <uart_write+0x2>
D:\fpgafile\e203_cnn\sdk\LeNet_hw\Debug/../hbird_sdk/SoC/hbirdv2/Common/Source/Drivers/hbirdv2_uart.c:75
#endif
    uart->THR = val;
80000eae:	c10c                	sw	a1,0(a0)
D:\fpgafile\e203_cnn\sdk\LeNet_hw\Debug/../hbird_sdk/SoC/hbirdv2/Common/Source/Drivers/hbirdv2_uart.c:80
#else
    extern void htif_putc(char ch);
    htif_putc(val);
#endif
    return 0;
80000eb0:	4501                	li	a0,0
80000eb2:	8082                	ret
D:\fpgafile\e203_cnn\sdk\LeNet_hw\Debug/../hbird_sdk/SoC/hbirdv2/Common/Source/Drivers/hbirdv2_uart.c:69
        return -1;
80000eb4:	557d                	li	a0,-1
D:\fpgafile\e203_cnn\sdk\LeNet_hw\Debug/../hbird_sdk/SoC/hbirdv2/Common/Source/Drivers/hbirdv2_uart.c:81
}
80000eb6:	8082                	ret

80000eb8 <uart_read>:
uart_read():
D:\fpgafile\e203_cnn\sdk\LeNet_hw\Debug/../hbird_sdk/SoC/hbirdv2/Common/Source/Drivers/hbirdv2_uart.c:86

uint8_t uart_read(UART_TypeDef *uart)
{
    uint32_t reg;
    if (__RARELY(uart == NULL)) {
80000eb8:	c901                	beqz	a0,80000ec8 <uart_read+0x10>
D:\fpgafile\e203_cnn\sdk\LeNet_hw\Debug/../hbird_sdk/SoC/hbirdv2/Common/Source/Drivers/hbirdv2_uart.c:90 (discriminator 1)
        return -1;
    }
    
    while ((uart->LSR & 0x1) == 0);
80000eba:	495c                	lw	a5,20(a0)
80000ebc:	8b85                	andi	a5,a5,1
80000ebe:	dff5                	beqz	a5,80000eba <uart_read+0x2>
D:\fpgafile\e203_cnn\sdk\LeNet_hw\Debug/../hbird_sdk/SoC/hbirdv2/Common/Source/Drivers/hbirdv2_uart.c:91
    reg = uart->RBR;
80000ec0:	4108                	lw	a0,0(a0)
D:\fpgafile\e203_cnn\sdk\LeNet_hw\Debug/../hbird_sdk/SoC/hbirdv2/Common/Source/Drivers/hbirdv2_uart.c:93
    
    return (uint8_t)(reg & 0xFF);
80000ec2:	0ff57513          	andi	a0,a0,255
80000ec6:	8082                	ret
D:\fpgafile\e203_cnn\sdk\LeNet_hw\Debug/../hbird_sdk/SoC/hbirdv2/Common/Source/Drivers/hbirdv2_uart.c:87
        return -1;
80000ec8:	0ff00513          	li	a0,255
D:\fpgafile\e203_cnn\sdk\LeNet_hw\Debug/../hbird_sdk/SoC/hbirdv2/Common/Source/Drivers/hbirdv2_uart.c:94
}
80000ecc:	8082                	ret

80000ece <measure_cpu_freq>:
SysTimer_GetLoadValue():
D:\fpgafile\e203_cnn\sdk\LeNet_hw\hbird_sdk\NMSIS\Core\Include/core_feature_timer.h:106
 * - Load value is 64bits wide.
 * - \ref SysTimer_SetLoadValue
 */
__STATIC_FORCEINLINE uint64_t SysTimer_GetLoadValue(void)
{
    return SysTimer->MTIME;
80000ece:	0200c7b7          	lui	a5,0x200c
80000ed2:	ff87a703          	lw	a4,-8(a5) # 200bff8 <__stack_size+0x200b7f8>
80000ed6:	ffc7a783          	lw	a5,-4(a5)
measure_cpu_freq():
D:\fpgafile\e203_cnn\sdk\LeNet_hw\Debug/../hbird_sdk/SoC/hbirdv2/Common/Source/hbirdv2_common.c:9
{
    return SOC_TIMER_FREQ;
}

uint32_t measure_cpu_freq(uint32_t n)
{
80000eda:	1141                	addi	sp,sp,-16
80000edc:	c606                	sw	ra,12(sp)
80000ede:	c422                	sw	s0,8(sp)
80000ee0:	c226                	sw	s1,4(sp)
D:\fpgafile\e203_cnn\sdk\LeNet_hw\Debug/../hbird_sdk/SoC/hbirdv2/Common/Source/hbirdv2_common.c:15
    uint32_t start_mcycle, delta_mcycle;
    uint32_t start_mtime, delta_mtime;
    uint64_t mtime_freq = get_timer_freq();

    // Don't start measuruing until we see an mtime tick
    uint32_t tmp = (uint32_t)SysTimer_GetLoadValue();
80000ee2:	86ba                	mv	a3,a4
SysTimer_GetLoadValue():
D:\fpgafile\e203_cnn\sdk\LeNet_hw\hbird_sdk\NMSIS\Core\Include/core_feature_timer.h:106
80000ee4:	0200c5b7          	lui	a1,0x200c
D:\fpgafile\e203_cnn\sdk\LeNet_hw\hbird_sdk\NMSIS\Core\Include/core_feature_timer.h:106 (discriminator 1)
80000ee8:	ff85a703          	lw	a4,-8(a1) # 200bff8 <__stack_size+0x200b7f8>
80000eec:	ffc5a783          	lw	a5,-4(a1)
measure_cpu_freq():
D:\fpgafile\e203_cnn\sdk\LeNet_hw\Debug/../hbird_sdk/SoC/hbirdv2/Common/Source/hbirdv2_common.c:17 (discriminator 1)
    do {
        start_mtime = (uint32_t)SysTimer_GetLoadValue();
80000ef0:	87ba                	mv	a5,a4
D:\fpgafile\e203_cnn\sdk\LeNet_hw\Debug/../hbird_sdk/SoC/hbirdv2/Common/Source/hbirdv2_common.c:18 (discriminator 1)
        start_mcycle = __RV_CSR_READ(CSR_MCYCLE);
80000ef2:	b0002673          	csrr	a2,mcycle
D:\fpgafile\e203_cnn\sdk\LeNet_hw\Debug/../hbird_sdk/SoC/hbirdv2/Common/Source/hbirdv2_common.c:19 (discriminator 1)
    } while (start_mtime == tmp);
80000ef6:	fee689e3          	beq	a3,a4,80000ee8 <measure_cpu_freq+0x1a>
SysTimer_GetLoadValue():
D:\fpgafile\e203_cnn\sdk\LeNet_hw\hbird_sdk\NMSIS\Core\Include/core_feature_timer.h:106
80000efa:	0200c6b7          	lui	a3,0x200c
D:\fpgafile\e203_cnn\sdk\LeNet_hw\hbird_sdk\NMSIS\Core\Include/core_feature_timer.h:106 (discriminator 1)
80000efe:	ff86a403          	lw	s0,-8(a3) # 200bff8 <__stack_size+0x200b7f8>
80000f02:	ffc6a483          	lw	s1,-4(a3)
measure_cpu_freq():
D:\fpgafile\e203_cnn\sdk\LeNet_hw\Debug/../hbird_sdk/SoC/hbirdv2/Common/Source/hbirdv2_common.c:22 (discriminator 1)

    do {
        delta_mtime = (uint32_t)SysTimer_GetLoadValue() - start_mtime;
80000f06:	8c1d                	sub	s0,s0,a5
D:\fpgafile\e203_cnn\sdk\LeNet_hw\Debug/../hbird_sdk/SoC/hbirdv2/Common/Source/hbirdv2_common.c:23 (discriminator 1)
        delta_mcycle = __RV_CSR_READ(CSR_MCYCLE) - start_mcycle;
80000f08:	b0002773          	csrr	a4,mcycle
D:\fpgafile\e203_cnn\sdk\LeNet_hw\Debug/../hbird_sdk/SoC/hbirdv2/Common/Source/hbirdv2_common.c:24 (discriminator 1)
    } while (delta_mtime < n);
80000f0c:	fea469e3          	bltu	s0,a0,80000efe <measure_cpu_freq+0x30>
D:\fpgafile\e203_cnn\sdk\LeNet_hw\Debug/../hbird_sdk/SoC/hbirdv2/Common/Source/hbirdv2_common.c:23
        delta_mcycle = __RV_CSR_READ(CSR_MCYCLE) - start_mcycle;
80000f10:	40c704b3          	sub	s1,a4,a2
D:\fpgafile\e203_cnn\sdk\LeNet_hw\Debug/../hbird_sdk/SoC/hbirdv2/Common/Source/hbirdv2_common.c:27

    return (delta_mcycle / delta_mtime) * mtime_freq
           + ((delta_mcycle % delta_mtime) * mtime_freq) / delta_mtime;
80000f14:	0284f5b3          	remu	a1,s1,s0
80000f18:	8622                	mv	a2,s0
80000f1a:	4681                	li	a3,0
80000f1c:	00f59513          	slli	a0,a1,0xf
80000f20:	81c5                	srli	a1,a1,0x11
80000f22:	2435                	jal	8000114e <__udivdi3>
D:\fpgafile\e203_cnn\sdk\LeNet_hw\Debug/../hbird_sdk/SoC/hbirdv2/Common/Source/hbirdv2_common.c:26
    return (delta_mcycle / delta_mtime) * mtime_freq
80000f24:	0284d733          	divu	a4,s1,s0
D:\fpgafile\e203_cnn\sdk\LeNet_hw\Debug/../hbird_sdk/SoC/hbirdv2/Common/Source/hbirdv2_common.c:28
}
80000f28:	40b2                	lw	ra,12(sp)
80000f2a:	4422                	lw	s0,8(sp)
80000f2c:	4492                	lw	s1,4(sp)
80000f2e:	0141                	addi	sp,sp,16
D:\fpgafile\e203_cnn\sdk\LeNet_hw\Debug/../hbird_sdk/SoC/hbirdv2/Common/Source/hbirdv2_common.c:27
           + ((delta_mcycle % delta_mtime) * mtime_freq) / delta_mtime;
80000f30:	073e                	slli	a4,a4,0xf
D:\fpgafile\e203_cnn\sdk\LeNet_hw\Debug/../hbird_sdk/SoC/hbirdv2/Common/Source/hbirdv2_common.c:28
}
80000f32:	953a                	add	a0,a0,a4
80000f34:	8082                	ret

80000f36 <get_cpu_freq>:
get_cpu_freq():
D:\fpgafile\e203_cnn\sdk\LeNet_hw\Debug/../hbird_sdk/SoC/hbirdv2/Common/Source/hbirdv2_common.c:31

uint32_t get_cpu_freq(void)
{
80000f36:	1141                	addi	sp,sp,-16
D:\fpgafile\e203_cnn\sdk\LeNet_hw\Debug/../hbird_sdk/SoC/hbirdv2/Common/Source/hbirdv2_common.c:35
    uint32_t cpu_freq;

    // warm up
    measure_cpu_freq(1);
80000f38:	4505                	li	a0,1
D:\fpgafile\e203_cnn\sdk\LeNet_hw\Debug/../hbird_sdk/SoC/hbirdv2/Common/Source/hbirdv2_common.c:31
{
80000f3a:	c606                	sw	ra,12(sp)
D:\fpgafile\e203_cnn\sdk\LeNet_hw\Debug/../hbird_sdk/SoC/hbirdv2/Common/Source/hbirdv2_common.c:35
    measure_cpu_freq(1);
80000f3c:	3f49                	jal	80000ece <measure_cpu_freq>
D:\fpgafile\e203_cnn\sdk\LeNet_hw\Debug/../hbird_sdk/SoC/hbirdv2/Common/Source/hbirdv2_common.c:40
    // measure for real
    cpu_freq = measure_cpu_freq(100);

    return cpu_freq;
}
80000f3e:	40b2                	lw	ra,12(sp)
D:\fpgafile\e203_cnn\sdk\LeNet_hw\Debug/../hbird_sdk/SoC/hbirdv2/Common/Source/hbirdv2_common.c:37
    cpu_freq = measure_cpu_freq(100);
80000f40:	06400513          	li	a0,100
D:\fpgafile\e203_cnn\sdk\LeNet_hw\Debug/../hbird_sdk/SoC/hbirdv2/Common/Source/hbirdv2_common.c:40
}
80000f44:	0141                	addi	sp,sp,16
D:\fpgafile\e203_cnn\sdk\LeNet_hw\Debug/../hbird_sdk/SoC/hbirdv2/Common/Source/hbirdv2_common.c:37
    cpu_freq = measure_cpu_freq(100);
80000f46:	b761                	j	80000ece <measure_cpu_freq>

80000f48 <system_default_exception_handler>:
system_default_exception_handler():
D:\fpgafile\e203_cnn\sdk\LeNet_hw\Debug/../hbird_sdk/SoC/hbirdv2/Common/Source/system_hbirdv2.c:168
 * \details
 * This function provided a default exception handling code for all exception ids.
 * By default, It will just print some information for debug, Vendor can customize it according to its requirements.
 */
static void system_default_exception_handler(unsigned long mcause, unsigned long sp)
{
80000f48:	1141                	addi	sp,sp,-16
80000f4a:	c422                	sw	s0,8(sp)
80000f4c:	842a                	mv	s0,a0
D:\fpgafile\e203_cnn\sdk\LeNet_hw\Debug/../hbird_sdk/SoC/hbirdv2/Common/Source/system_hbirdv2.c:170
    /* TODO: Uncomment this if you have implement printf function */
    printf("Trap in Exception\r\n");
80000f4e:	00002517          	auipc	a0,0x2
80000f52:	8aa50513          	addi	a0,a0,-1878 # 800027f8 <_read_r+0x2c>
D:\fpgafile\e203_cnn\sdk\LeNet_hw\Debug/../hbird_sdk/SoC/hbirdv2/Common/Source/system_hbirdv2.c:168
{
80000f56:	c606                	sw	ra,12(sp)
D:\fpgafile\e203_cnn\sdk\LeNet_hw\Debug/../hbird_sdk/SoC/hbirdv2/Common/Source/system_hbirdv2.c:170
    printf("Trap in Exception\r\n");
80000f58:	2721                	jal	80001660 <puts>
D:\fpgafile\e203_cnn\sdk\LeNet_hw\Debug/../hbird_sdk/SoC/hbirdv2/Common/Source/system_hbirdv2.c:171
    printf("MCAUSE: 0x%lx\r\n", mcause);
80000f5a:	85a2                	mv	a1,s0
80000f5c:	00002517          	auipc	a0,0x2
80000f60:	8b050513          	addi	a0,a0,-1872 # 8000280c <_read_r+0x40>
80000f64:	23e5                	jal	8000154c <iprintf>
D:\fpgafile\e203_cnn\sdk\LeNet_hw\Debug/../hbird_sdk/SoC/hbirdv2/Common/Source/system_hbirdv2.c:172
    printf("MEPC  : 0x%lx\r\n", __RV_CSR_READ(CSR_MEPC));
80000f66:	341025f3          	csrr	a1,mepc
80000f6a:	00002517          	auipc	a0,0x2
80000f6e:	8b250513          	addi	a0,a0,-1870 # 8000281c <_read_r+0x50>
80000f72:	2be9                	jal	8000154c <iprintf>
D:\fpgafile\e203_cnn\sdk\LeNet_hw\Debug/../hbird_sdk/SoC/hbirdv2/Common/Source/system_hbirdv2.c:173
    printf("MTVAL : 0x%lx\r\n", __RV_CSR_READ(CSR_MBADADDR));
80000f74:	343025f3          	csrr	a1,mtval
80000f78:	00002517          	auipc	a0,0x2
80000f7c:	8b450513          	addi	a0,a0,-1868 # 8000282c <_read_r+0x60>
80000f80:	23f1                	jal	8000154c <iprintf>
D:\fpgafile\e203_cnn\sdk\LeNet_hw\Debug/../hbird_sdk/SoC/hbirdv2/Common/Source/system_hbirdv2.c:174 (discriminator 1)
    while(1);
80000f82:	a001                	j	80000f82 <system_default_exception_handler+0x3a>

80000f84 <system_default_interrupt_handler>:
system_default_interrupt_handler():
D:\fpgafile\e203_cnn\sdk\LeNet_hw\Debug/../hbird_sdk/SoC/hbirdv2/Common/Source/system_hbirdv2.c:183
 * \brief      System Default Interrupt Handler
 * \details
 * This function provided a default interrupt handling code for all interrupt ids.
 */
static void system_default_interrupt_handler(unsigned long mcause, unsigned long sp)
{
80000f84:	1141                	addi	sp,sp,-16
80000f86:	c422                	sw	s0,8(sp)
80000f88:	842a                	mv	s0,a0
D:\fpgafile\e203_cnn\sdk\LeNet_hw\Debug/../hbird_sdk/SoC/hbirdv2/Common/Source/system_hbirdv2.c:185
    /* TODO: Uncomment this if you have implement printf function */
    printf("Trap in Interrupt\r\n");
80000f8a:	00002517          	auipc	a0,0x2
80000f8e:	8b250513          	addi	a0,a0,-1870 # 8000283c <_read_r+0x70>
D:\fpgafile\e203_cnn\sdk\LeNet_hw\Debug/../hbird_sdk/SoC/hbirdv2/Common/Source/system_hbirdv2.c:183
{
80000f92:	c606                	sw	ra,12(sp)
D:\fpgafile\e203_cnn\sdk\LeNet_hw\Debug/../hbird_sdk/SoC/hbirdv2/Common/Source/system_hbirdv2.c:185
    printf("Trap in Interrupt\r\n");
80000f94:	25f1                	jal	80001660 <puts>
D:\fpgafile\e203_cnn\sdk\LeNet_hw\Debug/../hbird_sdk/SoC/hbirdv2/Common/Source/system_hbirdv2.c:186
    printf("MCAUSE: 0x%lx\r\n", mcause);
80000f96:	85a2                	mv	a1,s0
80000f98:	00002517          	auipc	a0,0x2
80000f9c:	87450513          	addi	a0,a0,-1932 # 8000280c <_read_r+0x40>
80000fa0:	2375                	jal	8000154c <iprintf>
D:\fpgafile\e203_cnn\sdk\LeNet_hw\Debug/../hbird_sdk/SoC/hbirdv2/Common/Source/system_hbirdv2.c:187
    printf("MEPC  : 0x%lx\r\n", __RV_CSR_READ(CSR_MEPC));
80000fa2:	341025f3          	csrr	a1,mepc
80000fa6:	00002517          	auipc	a0,0x2
80000faa:	87650513          	addi	a0,a0,-1930 # 8000281c <_read_r+0x50>
80000fae:	2b79                	jal	8000154c <iprintf>
D:\fpgafile\e203_cnn\sdk\LeNet_hw\Debug/../hbird_sdk/SoC/hbirdv2/Common/Source/system_hbirdv2.c:188
    printf("MTVAL : 0x%lx\r\n", __RV_CSR_READ(CSR_MBADADDR));
80000fb0:	343025f3          	csrr	a1,mtval
D:\fpgafile\e203_cnn\sdk\LeNet_hw\Debug/../hbird_sdk/SoC/hbirdv2/Common/Source/system_hbirdv2.c:189
}
80000fb4:	4422                	lw	s0,8(sp)
80000fb6:	40b2                	lw	ra,12(sp)
D:\fpgafile\e203_cnn\sdk\LeNet_hw\Debug/../hbird_sdk/SoC/hbirdv2/Common/Source/system_hbirdv2.c:188
    printf("MTVAL : 0x%lx\r\n", __RV_CSR_READ(CSR_MBADADDR));
80000fb8:	00002517          	auipc	a0,0x2
80000fbc:	87450513          	addi	a0,a0,-1932 # 8000282c <_read_r+0x60>
D:\fpgafile\e203_cnn\sdk\LeNet_hw\Debug/../hbird_sdk/SoC/hbirdv2/Common/Source/system_hbirdv2.c:189
}
80000fc0:	0141                	addi	sp,sp,16
D:\fpgafile\e203_cnn\sdk\LeNet_hw\Debug/../hbird_sdk/SoC/hbirdv2/Common/Source/system_hbirdv2.c:188
    printf("MTVAL : 0x%lx\r\n", __RV_CSR_READ(CSR_MBADADDR));
80000fc2:	a369                	j	8000154c <iprintf>

80000fc4 <SystemInit>:
SystemInit():
D:\fpgafile\e203_cnn\sdk\LeNet_hw\Debug/../hbird_sdk/SoC/hbirdv2/Common/Source/system_hbirdv2.c:125
    SystemCoreClock = SYSTEM_CLOCK;
80000fc4:	04c4b7b7          	lui	a5,0x4c4b
80000fc8:	40078793          	addi	a5,a5,1024 # 4c4b400 <__stack_size+0x4c4ac00>
80000fcc:	80f1a223          	sw	a5,-2044(gp) # 90000064 <SystemCoreClock>
D:\fpgafile\e203_cnn\sdk\LeNet_hw\Debug/../hbird_sdk/SoC/hbirdv2/Common/Source/system_hbirdv2.c:126
}
80000fd0:	8082                	ret

80000fd2 <core_trap_handler>:
core_trap_handler():
D:\fpgafile\e203_cnn\sdk\LeNet_hw\Debug/../hbird_sdk/SoC/hbirdv2/Common/Source/system_hbirdv2.c:322
 * - If you want to register core exception handler, please use \ref Exception_Register_EXC
 * - If you want to register core interrupt handler, please use \ref Interrupt_Register_CoreIRQ
 * - If you want to register external interrupt handler, please use \ref Interrupt_Register_ExtIRQ
 */
uint32_t core_trap_handler(unsigned long mcause, unsigned long sp)
{
80000fd2:	1141                	addi	sp,sp,-16
D:\fpgafile\e203_cnn\sdk\LeNet_hw\Debug/../hbird_sdk/SoC/hbirdv2/Common/Source/system_hbirdv2.c:325
    if (mcause & MCAUSE_INTERRUPT) {
        INT_HANDLER int_handler = NULL;
        uint32_t irqn = (uint32_t)(mcause & 0X00000fff);
80000fd4:	01451793          	slli	a5,a0,0x14
D:\fpgafile\e203_cnn\sdk\LeNet_hw\Debug/../hbird_sdk/SoC/hbirdv2/Common/Source/system_hbirdv2.c:322
{
80000fd8:	c606                	sw	ra,12(sp)
80000fda:	c422                	sw	s0,8(sp)
D:\fpgafile\e203_cnn\sdk\LeNet_hw\Debug/../hbird_sdk/SoC/hbirdv2/Common/Source/system_hbirdv2.c:325
        uint32_t irqn = (uint32_t)(mcause & 0X00000fff);
80000fdc:	83d1                	srli	a5,a5,0x14
D:\fpgafile\e203_cnn\sdk\LeNet_hw\Debug/../hbird_sdk/SoC/hbirdv2/Common/Source/system_hbirdv2.c:323
    if (mcause & MCAUSE_INTERRUPT) {
80000fde:	02055163          	bgez	a0,80001000 <core_trap_handler+0x2e>
D:\fpgafile\e203_cnn\sdk\LeNet_hw\Debug/../hbird_sdk/SoC/hbirdv2/Common/Source/system_hbirdv2.c:326
        if (irqn == IRQ_M_EXT) {
80000fe2:	472d                	li	a4,11
80000fe4:	04e78363          	beq	a5,a4,8000102a <core_trap_handler+0x58>
D:\fpgafile\e203_cnn\sdk\LeNet_hw\Debug/../hbird_sdk/SoC/hbirdv2/Common/Source/system_hbirdv2.c:338
                }
                PLIC_CompleteInterrupt(irqn);
            }
#endif
        } else {
            int_handler = (INT_HANDLER)(SystemCoreInterruptHandlers[irqn]);
80000fe8:	078a                	slli	a5,a5,0x2
80000fea:	82418713          	addi	a4,gp,-2012 # 90000084 <SystemCoreInterruptHandlers>
80000fee:	97ba                	add	a5,a5,a4
80000ff0:	439c                	lw	a5,0(a5)
D:\fpgafile\e203_cnn\sdk\LeNet_hw\Debug/../hbird_sdk/SoC/hbirdv2/Common/Source/system_hbirdv2.c:339
            if (int_handler != NULL) {
80000ff2:	c391                	beqz	a5,80000ff6 <core_trap_handler+0x24>
core_exception_handler():
D:\fpgafile\e203_cnn\sdk\LeNet_hw\Debug/../hbird_sdk/SoC/hbirdv2/Common/Source/system_hbirdv2.c:371
        exc_handler = (EXC_HANDLER)SystemExceptionHandlers[EXCn];
    } else {
        exc_handler = (EXC_HANDLER)system_default_exception_handler;
    }
    if (exc_handler != NULL) {
        exc_handler(mcause, sp);
80000ff4:	9782                	jalr	a5
core_trap_handler():
D:\fpgafile\e203_cnn\sdk\LeNet_hw\Debug/../hbird_sdk/SoC/hbirdv2/Common/Source/system_hbirdv2.c:347
}
80000ff6:	40b2                	lw	ra,12(sp)
80000ff8:	4422                	lw	s0,8(sp)
80000ffa:	4501                	li	a0,0
80000ffc:	0141                	addi	sp,sp,16
80000ffe:	8082                	ret
core_exception_handler():
D:\fpgafile\e203_cnn\sdk\LeNet_hw\Debug/../hbird_sdk/SoC/hbirdv2/Common/Source/system_hbirdv2.c:365
    if ((EXCn < MAX_SYSTEM_EXCEPTION_NUM) && (EXCn >= 0)) {
80001000:	4629                	li	a2,10
80001002:	872a                	mv	a4,a0
80001004:	86ae                	mv	a3,a1
80001006:	00f66b63          	bltu	a2,a5,8000101c <core_trap_handler+0x4a>
D:\fpgafile\e203_cnn\sdk\LeNet_hw\Debug/../hbird_sdk/SoC/hbirdv2/Common/Source/system_hbirdv2.c:366
        exc_handler = (EXC_HANDLER)SystemExceptionHandlers[EXCn];
8000100a:	078a                	slli	a5,a5,0x2
8000100c:	84c18613          	addi	a2,gp,-1972 # 900000ac <SystemExceptionHandlers>
80001010:	97b2                	add	a5,a5,a2
80001012:	439c                	lw	a5,0(a5)
D:\fpgafile\e203_cnn\sdk\LeNet_hw\Debug/../hbird_sdk/SoC/hbirdv2/Common/Source/system_hbirdv2.c:370
    if (exc_handler != NULL) {
80001014:	d3ed                	beqz	a5,80000ff6 <core_trap_handler+0x24>
D:\fpgafile\e203_cnn\sdk\LeNet_hw\Debug/../hbird_sdk/SoC/hbirdv2/Common/Source/system_hbirdv2.c:371
        exc_handler(mcause, sp);
80001016:	85b6                	mv	a1,a3
80001018:	853a                	mv	a0,a4
8000101a:	bfe9                	j	80000ff4 <core_trap_handler+0x22>
D:\fpgafile\e203_cnn\sdk\LeNet_hw\Debug/../hbird_sdk/SoC/hbirdv2/Common/Source/system_hbirdv2.c:368
        exc_handler = (EXC_HANDLER)system_default_exception_handler;
8000101c:	00000797          	auipc	a5,0x0
80001020:	f2c78793          	addi	a5,a5,-212 # 80000f48 <system_default_exception_handler>
D:\fpgafile\e203_cnn\sdk\LeNet_hw\Debug/../hbird_sdk/SoC/hbirdv2/Common/Source/system_hbirdv2.c:371
        exc_handler(mcause, sp);
80001024:	85b6                	mv	a1,a3
80001026:	853a                	mv	a0,a4
80001028:	b7f1                	j	80000ff4 <core_trap_handler+0x22>
PLIC_ClaimInterrupt():
D:\fpgafile\e203_cnn\sdk\LeNet_hw\hbird_sdk\NMSIS\Core\Include/core_feature_plic.h:273
 * \sa
 * - \ref PLIC_CompleteInterrupt
 */
__STATIC_FORCEINLINE uint32_t PLIC_ClaimInterrupt(void)
{
    uint32_t hartid = __RV_CSR_READ(CSR_MHARTID);
8000102a:	f14027f3          	csrr	a5,mhartid
D:\fpgafile\e203_cnn\sdk\LeNet_hw\hbird_sdk\NMSIS\Core\Include/core_feature_plic.h:274
    volatile uint32_t *claim_reg = (uint32_t *)((PLIC_BASE) + PLIC_CLAIM_OFFSET + \
8000102e:	0c200737          	lui	a4,0xc200
D:\fpgafile\e203_cnn\sdk\LeNet_hw\hbird_sdk\NMSIS\Core\Include/core_feature_plic.h:275
                    + (hartid << PLIC_CLAIM_SHIFT_PER_TARGET));
80001032:	07b2                	slli	a5,a5,0xc
D:\fpgafile\e203_cnn\sdk\LeNet_hw\hbird_sdk\NMSIS\Core\Include/core_feature_plic.h:274
    volatile uint32_t *claim_reg = (uint32_t *)((PLIC_BASE) + PLIC_CLAIM_OFFSET + \
80001034:	0711                	addi	a4,a4,4
80001036:	97ba                	add	a5,a5,a4
D:\fpgafile\e203_cnn\sdk\LeNet_hw\hbird_sdk\NMSIS\Core\Include/core_feature_plic.h:277

    return (*claim_reg);
80001038:	4380                	lw	s0,0(a5)
core_trap_handler():
D:\fpgafile\e203_cnn\sdk\LeNet_hw\Debug/../hbird_sdk/SoC/hbirdv2/Common/Source/system_hbirdv2.c:329
            if (irqn < __PLIC_INTNUM) {
8000103a:	47c1                	li	a5,16
8000103c:	fa87ede3          	bltu	a5,s0,80000ff6 <core_trap_handler+0x24>
D:\fpgafile\e203_cnn\sdk\LeNet_hw\Debug/../hbird_sdk/SoC/hbirdv2/Common/Source/system_hbirdv2.c:330
                int_handler = (INT_HANDLER)(SystemExtInterruptHandlers[irqn]);
80001040:	00241713          	slli	a4,s0,0x2
80001044:	87818793          	addi	a5,gp,-1928 # 900000d8 <SystemExtInterruptHandlers>
80001048:	97ba                	add	a5,a5,a4
8000104a:	439c                	lw	a5,0(a5)
D:\fpgafile\e203_cnn\sdk\LeNet_hw\Debug/../hbird_sdk/SoC/hbirdv2/Common/Source/system_hbirdv2.c:331
                if (int_handler != NULL) {
8000104c:	c391                	beqz	a5,80001050 <core_trap_handler+0x7e>
D:\fpgafile\e203_cnn\sdk\LeNet_hw\Debug/../hbird_sdk/SoC/hbirdv2/Common/Source/system_hbirdv2.c:332
                    int_handler(mcause, sp);
8000104e:	9782                	jalr	a5
PLIC_CompleteInterrupt():
D:\fpgafile\e203_cnn\sdk\LeNet_hw\hbird_sdk\NMSIS\Core\Include/core_feature_plic.h:298
 * \sa
 * - \ref PLIC_ClaimInterrupt
 */
__STATIC_FORCEINLINE void PLIC_CompleteInterrupt(uint32_t source)
{
    uint32_t hartid = __RV_CSR_READ(CSR_MHARTID);
80001050:	f14027f3          	csrr	a5,mhartid
D:\fpgafile\e203_cnn\sdk\LeNet_hw\hbird_sdk\NMSIS\Core\Include/core_feature_plic.h:299
    volatile uint32_t *complete_reg = (uint32_t *)((PLIC_BASE) + PLIC_CLAIM_OFFSET + \
80001054:	0c200737          	lui	a4,0xc200
D:\fpgafile\e203_cnn\sdk\LeNet_hw\hbird_sdk\NMSIS\Core\Include/core_feature_plic.h:300
                    + (hartid << PLIC_CLAIM_SHIFT_PER_TARGET));
80001058:	07b2                	slli	a5,a5,0xc
D:\fpgafile\e203_cnn\sdk\LeNet_hw\hbird_sdk\NMSIS\Core\Include/core_feature_plic.h:299
    volatile uint32_t *complete_reg = (uint32_t *)((PLIC_BASE) + PLIC_CLAIM_OFFSET + \
8000105a:	0711                	addi	a4,a4,4
8000105c:	97ba                	add	a5,a5,a4
D:\fpgafile\e203_cnn\sdk\LeNet_hw\hbird_sdk\NMSIS\Core\Include/core_feature_plic.h:302

    *complete_reg = source;
8000105e:	c380                	sw	s0,0(a5)
D:\fpgafile\e203_cnn\sdk\LeNet_hw\hbird_sdk\NMSIS\Core\Include/core_feature_plic.h:303
}
80001060:	bf59                	j	80000ff6 <core_trap_handler+0x24>

80001062 <_premain_init>:
_premain_init():
D:\fpgafile\e203_cnn\sdk\LeNet_hw\Debug/../hbird_sdk/SoC/hbirdv2/Common/Source/system_hbirdv2.c:464
 * For RISC-V gnu toolchain, _init function might not be called
 * by __libc_init_array function, so we defined a new function
 * to do initialization
 */
void _premain_init(void)
{
80001062:	1141                	addi	sp,sp,-16
80001064:	c606                	sw	ra,12(sp)
80001066:	c422                	sw	s0,8(sp)
D:\fpgafile\e203_cnn\sdk\LeNet_hw\Debug/../hbird_sdk/SoC/hbirdv2/Common/Source/system_hbirdv2.c:466
    /* TODO: Add your own initialization code here, called before main */
    SystemCoreClock = get_cpu_freq();
80001068:	35f9                	jal	80000f36 <get_cpu_freq>
8000106a:	87aa                	mv	a5,a0
8000106c:	80418413          	addi	s0,gp,-2044 # 90000064 <SystemCoreClock>
D:\fpgafile\e203_cnn\sdk\LeNet_hw\Debug/../hbird_sdk/SoC/hbirdv2/Common/Source/system_hbirdv2.c:468
#if ! defined(SIMULATION_SPIKE) && ! defined(SIMULATION_XLSPIKE)
    gpio_iof_config(GPIOA, IOF_UART_MASK);
80001070:	000305b7          	lui	a1,0x30
80001074:	10012537          	lui	a0,0x10012
D:\fpgafile\e203_cnn\sdk\LeNet_hw\Debug/../hbird_sdk/SoC/hbirdv2/Common/Source/system_hbirdv2.c:466
    SystemCoreClock = get_cpu_freq();
80001078:	c01c                	sw	a5,0(s0)
D:\fpgafile\e203_cnn\sdk\LeNet_hw\Debug/../hbird_sdk/SoC/hbirdv2/Common/Source/system_hbirdv2.c:468
    gpio_iof_config(GPIOA, IOF_UART_MASK);
8000107a:	3bf9                	jal	80000e58 <gpio_iof_config>
D:\fpgafile\e203_cnn\sdk\LeNet_hw\Debug/../hbird_sdk/SoC/hbirdv2/Common/Source/system_hbirdv2.c:469
    uart_init(SOC_DEBUG_UART, 115200);
8000107c:	65f1                	lui	a1,0x1c
8000107e:	20058593          	addi	a1,a1,512 # 1c200 <__stack_size+0x1ba00>
80001082:	10013537          	lui	a0,0x10013
80001086:	33d5                	jal	80000e6a <uart_init>
SystemBannerPrint():
D:\fpgafile\e203_cnn\sdk\LeNet_hw\Debug/../hbird_sdk/SoC/hbirdv2/Common/Source/system_hbirdv2.c:381
    printf("HummingBird SDK Build Time: %s, %s\r\n", __DATE__, __TIME__);
80001088:	00001617          	auipc	a2,0x1
8000108c:	7c860613          	addi	a2,a2,1992 # 80002850 <_read_r+0x84>
80001090:	00001597          	auipc	a1,0x1
80001094:	7cc58593          	addi	a1,a1,1996 # 8000285c <_read_r+0x90>
80001098:	00001517          	auipc	a0,0x1
8000109c:	7d050513          	addi	a0,a0,2000 # 80002868 <_read_r+0x9c>
800010a0:	2175                	jal	8000154c <iprintf>
D:\fpgafile\e203_cnn\sdk\LeNet_hw\Debug/../hbird_sdk/SoC/hbirdv2/Common/Source/system_hbirdv2.c:383
    printf("Download Mode: %s\r\n", DOWNLOAD_MODE_STRING);
800010a2:	00001597          	auipc	a1,0x1
800010a6:	7ee58593          	addi	a1,a1,2030 # 80002890 <_read_r+0xc4>
800010aa:	00001517          	auipc	a0,0x1
800010ae:	7ea50513          	addi	a0,a0,2026 # 80002894 <_read_r+0xc8>
800010b2:	2969                	jal	8000154c <iprintf>
D:\fpgafile\e203_cnn\sdk\LeNet_hw\Debug/../hbird_sdk/SoC/hbirdv2/Common/Source/system_hbirdv2.c:385
    printf("CPU Frequency %lu Hz\r\n", SystemCoreClock);
800010b4:	400c                	lw	a1,0(s0)
800010b6:	00001517          	auipc	a0,0x1
800010ba:	7f250513          	addi	a0,a0,2034 # 800028a8 <_read_r+0xdc>
800010be:	2179                	jal	8000154c <iprintf>
Exception_Init():
D:\fpgafile\e203_cnn\sdk\LeNet_hw\Debug/../hbird_sdk/SoC/hbirdv2/Common/Source/system_hbirdv2.c:201
        SystemExceptionHandlers[i] = (unsigned long)system_default_exception_handler;
800010c0:	00000697          	auipc	a3,0x0
800010c4:	e8868693          	addi	a3,a3,-376 # 80000f48 <system_default_exception_handler>
800010c8:	84c18793          	addi	a5,gp,-1972 # 900000ac <SystemExceptionHandlers>
800010cc:	87818713          	addi	a4,gp,-1928 # 900000d8 <SystemExtInterruptHandlers>
800010d0:	c394                	sw	a3,0(a5)
D:\fpgafile\e203_cnn\sdk\LeNet_hw\Debug/../hbird_sdk/SoC/hbirdv2/Common/Source/system_hbirdv2.c:200
    for (int i = 0; i < MAX_SYSTEM_EXCEPTION_NUM; i++) {
800010d2:	0791                	addi	a5,a5,4
800010d4:	fee79ee3          	bne	a5,a4,800010d0 <_premain_init+0x6e>
Interrupt_Init():
D:\fpgafile\e203_cnn\sdk\LeNet_hw\Debug/../hbird_sdk/SoC/hbirdv2/Common/Source/system_hbirdv2.c:216
        SystemExtInterruptHandlers[i] = (unsigned long)system_default_interrupt_handler;
800010d8:	00000717          	auipc	a4,0x0
800010dc:	eac70713          	addi	a4,a4,-340 # 80000f84 <system_default_interrupt_handler>
800010e0:	87818793          	addi	a5,gp,-1928 # 900000d8 <SystemExtInterruptHandlers>
800010e4:	8bc18693          	addi	a3,gp,-1860 # 9000011c <c1_out>
800010e8:	c398                	sw	a4,0(a5)
D:\fpgafile\e203_cnn\sdk\LeNet_hw\Debug/../hbird_sdk/SoC/hbirdv2/Common/Source/system_hbirdv2.c:215
    for (i = 0; i < __PLIC_INTNUM; i++) {
800010ea:	0791                	addi	a5,a5,4
800010ec:	fef69ee3          	bne	a3,a5,800010e8 <_premain_init+0x86>
800010f0:	82418793          	addi	a5,gp,-2012 # 90000084 <SystemCoreInterruptHandlers>
800010f4:	84c18693          	addi	a3,gp,-1972 # 900000ac <SystemExceptionHandlers>
D:\fpgafile\e203_cnn\sdk\LeNet_hw\Debug/../hbird_sdk/SoC/hbirdv2/Common/Source/system_hbirdv2.c:219
        SystemCoreInterruptHandlers[i] = (unsigned long)system_default_interrupt_handler;
800010f8:	c398                	sw	a4,0(a5)
D:\fpgafile\e203_cnn\sdk\LeNet_hw\Debug/../hbird_sdk/SoC/hbirdv2/Common/Source/system_hbirdv2.c:218
    for (i = 0; i < 10; i++) {
800010fa:	0791                	addi	a5,a5,4
800010fc:	fed79ee3          	bne	a5,a3,800010f8 <_premain_init+0x96>
80001100:	0c000637          	lui	a2,0xc000
PLIC_Init():
D:\fpgafile\e203_cnn\sdk\LeNet_hw\hbird_sdk\NMSIS\Core\Include/core_feature_plic.h:318
 */
__STATIC_FORCEINLINE void PLIC_Init(uint32_t num_sources)
{
    uint32_t i;

    for (i = 0; i < num_sources; i ++) {
80001104:	4681                	li	a3,0
PLIC_DisableInterrupt():
D:\fpgafile\e203_cnn\sdk\LeNet_hw\hbird_sdk\NMSIS\Core\Include/core_feature_plic.h:193
                    (hartid << PLIC_ENABLE_SHIFT_PER_TARGET) + (source >> 5) * 4);
80001106:	0c0028b7          	lui	a7,0xc002
D:\fpgafile\e203_cnn\sdk\LeNet_hw\hbird_sdk\NMSIS\Core\Include/core_feature_plic.h:196
    current = current & (~(1<<(source&0x1F)));
8000110a:	4805                	li	a6,1
PLIC_Init():
D:\fpgafile\e203_cnn\sdk\LeNet_hw\hbird_sdk\NMSIS\Core\Include/core_feature_plic.h:318
    for (i = 0; i < num_sources; i ++) {
8000110c:	4545                	li	a0,17
PLIC_DisableInterrupt():
D:\fpgafile\e203_cnn\sdk\LeNet_hw\hbird_sdk\NMSIS\Core\Include/core_feature_plic.h:191
    uint32_t hartid = __RV_CSR_READ(CSR_MHARTID);
8000110e:	f14027f3          	csrr	a5,mhartid
D:\fpgafile\e203_cnn\sdk\LeNet_hw\hbird_sdk\NMSIS\Core\Include/core_feature_plic.h:193
                    (hartid << PLIC_ENABLE_SHIFT_PER_TARGET) + (source >> 5) * 4);
80001112:	079e                	slli	a5,a5,0x7
80001114:	97c6                	add	a5,a5,a7
D:\fpgafile\e203_cnn\sdk\LeNet_hw\hbird_sdk\NMSIS\Core\Include/core_feature_plic.h:195
    uint32_t current = *enable_reg;
80001116:	438c                	lw	a1,0(a5)
D:\fpgafile\e203_cnn\sdk\LeNet_hw\hbird_sdk\NMSIS\Core\Include/core_feature_plic.h:196
    current = current & (~(1<<(source&0x1F)));
80001118:	00d81733          	sll	a4,a6,a3
8000111c:	fff74713          	not	a4,a4
80001120:	8f6d                	and	a4,a4,a1
D:\fpgafile\e203_cnn\sdk\LeNet_hw\hbird_sdk\NMSIS\Core\Include/core_feature_plic.h:197
    *enable_reg = current;
80001122:	c398                	sw	a4,0(a5)
PLIC_SetPriority():
D:\fpgafile\e203_cnn\sdk\LeNet_hw\hbird_sdk\NMSIS\Core\Include/core_feature_plic.h:237
    *priority_reg = priority;
80001124:	00062023          	sw	zero,0(a2) # c000000 <__stack_size+0xbfff800>
PLIC_Init():
D:\fpgafile\e203_cnn\sdk\LeNet_hw\hbird_sdk\NMSIS\Core\Include/core_feature_plic.h:318
    for (i = 0; i < num_sources; i ++) {
80001128:	0685                	addi	a3,a3,1
8000112a:	0611                	addi	a2,a2,4
8000112c:	fea691e3          	bne	a3,a0,8000110e <_premain_init+0xac>
PLIC_SetThreshold():
D:\fpgafile\e203_cnn\sdk\LeNet_hw\hbird_sdk\NMSIS\Core\Include/core_feature_plic.h:135
    uint32_t hartid = __RV_CSR_READ(CSR_MHARTID);
80001130:	f14027f3          	csrr	a5,mhartid
D:\fpgafile\e203_cnn\sdk\LeNet_hw\hbird_sdk\NMSIS\Core\Include/core_feature_plic.h:137
                    PLIC_THRESHOLD_OFFSET + (hartid << PLIC_THRESHOLD_SHIFT_PER_TARGET));
80001134:	0c200737          	lui	a4,0xc200
_premain_init():
D:\fpgafile\e203_cnn\sdk\LeNet_hw\Debug/../hbird_sdk/SoC/hbirdv2/Common/Source/system_hbirdv2.c:481
    Interrupt_Init();
#if defined(__PLIC_PRESENT) && __PLIC_PRESENT == 1
    /* PLIC initilization */
    PLIC_Init(__PLIC_INTNUM);
#endif
}
80001138:	40b2                	lw	ra,12(sp)
8000113a:	4422                	lw	s0,8(sp)
PLIC_SetThreshold():
D:\fpgafile\e203_cnn\sdk\LeNet_hw\hbird_sdk\NMSIS\Core\Include/core_feature_plic.h:137
8000113c:	07b2                	slli	a5,a5,0xc
8000113e:	97ba                	add	a5,a5,a4
D:\fpgafile\e203_cnn\sdk\LeNet_hw\hbird_sdk\NMSIS\Core\Include/core_feature_plic.h:139
    *thresh_reg = thresh;
80001140:	0007a023          	sw	zero,0(a5)
_premain_init():
D:\fpgafile\e203_cnn\sdk\LeNet_hw\Debug/../hbird_sdk/SoC/hbirdv2/Common/Source/system_hbirdv2.c:481
80001144:	0141                	addi	sp,sp,16
80001146:	8082                	ret

80001148 <_postmain_fini>:
_postmain_fini():
D:\fpgafile\e203_cnn\sdk\LeNet_hw\Debug/../hbird_sdk/SoC/hbirdv2/Common/Source/system_hbirdv2.c:507
#ifdef SIMULATION_RTL
extern void rtlsim_exit(int status);
    rtlsim_exit(status);
#endif

}
80001148:	8082                	ret

8000114a <_init>:
_init():
D:\fpgafile\e203_cnn\sdk\LeNet_hw\Debug/../hbird_sdk/SoC/hbirdv2/Common/Source/system_hbirdv2.c:521
 * Please use \ref _premain_init function now
 */
void _init(void)
{
    /* Don't put any code here, please use _premain_init now */
}
8000114a:	8082                	ret

8000114c <_fini>:
_fini():
8000114c:	8082                	ret

8000114e <__udivdi3>:
__udivdi3():
/home/hqfang/workspace/software/riscv-gnu-toolchain/riscv-gcc/libgcc/libgcc2.c:1319
8000114e:	88aa                	mv	a7,a0
80001150:	87ae                	mv	a5,a1
__udivmoddi4():
/home/hqfang/workspace/software/riscv-gnu-toolchain/riscv-gcc/libgcc/libgcc2.c:1024
80001152:	8832                	mv	a6,a2
/home/hqfang/workspace/software/riscv-gnu-toolchain/riscv-gcc/libgcc/libgcc2.c:1025
80001154:	8536                	mv	a0,a3
/home/hqfang/workspace/software/riscv-gnu-toolchain/riscv-gcc/libgcc/libgcc2.c:1026
80001156:	8346                	mv	t1,a7
/home/hqfang/workspace/software/riscv-gnu-toolchain/riscv-gcc/libgcc/libgcc2.c:1064
80001158:	20069663          	bnez	a3,80001364 <__udivdi3+0x216>
/home/hqfang/workspace/software/riscv-gnu-toolchain/riscv-gcc/libgcc/libgcc2.c:1066
8000115c:	0000e697          	auipc	a3,0xe
80001160:	7dc68693          	addi	a3,a3,2012 # 8000f938 <__clz_tab>
80001164:	0ac5ff63          	bgeu	a1,a2,80001222 <__udivdi3+0xd4>
/home/hqfang/workspace/software/riscv-gnu-toolchain/riscv-gcc/libgcc/libgcc2.c:1070
80001168:	6741                	lui	a4,0x10
8000116a:	0ae67563          	bgeu	a2,a4,80001214 <__udivdi3+0xc6>
8000116e:	0ff00713          	li	a4,255
80001172:	00c73733          	sltu	a4,a4,a2
80001176:	070e                	slli	a4,a4,0x3
80001178:	00e65533          	srl	a0,a2,a4
8000117c:	96aa                	add	a3,a3,a0
8000117e:	0006c683          	lbu	a3,0(a3)
80001182:	02000513          	li	a0,32
80001186:	9736                	add	a4,a4,a3
80001188:	40e506b3          	sub	a3,a0,a4
/home/hqfang/workspace/software/riscv-gnu-toolchain/riscv-gcc/libgcc/libgcc2.c:1072
8000118c:	00e50b63          	beq	a0,a4,800011a2 <__udivdi3+0x54>
/home/hqfang/workspace/software/riscv-gnu-toolchain/riscv-gcc/libgcc/libgcc2.c:1078
80001190:	00d795b3          	sll	a1,a5,a3
80001194:	00e8d733          	srl	a4,a7,a4
/home/hqfang/workspace/software/riscv-gnu-toolchain/riscv-gcc/libgcc/libgcc2.c:1077
80001198:	00d61833          	sll	a6,a2,a3
/home/hqfang/workspace/software/riscv-gnu-toolchain/riscv-gcc/libgcc/libgcc2.c:1078
8000119c:	8dd9                	or	a1,a1,a4
/home/hqfang/workspace/software/riscv-gnu-toolchain/riscv-gcc/libgcc/libgcc2.c:1079
8000119e:	00d89333          	sll	t1,a7,a3
/home/hqfang/workspace/software/riscv-gnu-toolchain/riscv-gcc/libgcc/libgcc2.c:1082
800011a2:	01085893          	srli	a7,a6,0x10
800011a6:	0315d6b3          	divu	a3,a1,a7
800011aa:	01081613          	slli	a2,a6,0x10
800011ae:	8241                	srli	a2,a2,0x10
800011b0:	01035793          	srli	a5,t1,0x10
800011b4:	0315f733          	remu	a4,a1,a7
800011b8:	8536                	mv	a0,a3
800011ba:	02d605b3          	mul	a1,a2,a3
800011be:	0742                	slli	a4,a4,0x10
800011c0:	8fd9                	or	a5,a5,a4
800011c2:	00b7fc63          	bgeu	a5,a1,800011da <__udivdi3+0x8c>
800011c6:	97c2                	add	a5,a5,a6
800011c8:	fff68513          	addi	a0,a3,-1
800011cc:	0107e763          	bltu	a5,a6,800011da <__udivdi3+0x8c>
800011d0:	00b7f563          	bgeu	a5,a1,800011da <__udivdi3+0x8c>
800011d4:	ffe68513          	addi	a0,a3,-2
800011d8:	97c2                	add	a5,a5,a6
800011da:	8f8d                	sub	a5,a5,a1
800011dc:	0317f733          	remu	a4,a5,a7
800011e0:	0342                	slli	t1,t1,0x10
800011e2:	01035313          	srli	t1,t1,0x10
800011e6:	0317d7b3          	divu	a5,a5,a7
800011ea:	0742                	slli	a4,a4,0x10
800011ec:	00676333          	or	t1,a4,t1
800011f0:	02f606b3          	mul	a3,a2,a5
800011f4:	863e                	mv	a2,a5
800011f6:	00d37b63          	bgeu	t1,a3,8000120c <__udivdi3+0xbe>
800011fa:	9342                	add	t1,t1,a6
800011fc:	fff78613          	addi	a2,a5,-1
80001200:	01036663          	bltu	t1,a6,8000120c <__udivdi3+0xbe>
80001204:	00d37463          	bgeu	t1,a3,8000120c <__udivdi3+0xbe>
80001208:	ffe78613          	addi	a2,a5,-2
8000120c:	0542                	slli	a0,a0,0x10
8000120e:	8d51                	or	a0,a0,a2
/home/hqfang/workspace/software/riscv-gnu-toolchain/riscv-gcc/libgcc/libgcc2.c:1209
80001210:	4581                	li	a1,0
80001212:	a85d                	j	800012c8 <__udivdi3+0x17a>
/home/hqfang/workspace/software/riscv-gnu-toolchain/riscv-gcc/libgcc/libgcc2.c:1070
80001214:	01000537          	lui	a0,0x1000
80001218:	4741                	li	a4,16
8000121a:	f4a66fe3          	bltu	a2,a0,80001178 <__udivdi3+0x2a>
8000121e:	4761                	li	a4,24
80001220:	bfa1                	j	80001178 <__udivdi3+0x2a>
/home/hqfang/workspace/software/riscv-gnu-toolchain/riscv-gcc/libgcc/libgcc2.c:1091
80001222:	e601                	bnez	a2,8000122a <__udivdi3+0xdc>
/home/hqfang/workspace/software/riscv-gnu-toolchain/riscv-gcc/libgcc/libgcc2.c:1092
80001224:	4705                	li	a4,1
80001226:	02c75833          	divu	a6,a4,a2
/home/hqfang/workspace/software/riscv-gnu-toolchain/riscv-gcc/libgcc/libgcc2.c:1094
8000122a:	6741                	lui	a4,0x10
8000122c:	08e87f63          	bgeu	a6,a4,800012ca <__udivdi3+0x17c>
80001230:	0ff00713          	li	a4,255
80001234:	01077363          	bgeu	a4,a6,8000123a <__udivdi3+0xec>
80001238:	4521                	li	a0,8
8000123a:	00a85733          	srl	a4,a6,a0
8000123e:	96ba                	add	a3,a3,a4
80001240:	0006c703          	lbu	a4,0(a3)
80001244:	02000613          	li	a2,32
80001248:	972a                	add	a4,a4,a0
8000124a:	40e606b3          	sub	a3,a2,a4
/home/hqfang/workspace/software/riscv-gnu-toolchain/riscv-gcc/libgcc/libgcc2.c:1096
8000124e:	08e61563          	bne	a2,a4,800012d8 <__udivdi3+0x18a>
/home/hqfang/workspace/software/riscv-gnu-toolchain/riscv-gcc/libgcc/libgcc2.c:1105
80001252:	410787b3          	sub	a5,a5,a6
/home/hqfang/workspace/software/riscv-gnu-toolchain/riscv-gcc/libgcc/libgcc2.c:1106
80001256:	4585                	li	a1,1
/home/hqfang/workspace/software/riscv-gnu-toolchain/riscv-gcc/libgcc/libgcc2.c:1124
80001258:	01085893          	srli	a7,a6,0x10
8000125c:	01081613          	slli	a2,a6,0x10
80001260:	8241                	srli	a2,a2,0x10
80001262:	01035713          	srli	a4,t1,0x10
80001266:	0317f6b3          	remu	a3,a5,a7
8000126a:	0317d7b3          	divu	a5,a5,a7
8000126e:	06c2                	slli	a3,a3,0x10
80001270:	8f55                	or	a4,a4,a3
80001272:	02f60e33          	mul	t3,a2,a5
80001276:	853e                	mv	a0,a5
80001278:	01c77c63          	bgeu	a4,t3,80001290 <__udivdi3+0x142>
8000127c:	9742                	add	a4,a4,a6
8000127e:	fff78513          	addi	a0,a5,-1
80001282:	01076763          	bltu	a4,a6,80001290 <__udivdi3+0x142>
80001286:	01c77563          	bgeu	a4,t3,80001290 <__udivdi3+0x142>
8000128a:	ffe78513          	addi	a0,a5,-2
8000128e:	9742                	add	a4,a4,a6
80001290:	41c70733          	sub	a4,a4,t3
80001294:	031777b3          	remu	a5,a4,a7
80001298:	0342                	slli	t1,t1,0x10
8000129a:	01035313          	srli	t1,t1,0x10
8000129e:	03175733          	divu	a4,a4,a7
800012a2:	07c2                	slli	a5,a5,0x10
800012a4:	0067e333          	or	t1,a5,t1
800012a8:	02e606b3          	mul	a3,a2,a4
800012ac:	863a                	mv	a2,a4
800012ae:	00d37b63          	bgeu	t1,a3,800012c4 <__udivdi3+0x176>
800012b2:	9342                	add	t1,t1,a6
800012b4:	fff70613          	addi	a2,a4,-1 # ffff <__stack_size+0xf7ff>
800012b8:	01036663          	bltu	t1,a6,800012c4 <__udivdi3+0x176>
800012bc:	00d37463          	bgeu	t1,a3,800012c4 <__udivdi3+0x176>
800012c0:	ffe70613          	addi	a2,a4,-2
800012c4:	0542                	slli	a0,a0,0x10
800012c6:	8d51                	or	a0,a0,a2
__udivdi3():
/home/hqfang/workspace/software/riscv-gnu-toolchain/riscv-gcc/libgcc/libgcc2.c:1321
800012c8:	8082                	ret
__udivmoddi4():
/home/hqfang/workspace/software/riscv-gnu-toolchain/riscv-gcc/libgcc/libgcc2.c:1094
800012ca:	01000737          	lui	a4,0x1000
800012ce:	4541                	li	a0,16
800012d0:	f6e865e3          	bltu	a6,a4,8000123a <__udivdi3+0xec>
800012d4:	4561                	li	a0,24
800012d6:	b795                	j	8000123a <__udivdi3+0xec>
/home/hqfang/workspace/software/riscv-gnu-toolchain/riscv-gcc/libgcc/libgcc2.c:1114
800012d8:	00d81833          	sll	a6,a6,a3
/home/hqfang/workspace/software/riscv-gnu-toolchain/riscv-gcc/libgcc/libgcc2.c:1115
800012dc:	00e7d533          	srl	a0,a5,a4
/home/hqfang/workspace/software/riscv-gnu-toolchain/riscv-gcc/libgcc/libgcc2.c:1117
800012e0:	00d89333          	sll	t1,a7,a3
/home/hqfang/workspace/software/riscv-gnu-toolchain/riscv-gcc/libgcc/libgcc2.c:1116
800012e4:	00d797b3          	sll	a5,a5,a3
800012e8:	00e8d733          	srl	a4,a7,a4
/home/hqfang/workspace/software/riscv-gnu-toolchain/riscv-gcc/libgcc/libgcc2.c:1119
800012ec:	01085893          	srli	a7,a6,0x10
/home/hqfang/workspace/software/riscv-gnu-toolchain/riscv-gcc/libgcc/libgcc2.c:1116
800012f0:	00f76633          	or	a2,a4,a5
/home/hqfang/workspace/software/riscv-gnu-toolchain/riscv-gcc/libgcc/libgcc2.c:1119
800012f4:	03157733          	remu	a4,a0,a7
800012f8:	01081793          	slli	a5,a6,0x10
800012fc:	83c1                	srli	a5,a5,0x10
800012fe:	01065593          	srli	a1,a2,0x10
80001302:	03155533          	divu	a0,a0,a7
80001306:	0742                	slli	a4,a4,0x10
80001308:	8f4d                	or	a4,a4,a1
8000130a:	02a786b3          	mul	a3,a5,a0
8000130e:	85aa                	mv	a1,a0
80001310:	00d77c63          	bgeu	a4,a3,80001328 <__udivdi3+0x1da>
80001314:	9742                	add	a4,a4,a6
80001316:	fff50593          	addi	a1,a0,-1 # ffffff <__stack_size+0xfff7ff>
8000131a:	01076763          	bltu	a4,a6,80001328 <__udivdi3+0x1da>
8000131e:	00d77563          	bgeu	a4,a3,80001328 <__udivdi3+0x1da>
80001322:	ffe50593          	addi	a1,a0,-2
80001326:	9742                	add	a4,a4,a6
80001328:	40d706b3          	sub	a3,a4,a3
8000132c:	0316f733          	remu	a4,a3,a7
80001330:	0642                	slli	a2,a2,0x10
80001332:	8241                	srli	a2,a2,0x10
80001334:	0316d6b3          	divu	a3,a3,a7
80001338:	0742                	slli	a4,a4,0x10
8000133a:	02d78533          	mul	a0,a5,a3
8000133e:	00c767b3          	or	a5,a4,a2
80001342:	8736                	mv	a4,a3
80001344:	00a7fc63          	bgeu	a5,a0,8000135c <__udivdi3+0x20e>
80001348:	97c2                	add	a5,a5,a6
8000134a:	fff68713          	addi	a4,a3,-1
8000134e:	0107e763          	bltu	a5,a6,8000135c <__udivdi3+0x20e>
80001352:	00a7f563          	bgeu	a5,a0,8000135c <__udivdi3+0x20e>
80001356:	ffe68713          	addi	a4,a3,-2
8000135a:	97c2                	add	a5,a5,a6
8000135c:	05c2                	slli	a1,a1,0x10
8000135e:	8f89                	sub	a5,a5,a0
80001360:	8dd9                	or	a1,a1,a4
80001362:	bddd                	j	80001258 <__udivdi3+0x10a>
/home/hqfang/workspace/software/riscv-gnu-toolchain/riscv-gcc/libgcc/libgcc2.c:1140
80001364:	14d5e263          	bltu	a1,a3,800014a8 <__udivdi3+0x35a>
/home/hqfang/workspace/software/riscv-gnu-toolchain/riscv-gcc/libgcc/libgcc2.c:1159
80001368:	6741                	lui	a4,0x10
8000136a:	02e6ff63          	bgeu	a3,a4,800013a8 <__udivdi3+0x25a>
8000136e:	0ff00713          	li	a4,255
80001372:	00d735b3          	sltu	a1,a4,a3
80001376:	058e                	slli	a1,a1,0x3
80001378:	00b6d533          	srl	a0,a3,a1
8000137c:	0000e717          	auipc	a4,0xe
80001380:	5bc70713          	addi	a4,a4,1468 # 8000f938 <__clz_tab>
80001384:	972a                	add	a4,a4,a0
80001386:	00074703          	lbu	a4,0(a4)
8000138a:	02000513          	li	a0,32
8000138e:	972e                	add	a4,a4,a1
80001390:	40e505b3          	sub	a1,a0,a4
/home/hqfang/workspace/software/riscv-gnu-toolchain/riscv-gcc/libgcc/libgcc2.c:1160
80001394:	02e51163          	bne	a0,a4,800013b6 <__udivdi3+0x268>
/home/hqfang/workspace/software/riscv-gnu-toolchain/riscv-gcc/libgcc/libgcc2.c:1172
80001398:	4505                	li	a0,1
/home/hqfang/workspace/software/riscv-gnu-toolchain/riscv-gcc/libgcc/libgcc2.c:1170
8000139a:	f2f6e7e3          	bltu	a3,a5,800012c8 <__udivdi3+0x17a>
8000139e:	00c8b533          	sltu	a0,a7,a2
800013a2:	00154513          	xori	a0,a0,1
800013a6:	b70d                	j	800012c8 <__udivdi3+0x17a>
/home/hqfang/workspace/software/riscv-gnu-toolchain/riscv-gcc/libgcc/libgcc2.c:1159
800013a8:	01000737          	lui	a4,0x1000
800013ac:	45c1                	li	a1,16
800013ae:	fce6e5e3          	bltu	a3,a4,80001378 <__udivdi3+0x22a>
800013b2:	45e1                	li	a1,24
800013b4:	b7d1                	j	80001378 <__udivdi3+0x22a>
/home/hqfang/workspace/software/riscv-gnu-toolchain/riscv-gcc/libgcc/libgcc2.c:1194
800013b6:	00e65833          	srl	a6,a2,a4
800013ba:	00b696b3          	sll	a3,a3,a1
800013be:	00d86833          	or	a6,a6,a3
/home/hqfang/workspace/software/riscv-gnu-toolchain/riscv-gcc/libgcc/libgcc2.c:1196
800013c2:	00e7d333          	srl	t1,a5,a4
/home/hqfang/workspace/software/riscv-gnu-toolchain/riscv-gcc/libgcc/libgcc2.c:1200
800013c6:	01085e93          	srli	t4,a6,0x10
800013ca:	03d376b3          	remu	a3,t1,t4
/home/hqfang/workspace/software/riscv-gnu-toolchain/riscv-gcc/libgcc/libgcc2.c:1197
800013ce:	00b797b3          	sll	a5,a5,a1
800013d2:	00e8d733          	srl	a4,a7,a4
/home/hqfang/workspace/software/riscv-gnu-toolchain/riscv-gcc/libgcc/libgcc2.c:1195
800013d6:	00b61e33          	sll	t3,a2,a1
/home/hqfang/workspace/software/riscv-gnu-toolchain/riscv-gcc/libgcc/libgcc2.c:1197
800013da:	00f76633          	or	a2,a4,a5
/home/hqfang/workspace/software/riscv-gnu-toolchain/riscv-gcc/libgcc/libgcc2.c:1200
800013de:	01081793          	slli	a5,a6,0x10
800013e2:	83c1                	srli	a5,a5,0x10
800013e4:	01065713          	srli	a4,a2,0x10
800013e8:	03d35333          	divu	t1,t1,t4
800013ec:	06c2                	slli	a3,a3,0x10
800013ee:	8f55                	or	a4,a4,a3
800013f0:	02678f33          	mul	t5,a5,t1
800013f4:	851a                	mv	a0,t1
800013f6:	01e77c63          	bgeu	a4,t5,8000140e <__udivdi3+0x2c0>
800013fa:	9742                	add	a4,a4,a6
800013fc:	fff30513          	addi	a0,t1,-1
80001400:	01076763          	bltu	a4,a6,8000140e <__udivdi3+0x2c0>
80001404:	01e77563          	bgeu	a4,t5,8000140e <__udivdi3+0x2c0>
80001408:	ffe30513          	addi	a0,t1,-2
8000140c:	9742                	add	a4,a4,a6
8000140e:	41e70733          	sub	a4,a4,t5
80001412:	03d776b3          	remu	a3,a4,t4
80001416:	03d75733          	divu	a4,a4,t4
8000141a:	06c2                	slli	a3,a3,0x10
8000141c:	02e78333          	mul	t1,a5,a4
80001420:	01061793          	slli	a5,a2,0x10
80001424:	83c1                	srli	a5,a5,0x10
80001426:	8fd5                	or	a5,a5,a3
80001428:	863a                	mv	a2,a4
8000142a:	0067fc63          	bgeu	a5,t1,80001442 <__udivdi3+0x2f4>
8000142e:	97c2                	add	a5,a5,a6
80001430:	fff70613          	addi	a2,a4,-1 # ffffff <__stack_size+0xfff7ff>
80001434:	0107e763          	bltu	a5,a6,80001442 <__udivdi3+0x2f4>
80001438:	0067f563          	bgeu	a5,t1,80001442 <__udivdi3+0x2f4>
8000143c:	ffe70613          	addi	a2,a4,-2
80001440:	97c2                	add	a5,a5,a6
80001442:	0542                	slli	a0,a0,0x10
/home/hqfang/workspace/software/riscv-gnu-toolchain/riscv-gcc/libgcc/libgcc2.c:1201
80001444:	6ec1                	lui	t4,0x10
/home/hqfang/workspace/software/riscv-gnu-toolchain/riscv-gcc/libgcc/libgcc2.c:1200
80001446:	8d51                	or	a0,a0,a2
/home/hqfang/workspace/software/riscv-gnu-toolchain/riscv-gcc/libgcc/libgcc2.c:1201
80001448:	fffe8693          	addi	a3,t4,-1 # ffff <__stack_size+0xf7ff>
8000144c:	010e5613          	srli	a2,t3,0x10
80001450:	01055813          	srli	a6,a0,0x10
/home/hqfang/workspace/software/riscv-gnu-toolchain/riscv-gcc/libgcc/libgcc2.c:1200
80001454:	406787b3          	sub	a5,a5,t1
/home/hqfang/workspace/software/riscv-gnu-toolchain/riscv-gcc/libgcc/libgcc2.c:1201
80001458:	00d57333          	and	t1,a0,a3
8000145c:	00de76b3          	and	a3,t3,a3
80001460:	02d30e33          	mul	t3,t1,a3
80001464:	02d806b3          	mul	a3,a6,a3
80001468:	010e5713          	srli	a4,t3,0x10
8000146c:	02c30333          	mul	t1,t1,a2
80001470:	9336                	add	t1,t1,a3
80001472:	971a                	add	a4,a4,t1
80001474:	02c80833          	mul	a6,a6,a2
80001478:	00d77363          	bgeu	a4,a3,8000147e <__udivdi3+0x330>
8000147c:	9876                	add	a6,a6,t4
8000147e:	01075693          	srli	a3,a4,0x10
80001482:	9836                	add	a6,a6,a3
/home/hqfang/workspace/software/riscv-gnu-toolchain/riscv-gcc/libgcc/libgcc2.c:1203
80001484:	0307e063          	bltu	a5,a6,800014a4 <__udivdi3+0x356>
80001488:	d90794e3          	bne	a5,a6,80001210 <__udivdi3+0xc2>
/home/hqfang/workspace/software/riscv-gnu-toolchain/riscv-gcc/libgcc/libgcc2.c:1201
8000148c:	67c1                	lui	a5,0x10
8000148e:	17fd                	addi	a5,a5,-1
80001490:	8f7d                	and	a4,a4,a5
80001492:	0742                	slli	a4,a4,0x10
80001494:	00fe7e33          	and	t3,t3,a5
/home/hqfang/workspace/software/riscv-gnu-toolchain/riscv-gcc/libgcc/libgcc2.c:1198
80001498:	00b898b3          	sll	a7,a7,a1
/home/hqfang/workspace/software/riscv-gnu-toolchain/riscv-gcc/libgcc/libgcc2.c:1201
8000149c:	9772                	add	a4,a4,t3
/home/hqfang/workspace/software/riscv-gnu-toolchain/riscv-gcc/libgcc/libgcc2.c:1209
8000149e:	4581                	li	a1,0
/home/hqfang/workspace/software/riscv-gnu-toolchain/riscv-gcc/libgcc/libgcc2.c:1203
800014a0:	e2e8f4e3          	bgeu	a7,a4,800012c8 <__udivdi3+0x17a>
/home/hqfang/workspace/software/riscv-gnu-toolchain/riscv-gcc/libgcc/libgcc2.c:1205
800014a4:	157d                	addi	a0,a0,-1
__udivdi3():
/home/hqfang/workspace/software/riscv-gnu-toolchain/riscv-gcc/libgcc/libgcc2.c:1206
800014a6:	b3ad                	j	80001210 <__udivdi3+0xc2>
__udivmoddi4():
/home/hqfang/workspace/software/riscv-gnu-toolchain/riscv-gcc/libgcc/libgcc2.c:1145
800014a8:	4581                	li	a1,0
/home/hqfang/workspace/software/riscv-gnu-toolchain/riscv-gcc/libgcc/libgcc2.c:1144
800014aa:	4501                	li	a0,0
800014ac:	bd31                	j	800012c8 <__udivdi3+0x17a>

800014ae <atexit>:
atexit():
800014ae:	85aa                	mv	a1,a0
800014b0:	4681                	li	a3,0
800014b2:	4601                	li	a2,0
800014b4:	4501                	li	a0,0
800014b6:	aeb5                	j	80001832 <__register_exitproc>

800014b8 <__libc_fini_array>:
__libc_fini_array():
800014b8:	1141                	addi	sp,sp,-16
800014ba:	c422                	sw	s0,8(sp)
800014bc:	c226                	sw	s1,4(sp)
800014be:	0000e417          	auipc	s0,0xe
800014c2:	66e40413          	addi	s0,s0,1646 # 8000fb2c <__fsymtab_end>
800014c6:	0000e497          	auipc	s1,0xe
800014ca:	66648493          	addi	s1,s1,1638 # 8000fb2c <__fsymtab_end>
800014ce:	8c05                	sub	s0,s0,s1
800014d0:	c606                	sw	ra,12(sp)
800014d2:	8409                	srai	s0,s0,0x2
800014d4:	e411                	bnez	s0,800014e0 <__libc_fini_array+0x28>
800014d6:	40b2                	lw	ra,12(sp)
800014d8:	4422                	lw	s0,8(sp)
800014da:	4492                	lw	s1,4(sp)
800014dc:	0141                	addi	sp,sp,16
800014de:	8082                	ret
800014e0:	147d                	addi	s0,s0,-1
800014e2:	00241793          	slli	a5,s0,0x2
800014e6:	97a6                	add	a5,a5,s1
800014e8:	439c                	lw	a5,0(a5)
800014ea:	9782                	jalr	a5
800014ec:	b7e5                	j	800014d4 <__libc_fini_array+0x1c>

800014ee <__libc_init_array>:
__libc_init_array():
800014ee:	1141                	addi	sp,sp,-16
800014f0:	c422                	sw	s0,8(sp)
800014f2:	c226                	sw	s1,4(sp)
800014f4:	0000e417          	auipc	s0,0xe
800014f8:	63840413          	addi	s0,s0,1592 # 8000fb2c <__fsymtab_end>
800014fc:	0000e497          	auipc	s1,0xe
80001500:	63048493          	addi	s1,s1,1584 # 8000fb2c <__fsymtab_end>
80001504:	8c81                	sub	s1,s1,s0
80001506:	c04a                	sw	s2,0(sp)
80001508:	c606                	sw	ra,12(sp)
8000150a:	8489                	srai	s1,s1,0x2
8000150c:	4901                	li	s2,0
8000150e:	02991563          	bne	s2,s1,80001538 <__libc_init_array+0x4a>
80001512:	0000e417          	auipc	s0,0xe
80001516:	61a40413          	addi	s0,s0,1562 # 8000fb2c <__fsymtab_end>
8000151a:	0000e497          	auipc	s1,0xe
8000151e:	61248493          	addi	s1,s1,1554 # 8000fb2c <__fsymtab_end>
80001522:	8c81                	sub	s1,s1,s0
80001524:	8489                	srai	s1,s1,0x2
80001526:	4901                	li	s2,0
80001528:	00991d63          	bne	s2,s1,80001542 <__libc_init_array+0x54>
8000152c:	40b2                	lw	ra,12(sp)
8000152e:	4422                	lw	s0,8(sp)
80001530:	4492                	lw	s1,4(sp)
80001532:	4902                	lw	s2,0(sp)
80001534:	0141                	addi	sp,sp,16
80001536:	8082                	ret
80001538:	401c                	lw	a5,0(s0)
8000153a:	0905                	addi	s2,s2,1
8000153c:	0411                	addi	s0,s0,4
8000153e:	9782                	jalr	a5
80001540:	b7f9                	j	8000150e <__libc_init_array+0x20>
80001542:	401c                	lw	a5,0(s0)
80001544:	0905                	addi	s2,s2,1
80001546:	0411                	addi	s0,s0,4
80001548:	9782                	jalr	a5
8000154a:	bff9                	j	80001528 <__libc_init_array+0x3a>

8000154c <iprintf>:
printf():
8000154c:	715d                	addi	sp,sp,-80
8000154e:	d422                	sw	s0,40(sp)
80001550:	d606                	sw	ra,44(sp)
80001552:	842a                	mv	s0,a0
80001554:	da2e                	sw	a1,52(sp)
80001556:	dc32                	sw	a2,56(sp)
80001558:	de36                	sw	a3,60(sp)
8000155a:	c0ba                	sw	a4,64(sp)
8000155c:	c2be                	sw	a5,68(sp)
8000155e:	c4c2                	sw	a6,72(sp)
80001560:	c6c6                	sw	a7,76(sp)
80001562:	8081a503          	lw	a0,-2040(gp) # 90000068 <_impure_ptr>
80001566:	c511                	beqz	a0,80001572 <iprintf+0x26>
80001568:	4d1c                	lw	a5,24(a0)
8000156a:	e781                	bnez	a5,80001572 <iprintf+0x26>
8000156c:	c62a                	sw	a0,12(sp)
8000156e:	2b71                	jal	80001b0a <__sinit>
80001570:	4532                	lw	a0,12(sp)
80001572:	450c                	lw	a1,8(a0)
80001574:	1854                	addi	a3,sp,52
80001576:	8622                	mv	a2,s0
80001578:	ce36                	sw	a3,28(sp)
8000157a:	271000ef          	jal	ra,80001fea <_vfiprintf_r>
8000157e:	50b2                	lw	ra,44(sp)
80001580:	5422                	lw	s0,40(sp)
80001582:	6161                	addi	sp,sp,80
80001584:	8082                	ret

80001586 <_puts_r>:
_puts_r():
80001586:	1101                	addi	sp,sp,-32
80001588:	ca26                	sw	s1,20(sp)
8000158a:	c84a                	sw	s2,16(sp)
8000158c:	ce06                	sw	ra,28(sp)
8000158e:	cc22                	sw	s0,24(sp)
80001590:	c64e                	sw	s3,12(sp)
80001592:	c452                	sw	s4,8(sp)
80001594:	84aa                	mv	s1,a0
80001596:	892e                	mv	s2,a1
80001598:	c501                	beqz	a0,800015a0 <_puts_r+0x1a>
8000159a:	4d1c                	lw	a5,24(a0)
8000159c:	e391                	bnez	a5,800015a0 <_puts_r+0x1a>
8000159e:	23b5                	jal	80001b0a <__sinit>
800015a0:	4c9c                	lw	a5,24(s1)
800015a2:	4480                	lw	s0,8(s1)
800015a4:	e399                	bnez	a5,800015aa <_puts_r+0x24>
800015a6:	8526                	mv	a0,s1
800015a8:	238d                	jal	80001b0a <__sinit>
800015aa:	0000e797          	auipc	a5,0xe
800015ae:	4ae78793          	addi	a5,a5,1198 # 8000fa58 <__sf_fake_stdin>
800015b2:	02f41c63          	bne	s0,a5,800015ea <_puts_r+0x64>
800015b6:	40c0                	lw	s0,4(s1)
800015b8:	00c45783          	lhu	a5,12(s0)
800015bc:	8ba1                	andi	a5,a5,8
800015be:	c7b1                	beqz	a5,8000160a <_puts_r+0x84>
800015c0:	481c                	lw	a5,16(s0)
800015c2:	c7a1                	beqz	a5,8000160a <_puts_r+0x84>
800015c4:	59fd                	li	s3,-1
800015c6:	4a29                	li	s4,10
800015c8:	441c                	lw	a5,8(s0)
800015ca:	00094583          	lbu	a1,0(s2)
800015ce:	17fd                	addi	a5,a5,-1
800015d0:	e9b1                	bnez	a1,80001624 <_puts_r+0x9e>
800015d2:	c41c                	sw	a5,8(s0)
800015d4:	0607de63          	bgez	a5,80001650 <_puts_r+0xca>
800015d8:	8622                	mv	a2,s0
800015da:	45a9                	li	a1,10
800015dc:	8526                	mv	a0,s1
800015de:	2079                	jal	8000166c <__swbuf_r>
800015e0:	57fd                	li	a5,-1
800015e2:	02f50863          	beq	a0,a5,80001612 <_puts_r+0x8c>
800015e6:	4529                	li	a0,10
800015e8:	a035                	j	80001614 <_puts_r+0x8e>
800015ea:	0000e797          	auipc	a5,0xe
800015ee:	48e78793          	addi	a5,a5,1166 # 8000fa78 <__sf_fake_stdout>
800015f2:	00f41463          	bne	s0,a5,800015fa <_puts_r+0x74>
800015f6:	4480                	lw	s0,8(s1)
800015f8:	b7c1                	j	800015b8 <_puts_r+0x32>
800015fa:	0000e797          	auipc	a5,0xe
800015fe:	43e78793          	addi	a5,a5,1086 # 8000fa38 <__sf_fake_stderr>
80001602:	faf41be3          	bne	s0,a5,800015b8 <_puts_r+0x32>
80001606:	44c0                	lw	s0,12(s1)
80001608:	bf45                	j	800015b8 <_puts_r+0x32>
8000160a:	85a2                	mv	a1,s0
8000160c:	8526                	mv	a0,s1
8000160e:	2a39                	jal	8000172c <__swsetup_r>
80001610:	d955                	beqz	a0,800015c4 <_puts_r+0x3e>
80001612:	557d                	li	a0,-1
80001614:	40f2                	lw	ra,28(sp)
80001616:	4462                	lw	s0,24(sp)
80001618:	44d2                	lw	s1,20(sp)
8000161a:	4942                	lw	s2,16(sp)
8000161c:	49b2                	lw	s3,12(sp)
8000161e:	4a22                	lw	s4,8(sp)
80001620:	6105                	addi	sp,sp,32
80001622:	8082                	ret
80001624:	c41c                	sw	a5,8(s0)
80001626:	0905                	addi	s2,s2,1
80001628:	0007d763          	bgez	a5,80001636 <_puts_r+0xb0>
8000162c:	4c18                	lw	a4,24(s0)
8000162e:	00e7cb63          	blt	a5,a4,80001644 <_puts_r+0xbe>
80001632:	01458963          	beq	a1,s4,80001644 <_puts_r+0xbe>
80001636:	401c                	lw	a5,0(s0)
80001638:	00178713          	addi	a4,a5,1
8000163c:	c018                	sw	a4,0(s0)
8000163e:	00b78023          	sb	a1,0(a5)
80001642:	b759                	j	800015c8 <_puts_r+0x42>
80001644:	8622                	mv	a2,s0
80001646:	8526                	mv	a0,s1
80001648:	2015                	jal	8000166c <__swbuf_r>
8000164a:	f7351fe3          	bne	a0,s3,800015c8 <_puts_r+0x42>
8000164e:	b7d1                	j	80001612 <_puts_r+0x8c>
80001650:	401c                	lw	a5,0(s0)
80001652:	00178713          	addi	a4,a5,1
80001656:	c018                	sw	a4,0(s0)
80001658:	4729                	li	a4,10
8000165a:	00e78023          	sb	a4,0(a5)
8000165e:	b761                	j	800015e6 <_puts_r+0x60>

80001660 <puts>:
puts():
80001660:	85aa                	mv	a1,a0
80001662:	8081a503          	lw	a0,-2040(gp) # 90000068 <_impure_ptr>
80001666:	b705                	j	80001586 <_puts_r>

80001668 <isatty>:
isatty():
80001668:	ebaff06f          	j	80000d22 <_isatty>

8000166c <__swbuf_r>:
__swbuf_r():
8000166c:	1101                	addi	sp,sp,-32
8000166e:	cc22                	sw	s0,24(sp)
80001670:	ca26                	sw	s1,20(sp)
80001672:	c84a                	sw	s2,16(sp)
80001674:	ce06                	sw	ra,28(sp)
80001676:	c64e                	sw	s3,12(sp)
80001678:	84aa                	mv	s1,a0
8000167a:	892e                	mv	s2,a1
8000167c:	8432                	mv	s0,a2
8000167e:	c501                	beqz	a0,80001686 <__swbuf_r+0x1a>
80001680:	4d1c                	lw	a5,24(a0)
80001682:	e391                	bnez	a5,80001686 <__swbuf_r+0x1a>
80001684:	2159                	jal	80001b0a <__sinit>
80001686:	0000e797          	auipc	a5,0xe
8000168a:	3d278793          	addi	a5,a5,978 # 8000fa58 <__sf_fake_stdin>
8000168e:	06f41963          	bne	s0,a5,80001700 <__swbuf_r+0x94>
80001692:	40c0                	lw	s0,4(s1)
80001694:	4c1c                	lw	a5,24(s0)
80001696:	c41c                	sw	a5,8(s0)
80001698:	00c45783          	lhu	a5,12(s0)
8000169c:	8ba1                	andi	a5,a5,8
8000169e:	c3c9                	beqz	a5,80001720 <__swbuf_r+0xb4>
800016a0:	481c                	lw	a5,16(s0)
800016a2:	cfbd                	beqz	a5,80001720 <__swbuf_r+0xb4>
800016a4:	481c                	lw	a5,16(s0)
800016a6:	4008                	lw	a0,0(s0)
800016a8:	0ff97993          	andi	s3,s2,255
800016ac:	0ff97913          	andi	s2,s2,255
800016b0:	8d1d                	sub	a0,a0,a5
800016b2:	485c                	lw	a5,20(s0)
800016b4:	00f54663          	blt	a0,a5,800016c0 <__swbuf_r+0x54>
800016b8:	85a2                	mv	a1,s0
800016ba:	8526                	mv	a0,s1
800016bc:	2e15                	jal	800019f0 <_fflush_r>
800016be:	e52d                	bnez	a0,80001728 <__swbuf_r+0xbc>
800016c0:	441c                	lw	a5,8(s0)
800016c2:	0505                	addi	a0,a0,1
800016c4:	17fd                	addi	a5,a5,-1
800016c6:	c41c                	sw	a5,8(s0)
800016c8:	401c                	lw	a5,0(s0)
800016ca:	00178713          	addi	a4,a5,1
800016ce:	c018                	sw	a4,0(s0)
800016d0:	01378023          	sb	s3,0(a5)
800016d4:	485c                	lw	a5,20(s0)
800016d6:	00a78963          	beq	a5,a0,800016e8 <__swbuf_r+0x7c>
800016da:	00c45783          	lhu	a5,12(s0)
800016de:	8b85                	andi	a5,a5,1
800016e0:	cb81                	beqz	a5,800016f0 <__swbuf_r+0x84>
800016e2:	47a9                	li	a5,10
800016e4:	00f91663          	bne	s2,a5,800016f0 <__swbuf_r+0x84>
800016e8:	85a2                	mv	a1,s0
800016ea:	8526                	mv	a0,s1
800016ec:	2611                	jal	800019f0 <_fflush_r>
800016ee:	ed0d                	bnez	a0,80001728 <__swbuf_r+0xbc>
800016f0:	40f2                	lw	ra,28(sp)
800016f2:	4462                	lw	s0,24(sp)
800016f4:	44d2                	lw	s1,20(sp)
800016f6:	49b2                	lw	s3,12(sp)
800016f8:	854a                	mv	a0,s2
800016fa:	4942                	lw	s2,16(sp)
800016fc:	6105                	addi	sp,sp,32
800016fe:	8082                	ret
80001700:	0000e797          	auipc	a5,0xe
80001704:	37878793          	addi	a5,a5,888 # 8000fa78 <__sf_fake_stdout>
80001708:	00f41463          	bne	s0,a5,80001710 <__swbuf_r+0xa4>
8000170c:	4480                	lw	s0,8(s1)
8000170e:	b759                	j	80001694 <__swbuf_r+0x28>
80001710:	0000e797          	auipc	a5,0xe
80001714:	32878793          	addi	a5,a5,808 # 8000fa38 <__sf_fake_stderr>
80001718:	f6f41ee3          	bne	s0,a5,80001694 <__swbuf_r+0x28>
8000171c:	44c0                	lw	s0,12(s1)
8000171e:	bf9d                	j	80001694 <__swbuf_r+0x28>
80001720:	85a2                	mv	a1,s0
80001722:	8526                	mv	a0,s1
80001724:	2021                	jal	8000172c <__swsetup_r>
80001726:	dd3d                	beqz	a0,800016a4 <__swbuf_r+0x38>
80001728:	597d                	li	s2,-1
8000172a:	b7d9                	j	800016f0 <__swbuf_r+0x84>

8000172c <__swsetup_r>:
__swsetup_r():
8000172c:	1141                	addi	sp,sp,-16
8000172e:	c422                	sw	s0,8(sp)
80001730:	c226                	sw	s1,4(sp)
80001732:	c04a                	sw	s2,0(sp)
80001734:	c606                	sw	ra,12(sp)
80001736:	8081a483          	lw	s1,-2040(gp) # 90000068 <_impure_ptr>
8000173a:	892a                	mv	s2,a0
8000173c:	842e                	mv	s0,a1
8000173e:	c489                	beqz	s1,80001748 <__swsetup_r+0x1c>
80001740:	4c9c                	lw	a5,24(s1)
80001742:	e399                	bnez	a5,80001748 <__swsetup_r+0x1c>
80001744:	8526                	mv	a0,s1
80001746:	26d1                	jal	80001b0a <__sinit>
80001748:	0000e797          	auipc	a5,0xe
8000174c:	31078793          	addi	a5,a5,784 # 8000fa58 <__sf_fake_stdin>
80001750:	02f41763          	bne	s0,a5,8000177e <__swsetup_r+0x52>
80001754:	40c0                	lw	s0,4(s1)
80001756:	00c41783          	lh	a5,12(s0)
8000175a:	01079713          	slli	a4,a5,0x10
8000175e:	0087f693          	andi	a3,a5,8
80001762:	8341                	srli	a4,a4,0x10
80001764:	eaad                	bnez	a3,800017d6 <__swsetup_r+0xaa>
80001766:	01077693          	andi	a3,a4,16
8000176a:	ea95                	bnez	a3,8000179e <__swsetup_r+0x72>
8000176c:	4725                	li	a4,9
8000176e:	00e92023          	sw	a4,0(s2)
80001772:	0407e793          	ori	a5,a5,64
80001776:	00f41623          	sh	a5,12(s0)
8000177a:	557d                	li	a0,-1
8000177c:	a871                	j	80001818 <__swsetup_r+0xec>
8000177e:	0000e797          	auipc	a5,0xe
80001782:	2fa78793          	addi	a5,a5,762 # 8000fa78 <__sf_fake_stdout>
80001786:	00f41463          	bne	s0,a5,8000178e <__swsetup_r+0x62>
8000178a:	4480                	lw	s0,8(s1)
8000178c:	b7e9                	j	80001756 <__swsetup_r+0x2a>
8000178e:	0000e797          	auipc	a5,0xe
80001792:	2aa78793          	addi	a5,a5,682 # 8000fa38 <__sf_fake_stderr>
80001796:	fcf410e3          	bne	s0,a5,80001756 <__swsetup_r+0x2a>
8000179a:	44c0                	lw	s0,12(s1)
8000179c:	bf6d                	j	80001756 <__swsetup_r+0x2a>
8000179e:	8b11                	andi	a4,a4,4
800017a0:	c70d                	beqz	a4,800017ca <__swsetup_r+0x9e>
800017a2:	584c                	lw	a1,52(s0)
800017a4:	c989                	beqz	a1,800017b6 <__swsetup_r+0x8a>
800017a6:	04440793          	addi	a5,s0,68
800017aa:	00f58463          	beq	a1,a5,800017b2 <__swsetup_r+0x86>
800017ae:	854a                	mv	a0,s2
800017b0:	2585                	jal	80001e10 <_free_r>
800017b2:	02042a23          	sw	zero,52(s0)
800017b6:	00c45783          	lhu	a5,12(s0)
800017ba:	00042223          	sw	zero,4(s0)
800017be:	fdb7f793          	andi	a5,a5,-37
800017c2:	00f41623          	sh	a5,12(s0)
800017c6:	481c                	lw	a5,16(s0)
800017c8:	c01c                	sw	a5,0(s0)
800017ca:	00c45783          	lhu	a5,12(s0)
800017ce:	0087e793          	ori	a5,a5,8
800017d2:	00f41623          	sh	a5,12(s0)
800017d6:	481c                	lw	a5,16(s0)
800017d8:	ef81                	bnez	a5,800017f0 <__swsetup_r+0xc4>
800017da:	00c45783          	lhu	a5,12(s0)
800017de:	20000713          	li	a4,512
800017e2:	2807f793          	andi	a5,a5,640
800017e6:	00e78563          	beq	a5,a4,800017f0 <__swsetup_r+0xc4>
800017ea:	85a2                	mv	a1,s0
800017ec:	854a                	mv	a0,s2
800017ee:	29f9                	jal	80001ccc <__smakebuf_r>
800017f0:	00c41783          	lh	a5,12(s0)
800017f4:	01079713          	slli	a4,a5,0x10
800017f8:	0017f693          	andi	a3,a5,1
800017fc:	8341                	srli	a4,a4,0x10
800017fe:	c29d                	beqz	a3,80001824 <__swsetup_r+0xf8>
80001800:	4854                	lw	a3,20(s0)
80001802:	00042423          	sw	zero,8(s0)
80001806:	40d006b3          	neg	a3,a3
8000180a:	cc14                	sw	a3,24(s0)
8000180c:	4814                	lw	a3,16(s0)
8000180e:	4501                	li	a0,0
80001810:	e681                	bnez	a3,80001818 <__swsetup_r+0xec>
80001812:	08077713          	andi	a4,a4,128
80001816:	ff31                	bnez	a4,80001772 <__swsetup_r+0x46>
80001818:	40b2                	lw	ra,12(sp)
8000181a:	4422                	lw	s0,8(sp)
8000181c:	4492                	lw	s1,4(sp)
8000181e:	4902                	lw	s2,0(sp)
80001820:	0141                	addi	sp,sp,16
80001822:	8082                	ret
80001824:	00277693          	andi	a3,a4,2
80001828:	4601                	li	a2,0
8000182a:	e291                	bnez	a3,8000182e <__swsetup_r+0x102>
8000182c:	4850                	lw	a2,20(s0)
8000182e:	c410                	sw	a2,8(s0)
80001830:	bff1                	j	8000180c <__swsetup_r+0xe0>

80001832 <__register_exitproc>:
__register_exitproc():
80001832:	88aa                	mv	a7,a0
80001834:	81818513          	addi	a0,gp,-2024 # 90000078 <_global_atexit>
80001838:	411c                	lw	a5,0(a0)
8000183a:	ef91                	bnez	a5,80001856 <__register_exitproc+0x24>
8000183c:	10002717          	auipc	a4,0x10002
80001840:	2c470713          	addi	a4,a4,708 # 90003b00 <_global_atexit0>
80001844:	c118                	sw	a4,0(a0)
80001846:	00000513          	li	a0,0
8000184a:	87ba                	mv	a5,a4
8000184c:	c509                	beqz	a0,80001856 <__register_exitproc+0x24>
8000184e:	411c                	lw	a5,0(a0)
80001850:	08f72423          	sw	a5,136(a4)
80001854:	87ba                	mv	a5,a4
80001856:	43d8                	lw	a4,4(a5)
80001858:	487d                	li	a6,31
8000185a:	557d                	li	a0,-1
8000185c:	04e84663          	blt	a6,a4,800018a8 <__register_exitproc+0x76>
80001860:	02088d63          	beqz	a7,8000189a <__register_exitproc+0x68>
80001864:	0887a803          	lw	a6,136(a5)
80001868:	04080063          	beqz	a6,800018a8 <__register_exitproc+0x76>
8000186c:	00271513          	slli	a0,a4,0x2
80001870:	9542                	add	a0,a0,a6
80001872:	c110                	sw	a2,0(a0)
80001874:	10082303          	lw	t1,256(a6)
80001878:	4605                	li	a2,1
8000187a:	00e61633          	sll	a2,a2,a4
8000187e:	00c36333          	or	t1,t1,a2
80001882:	10682023          	sw	t1,256(a6)
80001886:	08d52023          	sw	a3,128(a0)
8000188a:	4689                	li	a3,2
8000188c:	00d89763          	bne	a7,a3,8000189a <__register_exitproc+0x68>
80001890:	10482683          	lw	a3,260(a6)
80001894:	8e55                	or	a2,a2,a3
80001896:	10c82223          	sw	a2,260(a6)
8000189a:	00170693          	addi	a3,a4,1
8000189e:	070a                	slli	a4,a4,0x2
800018a0:	c3d4                	sw	a3,4(a5)
800018a2:	97ba                	add	a5,a5,a4
800018a4:	c78c                	sw	a1,8(a5)
800018a6:	4501                	li	a0,0
800018a8:	8082                	ret

800018aa <__sflush_r>:
__sflush_r():
800018aa:	00c5d783          	lhu	a5,12(a1)
800018ae:	1101                	addi	sp,sp,-32
800018b0:	cc22                	sw	s0,24(sp)
800018b2:	ca26                	sw	s1,20(sp)
800018b4:	ce06                	sw	ra,28(sp)
800018b6:	c84a                	sw	s2,16(sp)
800018b8:	c64e                	sw	s3,12(sp)
800018ba:	0087f713          	andi	a4,a5,8
800018be:	84aa                	mv	s1,a0
800018c0:	842e                	mv	s0,a1
800018c2:	e375                	bnez	a4,800019a6 <__sflush_r+0xfc>
800018c4:	41d8                	lw	a4,4(a1)
800018c6:	00e04763          	bgtz	a4,800018d4 <__sflush_r+0x2a>
800018ca:	41b8                	lw	a4,64(a1)
800018cc:	00e04463          	bgtz	a4,800018d4 <__sflush_r+0x2a>
800018d0:	4501                	li	a0,0
800018d2:	a875                	j	8000198e <__sflush_r+0xe4>
800018d4:	5458                	lw	a4,44(s0)
800018d6:	df6d                	beqz	a4,800018d0 <__sflush_r+0x26>
800018d8:	6685                	lui	a3,0x1
800018da:	0004a903          	lw	s2,0(s1)
800018de:	8ff5                	and	a5,a5,a3
800018e0:	0004a023          	sw	zero,0(s1)
800018e4:	cfa5                	beqz	a5,8000195c <__sflush_r+0xb2>
800018e6:	4868                	lw	a0,84(s0)
800018e8:	00c45783          	lhu	a5,12(s0)
800018ec:	8b91                	andi	a5,a5,4
800018ee:	c799                	beqz	a5,800018fc <__sflush_r+0x52>
800018f0:	405c                	lw	a5,4(s0)
800018f2:	8d1d                	sub	a0,a0,a5
800018f4:	585c                	lw	a5,52(s0)
800018f6:	c399                	beqz	a5,800018fc <__sflush_r+0x52>
800018f8:	403c                	lw	a5,64(s0)
800018fa:	8d1d                	sub	a0,a0,a5
800018fc:	545c                	lw	a5,44(s0)
800018fe:	500c                	lw	a1,32(s0)
80001900:	862a                	mv	a2,a0
80001902:	4681                	li	a3,0
80001904:	8526                	mv	a0,s1
80001906:	9782                	jalr	a5
80001908:	57fd                	li	a5,-1
8000190a:	00c45703          	lhu	a4,12(s0)
8000190e:	00f51d63          	bne	a0,a5,80001928 <__sflush_r+0x7e>
80001912:	4094                	lw	a3,0(s1)
80001914:	47f5                	li	a5,29
80001916:	08d7e363          	bltu	a5,a3,8000199c <__sflush_r+0xf2>
8000191a:	204007b7          	lui	a5,0x20400
8000191e:	0785                	addi	a5,a5,1
80001920:	00d7d7b3          	srl	a5,a5,a3
80001924:	8b85                	andi	a5,a5,1
80001926:	cbbd                	beqz	a5,8000199c <__sflush_r+0xf2>
80001928:	481c                	lw	a5,16(s0)
8000192a:	00042223          	sw	zero,4(s0)
8000192e:	c01c                	sw	a5,0(s0)
80001930:	6785                	lui	a5,0x1
80001932:	8f7d                	and	a4,a4,a5
80001934:	c719                	beqz	a4,80001942 <__sflush_r+0x98>
80001936:	57fd                	li	a5,-1
80001938:	00f51463          	bne	a0,a5,80001940 <__sflush_r+0x96>
8000193c:	409c                	lw	a5,0(s1)
8000193e:	e391                	bnez	a5,80001942 <__sflush_r+0x98>
80001940:	c868                	sw	a0,84(s0)
80001942:	584c                	lw	a1,52(s0)
80001944:	0124a023          	sw	s2,0(s1)
80001948:	d5c1                	beqz	a1,800018d0 <__sflush_r+0x26>
8000194a:	04440793          	addi	a5,s0,68
8000194e:	00f58463          	beq	a1,a5,80001956 <__sflush_r+0xac>
80001952:	8526                	mv	a0,s1
80001954:	2975                	jal	80001e10 <_free_r>
80001956:	02042a23          	sw	zero,52(s0)
8000195a:	bf9d                	j	800018d0 <__sflush_r+0x26>
8000195c:	500c                	lw	a1,32(s0)
8000195e:	4685                	li	a3,1
80001960:	4601                	li	a2,0
80001962:	8526                	mv	a0,s1
80001964:	9702                	jalr	a4
80001966:	57fd                	li	a5,-1
80001968:	f8f510e3          	bne	a0,a5,800018e8 <__sflush_r+0x3e>
8000196c:	409c                	lw	a5,0(s1)
8000196e:	dfad                	beqz	a5,800018e8 <__sflush_r+0x3e>
80001970:	4775                	li	a4,29
80001972:	00e78563          	beq	a5,a4,8000197c <__sflush_r+0xd2>
80001976:	4759                	li	a4,22
80001978:	00e79563          	bne	a5,a4,80001982 <__sflush_r+0xd8>
8000197c:	0124a023          	sw	s2,0(s1)
80001980:	bf81                	j	800018d0 <__sflush_r+0x26>
80001982:	00c45783          	lhu	a5,12(s0)
80001986:	0407e793          	ori	a5,a5,64
8000198a:	00f41623          	sh	a5,12(s0)
8000198e:	40f2                	lw	ra,28(sp)
80001990:	4462                	lw	s0,24(sp)
80001992:	44d2                	lw	s1,20(sp)
80001994:	4942                	lw	s2,16(sp)
80001996:	49b2                	lw	s3,12(sp)
80001998:	6105                	addi	sp,sp,32
8000199a:	8082                	ret
8000199c:	04076713          	ori	a4,a4,64
800019a0:	00e41623          	sh	a4,12(s0)
800019a4:	b7ed                	j	8000198e <__sflush_r+0xe4>
800019a6:	0105a983          	lw	s3,16(a1)
800019aa:	f20983e3          	beqz	s3,800018d0 <__sflush_r+0x26>
800019ae:	0005a903          	lw	s2,0(a1)
800019b2:	8b8d                	andi	a5,a5,3
800019b4:	0135a023          	sw	s3,0(a1)
800019b8:	41390933          	sub	s2,s2,s3
800019bc:	4701                	li	a4,0
800019be:	e391                	bnez	a5,800019c2 <__sflush_r+0x118>
800019c0:	49d8                	lw	a4,20(a1)
800019c2:	c418                	sw	a4,8(s0)
800019c4:	f12056e3          	blez	s2,800018d0 <__sflush_r+0x26>
800019c8:	541c                	lw	a5,40(s0)
800019ca:	500c                	lw	a1,32(s0)
800019cc:	86ca                	mv	a3,s2
800019ce:	864e                	mv	a2,s3
800019d0:	8526                	mv	a0,s1
800019d2:	9782                	jalr	a5
800019d4:	00a04a63          	bgtz	a0,800019e8 <__sflush_r+0x13e>
800019d8:	00c45783          	lhu	a5,12(s0)
800019dc:	557d                	li	a0,-1
800019de:	0407e793          	ori	a5,a5,64
800019e2:	00f41623          	sh	a5,12(s0)
800019e6:	b765                	j	8000198e <__sflush_r+0xe4>
800019e8:	99aa                	add	s3,s3,a0
800019ea:	40a90933          	sub	s2,s2,a0
800019ee:	bfd9                	j	800019c4 <__sflush_r+0x11a>

800019f0 <_fflush_r>:
_fflush_r():
800019f0:	499c                	lw	a5,16(a1)
800019f2:	cfb9                	beqz	a5,80001a50 <_fflush_r+0x60>
800019f4:	1101                	addi	sp,sp,-32
800019f6:	cc22                	sw	s0,24(sp)
800019f8:	ce06                	sw	ra,28(sp)
800019fa:	842a                	mv	s0,a0
800019fc:	c511                	beqz	a0,80001a08 <_fflush_r+0x18>
800019fe:	4d1c                	lw	a5,24(a0)
80001a00:	e781                	bnez	a5,80001a08 <_fflush_r+0x18>
80001a02:	c62e                	sw	a1,12(sp)
80001a04:	2219                	jal	80001b0a <__sinit>
80001a06:	45b2                	lw	a1,12(sp)
80001a08:	0000e797          	auipc	a5,0xe
80001a0c:	05078793          	addi	a5,a5,80 # 8000fa58 <__sf_fake_stdin>
80001a10:	00f59b63          	bne	a1,a5,80001a26 <_fflush_r+0x36>
80001a14:	404c                	lw	a1,4(s0)
80001a16:	00c59783          	lh	a5,12(a1)
80001a1a:	c795                	beqz	a5,80001a46 <_fflush_r+0x56>
80001a1c:	8522                	mv	a0,s0
80001a1e:	4462                	lw	s0,24(sp)
80001a20:	40f2                	lw	ra,28(sp)
80001a22:	6105                	addi	sp,sp,32
80001a24:	b559                	j	800018aa <__sflush_r>
80001a26:	0000e797          	auipc	a5,0xe
80001a2a:	05278793          	addi	a5,a5,82 # 8000fa78 <__sf_fake_stdout>
80001a2e:	00f59463          	bne	a1,a5,80001a36 <_fflush_r+0x46>
80001a32:	440c                	lw	a1,8(s0)
80001a34:	b7cd                	j	80001a16 <_fflush_r+0x26>
80001a36:	0000e797          	auipc	a5,0xe
80001a3a:	00278793          	addi	a5,a5,2 # 8000fa38 <__sf_fake_stderr>
80001a3e:	fcf59ce3          	bne	a1,a5,80001a16 <_fflush_r+0x26>
80001a42:	444c                	lw	a1,12(s0)
80001a44:	bfc9                	j	80001a16 <_fflush_r+0x26>
80001a46:	40f2                	lw	ra,28(sp)
80001a48:	4462                	lw	s0,24(sp)
80001a4a:	4501                	li	a0,0
80001a4c:	6105                	addi	sp,sp,32
80001a4e:	8082                	ret
80001a50:	4501                	li	a0,0
80001a52:	8082                	ret

80001a54 <std>:
std():
80001a54:	1141                	addi	sp,sp,-16
80001a56:	c422                	sw	s0,8(sp)
80001a58:	c606                	sw	ra,12(sp)
80001a5a:	842a                	mv	s0,a0
80001a5c:	00b51623          	sh	a1,12(a0)
80001a60:	00c51723          	sh	a2,14(a0)
80001a64:	00052023          	sw	zero,0(a0)
80001a68:	00052223          	sw	zero,4(a0)
80001a6c:	00052423          	sw	zero,8(a0)
80001a70:	06052223          	sw	zero,100(a0)
80001a74:	00052823          	sw	zero,16(a0)
80001a78:	00052a23          	sw	zero,20(a0)
80001a7c:	00052c23          	sw	zero,24(a0)
80001a80:	4621                	li	a2,8
80001a82:	4581                	li	a1,0
80001a84:	05c50513          	addi	a0,a0,92
80001a88:	24c5                	jal	80001d68 <memset>
80001a8a:	00001797          	auipc	a5,0x1
80001a8e:	81c78793          	addi	a5,a5,-2020 # 800022a6 <__sread>
80001a92:	d05c                	sw	a5,36(s0)
80001a94:	00001797          	auipc	a5,0x1
80001a98:	84278793          	addi	a5,a5,-1982 # 800022d6 <__swrite>
80001a9c:	d41c                	sw	a5,40(s0)
80001a9e:	00001797          	auipc	a5,0x1
80001aa2:	88678793          	addi	a5,a5,-1914 # 80002324 <__sseek>
80001aa6:	d45c                	sw	a5,44(s0)
80001aa8:	00001797          	auipc	a5,0x1
80001aac:	8b278793          	addi	a5,a5,-1870 # 8000235a <__sclose>
80001ab0:	40b2                	lw	ra,12(sp)
80001ab2:	d000                	sw	s0,32(s0)
80001ab4:	d81c                	sw	a5,48(s0)
80001ab6:	4422                	lw	s0,8(sp)
80001ab8:	0141                	addi	sp,sp,16
80001aba:	8082                	ret

80001abc <_cleanup_r>:
_cleanup_r():
80001abc:	00000597          	auipc	a1,0x0
80001ac0:	f3458593          	addi	a1,a1,-204 # 800019f0 <_fflush_r>
80001ac4:	a291                	j	80001c08 <_fwalk_reent>

80001ac6 <__sfmoreglue>:
__sfmoreglue():
80001ac6:	1141                	addi	sp,sp,-16
80001ac8:	c226                	sw	s1,4(sp)
80001aca:	06800613          	li	a2,104
80001ace:	fff58493          	addi	s1,a1,-1
80001ad2:	02c484b3          	mul	s1,s1,a2
80001ad6:	c04a                	sw	s2,0(sp)
80001ad8:	892e                	mv	s2,a1
80001ada:	c422                	sw	s0,8(sp)
80001adc:	c606                	sw	ra,12(sp)
80001ade:	07448593          	addi	a1,s1,116
80001ae2:	26f1                	jal	80001eae <_malloc_r>
80001ae4:	842a                	mv	s0,a0
80001ae6:	c919                	beqz	a0,80001afc <__sfmoreglue+0x36>
80001ae8:	00052023          	sw	zero,0(a0)
80001aec:	01252223          	sw	s2,4(a0)
80001af0:	0531                	addi	a0,a0,12
80001af2:	c408                	sw	a0,8(s0)
80001af4:	06848613          	addi	a2,s1,104
80001af8:	4581                	li	a1,0
80001afa:	24bd                	jal	80001d68 <memset>
80001afc:	40b2                	lw	ra,12(sp)
80001afe:	8522                	mv	a0,s0
80001b00:	4422                	lw	s0,8(sp)
80001b02:	4492                	lw	s1,4(sp)
80001b04:	4902                	lw	s2,0(sp)
80001b06:	0141                	addi	sp,sp,16
80001b08:	8082                	ret

80001b0a <__sinit>:
__sinit():
80001b0a:	4d1c                	lw	a5,24(a0)
80001b0c:	e3ad                	bnez	a5,80001b6e <__sinit+0x64>
80001b0e:	1141                	addi	sp,sp,-16
80001b10:	c422                	sw	s0,8(sp)
80001b12:	c606                	sw	ra,12(sp)
80001b14:	00000797          	auipc	a5,0x0
80001b18:	fa878793          	addi	a5,a5,-88 # 80001abc <_cleanup_r>
80001b1c:	d51c                	sw	a5,40(a0)
80001b1e:	04052423          	sw	zero,72(a0)
80001b22:	04052623          	sw	zero,76(a0)
80001b26:	04052823          	sw	zero,80(a0)
80001b2a:	8101a783          	lw	a5,-2032(gp) # 90000070 <_global_impure_ptr>
80001b2e:	842a                	mv	s0,a0
80001b30:	00f51463          	bne	a0,a5,80001b38 <__sinit+0x2e>
80001b34:	4785                	li	a5,1
80001b36:	cd1c                	sw	a5,24(a0)
80001b38:	8522                	mv	a0,s0
80001b3a:	281d                	jal	80001b70 <__sfp>
80001b3c:	c048                	sw	a0,4(s0)
80001b3e:	8522                	mv	a0,s0
80001b40:	2805                	jal	80001b70 <__sfp>
80001b42:	c408                	sw	a0,8(s0)
80001b44:	8522                	mv	a0,s0
80001b46:	202d                	jal	80001b70 <__sfp>
80001b48:	c448                	sw	a0,12(s0)
80001b4a:	4048                	lw	a0,4(s0)
80001b4c:	4601                	li	a2,0
80001b4e:	4591                	li	a1,4
80001b50:	3711                	jal	80001a54 <std>
80001b52:	4408                	lw	a0,8(s0)
80001b54:	4605                	li	a2,1
80001b56:	45a5                	li	a1,9
80001b58:	3df5                	jal	80001a54 <std>
80001b5a:	4448                	lw	a0,12(s0)
80001b5c:	4609                	li	a2,2
80001b5e:	45c9                	li	a1,18
80001b60:	3dd5                	jal	80001a54 <std>
80001b62:	4785                	li	a5,1
80001b64:	40b2                	lw	ra,12(sp)
80001b66:	cc1c                	sw	a5,24(s0)
80001b68:	4422                	lw	s0,8(sp)
80001b6a:	0141                	addi	sp,sp,16
80001b6c:	8082                	ret
80001b6e:	8082                	ret

80001b70 <__sfp>:
__sfp():
80001b70:	1141                	addi	sp,sp,-16
80001b72:	c226                	sw	s1,4(sp)
80001b74:	8101a483          	lw	s1,-2032(gp) # 90000070 <_global_impure_ptr>
80001b78:	4c9c                	lw	a5,24(s1)
80001b7a:	c04a                	sw	s2,0(sp)
80001b7c:	c606                	sw	ra,12(sp)
80001b7e:	c422                	sw	s0,8(sp)
80001b80:	892a                	mv	s2,a0
80001b82:	e399                	bnez	a5,80001b88 <__sfp+0x18>
80001b84:	8526                	mv	a0,s1
80001b86:	3751                	jal	80001b0a <__sinit>
80001b88:	04848493          	addi	s1,s1,72
80001b8c:	4480                	lw	s0,8(s1)
80001b8e:	40dc                	lw	a5,4(s1)
80001b90:	17fd                	addi	a5,a5,-1
80001b92:	0007d663          	bgez	a5,80001b9e <__sfp+0x2e>
80001b96:	409c                	lw	a5,0(s1)
80001b98:	cfb1                	beqz	a5,80001bf4 <__sfp+0x84>
80001b9a:	4084                	lw	s1,0(s1)
80001b9c:	bfc5                	j	80001b8c <__sfp+0x1c>
80001b9e:	00c41703          	lh	a4,12(s0)
80001ba2:	e731                	bnez	a4,80001bee <__sfp+0x7e>
80001ba4:	77c1                	lui	a5,0xffff0
80001ba6:	0785                	addi	a5,a5,1
80001ba8:	06042223          	sw	zero,100(s0)
80001bac:	00042023          	sw	zero,0(s0)
80001bb0:	00042223          	sw	zero,4(s0)
80001bb4:	00042423          	sw	zero,8(s0)
80001bb8:	c45c                	sw	a5,12(s0)
80001bba:	00042823          	sw	zero,16(s0)
80001bbe:	00042a23          	sw	zero,20(s0)
80001bc2:	00042c23          	sw	zero,24(s0)
80001bc6:	4621                	li	a2,8
80001bc8:	4581                	li	a1,0
80001bca:	05c40513          	addi	a0,s0,92
80001bce:	2a69                	jal	80001d68 <memset>
80001bd0:	02042a23          	sw	zero,52(s0)
80001bd4:	02042c23          	sw	zero,56(s0)
80001bd8:	04042423          	sw	zero,72(s0)
80001bdc:	04042623          	sw	zero,76(s0)
80001be0:	40b2                	lw	ra,12(sp)
80001be2:	8522                	mv	a0,s0
80001be4:	4422                	lw	s0,8(sp)
80001be6:	4492                	lw	s1,4(sp)
80001be8:	4902                	lw	s2,0(sp)
80001bea:	0141                	addi	sp,sp,16
80001bec:	8082                	ret
80001bee:	06840413          	addi	s0,s0,104
80001bf2:	bf79                	j	80001b90 <__sfp+0x20>
80001bf4:	4591                	li	a1,4
80001bf6:	854a                	mv	a0,s2
80001bf8:	35f9                	jal	80001ac6 <__sfmoreglue>
80001bfa:	c088                	sw	a0,0(s1)
80001bfc:	842a                	mv	s0,a0
80001bfe:	fd51                	bnez	a0,80001b9a <__sfp+0x2a>
80001c00:	47b1                	li	a5,12
80001c02:	00f92023          	sw	a5,0(s2)
80001c06:	bfe9                	j	80001be0 <__sfp+0x70>

80001c08 <_fwalk_reent>:
_fwalk_reent():
80001c08:	7179                	addi	sp,sp,-48
80001c0a:	d422                	sw	s0,40(sp)
80001c0c:	d04a                	sw	s2,32(sp)
80001c0e:	ce4e                	sw	s3,28(sp)
80001c10:	cc52                	sw	s4,24(sp)
80001c12:	c85a                	sw	s6,16(sp)
80001c14:	c65e                	sw	s7,12(sp)
80001c16:	d606                	sw	ra,44(sp)
80001c18:	d226                	sw	s1,36(sp)
80001c1a:	ca56                	sw	s5,20(sp)
80001c1c:	892a                	mv	s2,a0
80001c1e:	8a2e                	mv	s4,a1
80001c20:	04850413          	addi	s0,a0,72
80001c24:	4981                	li	s3,0
80001c26:	4b05                	li	s6,1
80001c28:	5bfd                	li	s7,-1
80001c2a:	4404                	lw	s1,8(s0)
80001c2c:	00442a83          	lw	s5,4(s0)
80001c30:	1afd                	addi	s5,s5,-1
80001c32:	020ad063          	bgez	s5,80001c52 <_fwalk_reent+0x4a>
80001c36:	4000                	lw	s0,0(s0)
80001c38:	f86d                	bnez	s0,80001c2a <_fwalk_reent+0x22>
80001c3a:	50b2                	lw	ra,44(sp)
80001c3c:	5422                	lw	s0,40(sp)
80001c3e:	5492                	lw	s1,36(sp)
80001c40:	5902                	lw	s2,32(sp)
80001c42:	4a62                	lw	s4,24(sp)
80001c44:	4ad2                	lw	s5,20(sp)
80001c46:	4b42                	lw	s6,16(sp)
80001c48:	4bb2                	lw	s7,12(sp)
80001c4a:	854e                	mv	a0,s3
80001c4c:	49f2                	lw	s3,28(sp)
80001c4e:	6145                	addi	sp,sp,48
80001c50:	8082                	ret
80001c52:	00c4d783          	lhu	a5,12(s1)
80001c56:	00fb7b63          	bgeu	s6,a5,80001c6c <_fwalk_reent+0x64>
80001c5a:	00e49783          	lh	a5,14(s1)
80001c5e:	01778763          	beq	a5,s7,80001c6c <_fwalk_reent+0x64>
80001c62:	85a6                	mv	a1,s1
80001c64:	854a                	mv	a0,s2
80001c66:	9a02                	jalr	s4
80001c68:	00a9e9b3          	or	s3,s3,a0
80001c6c:	06848493          	addi	s1,s1,104
80001c70:	b7c1                	j	80001c30 <_fwalk_reent+0x28>

80001c72 <__swhatbuf_r>:
__swhatbuf_r():
80001c72:	7159                	addi	sp,sp,-112
80001c74:	d0ca                	sw	s2,96(sp)
80001c76:	892e                	mv	s2,a1
80001c78:	00e59583          	lh	a1,14(a1)
80001c7c:	d4a2                	sw	s0,104(sp)
80001c7e:	d2a6                	sw	s1,100(sp)
80001c80:	d686                	sw	ra,108(sp)
80001c82:	8432                	mv	s0,a2
80001c84:	84b6                	mv	s1,a3
80001c86:	0005dc63          	bgez	a1,80001c9e <__swhatbuf_r+0x2c>
80001c8a:	00c91783          	lh	a5,12(s2)
80001c8e:	0004a023          	sw	zero,0(s1)
80001c92:	0807f793          	andi	a5,a5,128
80001c96:	e38d                	bnez	a5,80001cb8 <__swhatbuf_r+0x46>
80001c98:	40000793          	li	a5,1024
80001c9c:	a005                	j	80001cbc <__swhatbuf_r+0x4a>
80001c9e:	0030                	addi	a2,sp,8
80001ca0:	2f11                	jal	800023b4 <_fstat_r>
80001ca2:	fe0544e3          	bltz	a0,80001c8a <__swhatbuf_r+0x18>
80001ca6:	4732                	lw	a4,12(sp)
80001ca8:	67bd                	lui	a5,0xf
80001caa:	8ff9                	and	a5,a5,a4
80001cac:	7779                	lui	a4,0xffffe
80001cae:	97ba                	add	a5,a5,a4
80001cb0:	0017b793          	seqz	a5,a5
80001cb4:	c09c                	sw	a5,0(s1)
80001cb6:	b7cd                	j	80001c98 <__swhatbuf_r+0x26>
80001cb8:	04000793          	li	a5,64
80001cbc:	50b6                	lw	ra,108(sp)
80001cbe:	c01c                	sw	a5,0(s0)
80001cc0:	5426                	lw	s0,104(sp)
80001cc2:	5496                	lw	s1,100(sp)
80001cc4:	5906                	lw	s2,96(sp)
80001cc6:	4501                	li	a0,0
80001cc8:	6165                	addi	sp,sp,112
80001cca:	8082                	ret

80001ccc <__smakebuf_r>:
__smakebuf_r():
80001ccc:	00c5d783          	lhu	a5,12(a1)
80001cd0:	1101                	addi	sp,sp,-32
80001cd2:	cc22                	sw	s0,24(sp)
80001cd4:	ce06                	sw	ra,28(sp)
80001cd6:	ca26                	sw	s1,20(sp)
80001cd8:	c84a                	sw	s2,16(sp)
80001cda:	8b89                	andi	a5,a5,2
80001cdc:	842e                	mv	s0,a1
80001cde:	cf89                	beqz	a5,80001cf8 <__smakebuf_r+0x2c>
80001ce0:	04740793          	addi	a5,s0,71
80001ce4:	c01c                	sw	a5,0(s0)
80001ce6:	c81c                	sw	a5,16(s0)
80001ce8:	4785                	li	a5,1
80001cea:	c85c                	sw	a5,20(s0)
80001cec:	40f2                	lw	ra,28(sp)
80001cee:	4462                	lw	s0,24(sp)
80001cf0:	44d2                	lw	s1,20(sp)
80001cf2:	4942                	lw	s2,16(sp)
80001cf4:	6105                	addi	sp,sp,32
80001cf6:	8082                	ret
80001cf8:	0074                	addi	a3,sp,12
80001cfa:	0030                	addi	a2,sp,8
80001cfc:	892a                	mv	s2,a0
80001cfe:	3f95                	jal	80001c72 <__swhatbuf_r>
80001d00:	45a2                	lw	a1,8(sp)
80001d02:	84aa                	mv	s1,a0
80001d04:	854a                	mv	a0,s2
80001d06:	2265                	jal	80001eae <_malloc_r>
80001d08:	ed01                	bnez	a0,80001d20 <__smakebuf_r+0x54>
80001d0a:	00c41783          	lh	a5,12(s0)
80001d0e:	2007f713          	andi	a4,a5,512
80001d12:	ff69                	bnez	a4,80001cec <__smakebuf_r+0x20>
80001d14:	9bf1                	andi	a5,a5,-4
80001d16:	0027e793          	ori	a5,a5,2
80001d1a:	00f41623          	sh	a5,12(s0)
80001d1e:	b7c9                	j	80001ce0 <__smakebuf_r+0x14>
80001d20:	00000797          	auipc	a5,0x0
80001d24:	d9c78793          	addi	a5,a5,-612 # 80001abc <_cleanup_r>
80001d28:	02f92423          	sw	a5,40(s2)
80001d2c:	00c45783          	lhu	a5,12(s0)
80001d30:	c008                	sw	a0,0(s0)
80001d32:	c808                	sw	a0,16(s0)
80001d34:	0807e793          	ori	a5,a5,128
80001d38:	00f41623          	sh	a5,12(s0)
80001d3c:	47a2                	lw	a5,8(sp)
80001d3e:	c85c                	sw	a5,20(s0)
80001d40:	47b2                	lw	a5,12(sp)
80001d42:	cf89                	beqz	a5,80001d5c <__smakebuf_r+0x90>
80001d44:	00e41583          	lh	a1,14(s0)
80001d48:	854a                	mv	a0,s2
80001d4a:	2d51                	jal	800023de <_isatty_r>
80001d4c:	c901                	beqz	a0,80001d5c <__smakebuf_r+0x90>
80001d4e:	00c45783          	lhu	a5,12(s0)
80001d52:	9bf1                	andi	a5,a5,-4
80001d54:	0017e793          	ori	a5,a5,1
80001d58:	00f41623          	sh	a5,12(s0)
80001d5c:	00c45503          	lhu	a0,12(s0)
80001d60:	8cc9                	or	s1,s1,a0
80001d62:	00941623          	sh	s1,12(s0)
80001d66:	b759                	j	80001cec <__smakebuf_r+0x20>

80001d68 <memset>:
memset():
80001d68:	433d                	li	t1,15
80001d6a:	872a                	mv	a4,a0
80001d6c:	02c37363          	bgeu	t1,a2,80001d92 <memset+0x2a>
80001d70:	00f77793          	andi	a5,a4,15
80001d74:	efbd                	bnez	a5,80001df2 <memset+0x8a>
80001d76:	e5ad                	bnez	a1,80001de0 <memset+0x78>
80001d78:	ff067693          	andi	a3,a2,-16
80001d7c:	8a3d                	andi	a2,a2,15
80001d7e:	96ba                	add	a3,a3,a4
80001d80:	c30c                	sw	a1,0(a4)
80001d82:	c34c                	sw	a1,4(a4)
80001d84:	c70c                	sw	a1,8(a4)
80001d86:	c74c                	sw	a1,12(a4)
80001d88:	0741                	addi	a4,a4,16
80001d8a:	fed76be3          	bltu	a4,a3,80001d80 <memset+0x18>
80001d8e:	e211                	bnez	a2,80001d92 <memset+0x2a>
80001d90:	8082                	ret
80001d92:	40c306b3          	sub	a3,t1,a2
80001d96:	068a                	slli	a3,a3,0x2
80001d98:	00000297          	auipc	t0,0x0
80001d9c:	9696                	add	a3,a3,t0
80001d9e:	00a68067          	jr	10(a3) # 100a <__stack_size+0x80a>
80001da2:	00b70723          	sb	a1,14(a4) # ffffe00e <_sp+0x6ffee00e>
80001da6:	00b706a3          	sb	a1,13(a4)
80001daa:	00b70623          	sb	a1,12(a4)
80001dae:	00b705a3          	sb	a1,11(a4)
80001db2:	00b70523          	sb	a1,10(a4)
80001db6:	00b704a3          	sb	a1,9(a4)
80001dba:	00b70423          	sb	a1,8(a4)
80001dbe:	00b703a3          	sb	a1,7(a4)
80001dc2:	00b70323          	sb	a1,6(a4)
80001dc6:	00b702a3          	sb	a1,5(a4)
80001dca:	00b70223          	sb	a1,4(a4)
80001dce:	00b701a3          	sb	a1,3(a4)
80001dd2:	00b70123          	sb	a1,2(a4)
80001dd6:	00b700a3          	sb	a1,1(a4)
80001dda:	00b70023          	sb	a1,0(a4)
80001dde:	8082                	ret
80001de0:	0ff5f593          	andi	a1,a1,255
80001de4:	00859693          	slli	a3,a1,0x8
80001de8:	8dd5                	or	a1,a1,a3
80001dea:	01059693          	slli	a3,a1,0x10
80001dee:	8dd5                	or	a1,a1,a3
80001df0:	b761                	j	80001d78 <memset+0x10>
80001df2:	00279693          	slli	a3,a5,0x2
80001df6:	00000297          	auipc	t0,0x0
80001dfa:	9696                	add	a3,a3,t0
80001dfc:	8286                	mv	t0,ra
80001dfe:	fa8680e7          	jalr	-88(a3)
80001e02:	8096                	mv	ra,t0
80001e04:	17c1                	addi	a5,a5,-16
80001e06:	8f1d                	sub	a4,a4,a5
80001e08:	963e                	add	a2,a2,a5
80001e0a:	f8c374e3          	bgeu	t1,a2,80001d92 <memset+0x2a>
80001e0e:	b7a5                	j	80001d76 <memset+0xe>

80001e10 <_free_r>:
_free_r():
80001e10:	cdd1                	beqz	a1,80001eac <_free_r+0x9c>
80001e12:	ffc5a783          	lw	a5,-4(a1)
80001e16:	1101                	addi	sp,sp,-32
80001e18:	cc22                	sw	s0,24(sp)
80001e1a:	ce06                	sw	ra,28(sp)
80001e1c:	ffc58413          	addi	s0,a1,-4
80001e20:	0007d363          	bgez	a5,80001e26 <_free_r+0x16>
80001e24:	943e                	add	s0,s0,a5
80001e26:	c62a                	sw	a0,12(sp)
80001e28:	2515                	jal	8000244c <__malloc_lock>
80001e2a:	81c18713          	addi	a4,gp,-2020 # 9000007c <__malloc_free_list>
80001e2e:	431c                	lw	a5,0(a4)
80001e30:	4532                	lw	a0,12(sp)
80001e32:	eb81                	bnez	a5,80001e42 <_free_r+0x32>
80001e34:	00042223          	sw	zero,4(s0)
80001e38:	c300                	sw	s0,0(a4)
80001e3a:	4462                	lw	s0,24(sp)
80001e3c:	40f2                	lw	ra,28(sp)
80001e3e:	6105                	addi	sp,sp,32
80001e40:	a539                	j	8000244e <__malloc_unlock>
80001e42:	00f47d63          	bgeu	s0,a5,80001e5c <_free_r+0x4c>
80001e46:	4010                	lw	a2,0(s0)
80001e48:	00c406b3          	add	a3,s0,a2
80001e4c:	00d79663          	bne	a5,a3,80001e58 <_free_r+0x48>
80001e50:	4394                	lw	a3,0(a5)
80001e52:	43dc                	lw	a5,4(a5)
80001e54:	96b2                	add	a3,a3,a2
80001e56:	c014                	sw	a3,0(s0)
80001e58:	c05c                	sw	a5,4(s0)
80001e5a:	bff9                	j	80001e38 <_free_r+0x28>
80001e5c:	873e                	mv	a4,a5
80001e5e:	43dc                	lw	a5,4(a5)
80001e60:	c399                	beqz	a5,80001e66 <_free_r+0x56>
80001e62:	fef47de3          	bgeu	s0,a5,80001e5c <_free_r+0x4c>
80001e66:	4314                	lw	a3,0(a4)
80001e68:	00d70633          	add	a2,a4,a3
80001e6c:	00861f63          	bne	a2,s0,80001e8a <_free_r+0x7a>
80001e70:	4010                	lw	a2,0(s0)
80001e72:	96b2                	add	a3,a3,a2
80001e74:	c314                	sw	a3,0(a4)
80001e76:	00d70633          	add	a2,a4,a3
80001e7a:	fcc790e3          	bne	a5,a2,80001e3a <_free_r+0x2a>
80001e7e:	4390                	lw	a2,0(a5)
80001e80:	43dc                	lw	a5,4(a5)
80001e82:	96b2                	add	a3,a3,a2
80001e84:	c314                	sw	a3,0(a4)
80001e86:	c35c                	sw	a5,4(a4)
80001e88:	bf4d                	j	80001e3a <_free_r+0x2a>
80001e8a:	00c47563          	bgeu	s0,a2,80001e94 <_free_r+0x84>
80001e8e:	47b1                	li	a5,12
80001e90:	c11c                	sw	a5,0(a0)
80001e92:	b765                	j	80001e3a <_free_r+0x2a>
80001e94:	4010                	lw	a2,0(s0)
80001e96:	00c406b3          	add	a3,s0,a2
80001e9a:	00d79663          	bne	a5,a3,80001ea6 <_free_r+0x96>
80001e9e:	4394                	lw	a3,0(a5)
80001ea0:	43dc                	lw	a5,4(a5)
80001ea2:	96b2                	add	a3,a3,a2
80001ea4:	c014                	sw	a3,0(s0)
80001ea6:	c05c                	sw	a5,4(s0)
80001ea8:	c340                	sw	s0,4(a4)
80001eaa:	bf41                	j	80001e3a <_free_r+0x2a>
80001eac:	8082                	ret

80001eae <_malloc_r>:
_malloc_r():
80001eae:	1101                	addi	sp,sp,-32
80001eb0:	ca26                	sw	s1,20(sp)
80001eb2:	00358493          	addi	s1,a1,3
80001eb6:	98f1                	andi	s1,s1,-4
80001eb8:	c84a                	sw	s2,16(sp)
80001eba:	ce06                	sw	ra,28(sp)
80001ebc:	cc22                	sw	s0,24(sp)
80001ebe:	c64e                	sw	s3,12(sp)
80001ec0:	04a1                	addi	s1,s1,8
80001ec2:	47b1                	li	a5,12
80001ec4:	892a                	mv	s2,a0
80001ec6:	04f4f063          	bgeu	s1,a5,80001f06 <_malloc_r+0x58>
80001eca:	44b1                	li	s1,12
80001ecc:	02b4ef63          	bltu	s1,a1,80001f0a <_malloc_r+0x5c>
80001ed0:	854a                	mv	a0,s2
80001ed2:	2bad                	jal	8000244c <__malloc_lock>
80001ed4:	81c18693          	addi	a3,gp,-2020 # 9000007c <__malloc_free_list>
80001ed8:	4298                	lw	a4,0(a3)
80001eda:	843a                	mv	s0,a4
80001edc:	e031                	bnez	s0,80001f20 <_malloc_r+0x72>
80001ede:	82018413          	addi	s0,gp,-2016 # 90000080 <__malloc_sbrk_start>
80001ee2:	401c                	lw	a5,0(s0)
80001ee4:	e789                	bnez	a5,80001eee <_malloc_r+0x40>
80001ee6:	4581                	li	a1,0
80001ee8:	854a                	mv	a0,s2
80001eea:	2e51                	jal	8000227e <_sbrk_r>
80001eec:	c008                	sw	a0,0(s0)
80001eee:	85a6                	mv	a1,s1
80001ef0:	854a                	mv	a0,s2
80001ef2:	2671                	jal	8000227e <_sbrk_r>
80001ef4:	59fd                	li	s3,-1
80001ef6:	07351863          	bne	a0,s3,80001f66 <_malloc_r+0xb8>
80001efa:	47b1                	li	a5,12
80001efc:	00f92023          	sw	a5,0(s2)
80001f00:	854a                	mv	a0,s2
80001f02:	23b1                	jal	8000244e <__malloc_unlock>
80001f04:	a031                	j	80001f10 <_malloc_r+0x62>
80001f06:	fc04d3e3          	bgez	s1,80001ecc <_malloc_r+0x1e>
80001f0a:	47b1                	li	a5,12
80001f0c:	00f92023          	sw	a5,0(s2)
80001f10:	4501                	li	a0,0
80001f12:	40f2                	lw	ra,28(sp)
80001f14:	4462                	lw	s0,24(sp)
80001f16:	44d2                	lw	s1,20(sp)
80001f18:	4942                	lw	s2,16(sp)
80001f1a:	49b2                	lw	s3,12(sp)
80001f1c:	6105                	addi	sp,sp,32
80001f1e:	8082                	ret
80001f20:	401c                	lw	a5,0(s0)
80001f22:	8f85                	sub	a5,a5,s1
80001f24:	0207ce63          	bltz	a5,80001f60 <_malloc_r+0xb2>
80001f28:	462d                	li	a2,11
80001f2a:	00f67663          	bgeu	a2,a5,80001f36 <_malloc_r+0x88>
80001f2e:	c01c                	sw	a5,0(s0)
80001f30:	943e                	add	s0,s0,a5
80001f32:	c004                	sw	s1,0(s0)
80001f34:	a029                	j	80001f3e <_malloc_r+0x90>
80001f36:	405c                	lw	a5,4(s0)
80001f38:	02871263          	bne	a4,s0,80001f5c <_malloc_r+0xae>
80001f3c:	c29c                	sw	a5,0(a3)
80001f3e:	854a                	mv	a0,s2
80001f40:	2339                	jal	8000244e <__malloc_unlock>
80001f42:	00b40513          	addi	a0,s0,11
80001f46:	00440793          	addi	a5,s0,4
80001f4a:	9961                	andi	a0,a0,-8
80001f4c:	40f50733          	sub	a4,a0,a5
80001f50:	fcf501e3          	beq	a0,a5,80001f12 <_malloc_r+0x64>
80001f54:	943a                	add	s0,s0,a4
80001f56:	8f89                	sub	a5,a5,a0
80001f58:	c01c                	sw	a5,0(s0)
80001f5a:	bf65                	j	80001f12 <_malloc_r+0x64>
80001f5c:	c35c                	sw	a5,4(a4)
80001f5e:	b7c5                	j	80001f3e <_malloc_r+0x90>
80001f60:	8722                	mv	a4,s0
80001f62:	4040                	lw	s0,4(s0)
80001f64:	bfa5                	j	80001edc <_malloc_r+0x2e>
80001f66:	00350413          	addi	s0,a0,3
80001f6a:	9871                	andi	s0,s0,-4
80001f6c:	fc8503e3          	beq	a0,s0,80001f32 <_malloc_r+0x84>
80001f70:	40a405b3          	sub	a1,s0,a0
80001f74:	854a                	mv	a0,s2
80001f76:	2621                	jal	8000227e <_sbrk_r>
80001f78:	fb351de3          	bne	a0,s3,80001f32 <_malloc_r+0x84>
80001f7c:	bfbd                	j	80001efa <_malloc_r+0x4c>

80001f7e <__sfputc_r>:
__sfputc_r():
80001f7e:	461c                	lw	a5,8(a2)
80001f80:	17fd                	addi	a5,a5,-1
80001f82:	c61c                	sw	a5,8(a2)
80001f84:	0007da63          	bgez	a5,80001f98 <__sfputc_r+0x1a>
80001f88:	4e18                	lw	a4,24(a2)
80001f8a:	00e7c563          	blt	a5,a4,80001f94 <__sfputc_r+0x16>
80001f8e:	47a9                	li	a5,10
80001f90:	00f59463          	bne	a1,a5,80001f98 <__sfputc_r+0x1a>
80001f94:	ed8ff06f          	j	8000166c <__swbuf_r>
80001f98:	421c                	lw	a5,0(a2)
80001f9a:	852e                	mv	a0,a1
80001f9c:	00178713          	addi	a4,a5,1
80001fa0:	c218                	sw	a4,0(a2)
80001fa2:	00b78023          	sb	a1,0(a5)
80001fa6:	8082                	ret

80001fa8 <__sfputs_r>:
__sfputs_r():
80001fa8:	1101                	addi	sp,sp,-32
80001faa:	cc22                	sw	s0,24(sp)
80001fac:	ca26                	sw	s1,20(sp)
80001fae:	c84a                	sw	s2,16(sp)
80001fb0:	c64e                	sw	s3,12(sp)
80001fb2:	c452                	sw	s4,8(sp)
80001fb4:	ce06                	sw	ra,28(sp)
80001fb6:	892a                	mv	s2,a0
80001fb8:	89ae                	mv	s3,a1
80001fba:	8432                	mv	s0,a2
80001fbc:	00d604b3          	add	s1,a2,a3
80001fc0:	5a7d                	li	s4,-1
80001fc2:	00941463          	bne	s0,s1,80001fca <__sfputs_r+0x22>
80001fc6:	4501                	li	a0,0
80001fc8:	a809                	j	80001fda <__sfputs_r+0x32>
80001fca:	00044583          	lbu	a1,0(s0)
80001fce:	864e                	mv	a2,s3
80001fd0:	854a                	mv	a0,s2
80001fd2:	3775                	jal	80001f7e <__sfputc_r>
80001fd4:	0405                	addi	s0,s0,1
80001fd6:	ff4516e3          	bne	a0,s4,80001fc2 <__sfputs_r+0x1a>
80001fda:	40f2                	lw	ra,28(sp)
80001fdc:	4462                	lw	s0,24(sp)
80001fde:	44d2                	lw	s1,20(sp)
80001fe0:	4942                	lw	s2,16(sp)
80001fe2:	49b2                	lw	s3,12(sp)
80001fe4:	4a22                	lw	s4,8(sp)
80001fe6:	6105                	addi	sp,sp,32
80001fe8:	8082                	ret

80001fea <_vfiprintf_r>:
_vfiprintf_r():
80001fea:	7135                	addi	sp,sp,-160
80001fec:	cd22                	sw	s0,152(sp)
80001fee:	cb26                	sw	s1,148(sp)
80001ff0:	c94a                	sw	s2,144(sp)
80001ff2:	c74e                	sw	s3,140(sp)
80001ff4:	cf06                	sw	ra,156(sp)
80001ff6:	c552                	sw	s4,136(sp)
80001ff8:	c356                	sw	s5,132(sp)
80001ffa:	c15a                	sw	s6,128(sp)
80001ffc:	dede                	sw	s7,124(sp)
80001ffe:	dce2                	sw	s8,120(sp)
80002000:	dae6                	sw	s9,116(sp)
80002002:	89aa                	mv	s3,a0
80002004:	84ae                	mv	s1,a1
80002006:	8932                	mv	s2,a2
80002008:	8436                	mv	s0,a3
8000200a:	c501                	beqz	a0,80002012 <_vfiprintf_r+0x28>
8000200c:	4d1c                	lw	a5,24(a0)
8000200e:	e391                	bnez	a5,80002012 <_vfiprintf_r+0x28>
80002010:	3ced                	jal	80001b0a <__sinit>
80002012:	0000e797          	auipc	a5,0xe
80002016:	a4678793          	addi	a5,a5,-1466 # 8000fa58 <__sf_fake_stdin>
8000201a:	0cf49b63          	bne	s1,a5,800020f0 <_vfiprintf_r+0x106>
8000201e:	0049a483          	lw	s1,4(s3)
80002022:	00c4d783          	lhu	a5,12(s1)
80002026:	8ba1                	andi	a5,a5,8
80002028:	c7f5                	beqz	a5,80002114 <_vfiprintf_r+0x12a>
8000202a:	489c                	lw	a5,16(s1)
8000202c:	c7e5                	beqz	a5,80002114 <_vfiprintf_r+0x12a>
8000202e:	02000793          	li	a5,32
80002032:	02f104a3          	sb	a5,41(sp)
80002036:	03000793          	li	a5,48
8000203a:	d202                	sw	zero,36(sp)
8000203c:	02f10523          	sb	a5,42(sp)
80002040:	c622                	sw	s0,12(sp)
80002042:	02500b93          	li	s7,37
80002046:	0000ea97          	auipc	s5,0xe
8000204a:	a52a8a93          	addi	s5,s5,-1454 # 8000fa98 <__sf_fake_stdout+0x20>
8000204e:	4c05                	li	s8,1
80002050:	4b29                	li	s6,10
80002052:	844a                	mv	s0,s2
80002054:	00044783          	lbu	a5,0(s0)
80002058:	c399                	beqz	a5,8000205e <_vfiprintf_r+0x74>
8000205a:	0f779063          	bne	a5,s7,8000213a <_vfiprintf_r+0x150>
8000205e:	41240cb3          	sub	s9,s0,s2
80002062:	01240d63          	beq	s0,s2,8000207c <_vfiprintf_r+0x92>
80002066:	86e6                	mv	a3,s9
80002068:	864a                	mv	a2,s2
8000206a:	85a6                	mv	a1,s1
8000206c:	854e                	mv	a0,s3
8000206e:	3f2d                	jal	80001fa8 <__sfputs_r>
80002070:	57fd                	li	a5,-1
80002072:	1ef50463          	beq	a0,a5,8000225a <_vfiprintf_r+0x270>
80002076:	5792                	lw	a5,36(sp)
80002078:	97e6                	add	a5,a5,s9
8000207a:	d23e                	sw	a5,36(sp)
8000207c:	00044783          	lbu	a5,0(s0)
80002080:	1c078d63          	beqz	a5,8000225a <_vfiprintf_r+0x270>
80002084:	57fd                	li	a5,-1
80002086:	00140913          	addi	s2,s0,1
8000208a:	c802                	sw	zero,16(sp)
8000208c:	ce02                	sw	zero,28(sp)
8000208e:	ca3e                	sw	a5,20(sp)
80002090:	cc02                	sw	zero,24(sp)
80002092:	040109a3          	sb	zero,83(sp)
80002096:	d482                	sw	zero,104(sp)
80002098:	00094583          	lbu	a1,0(s2)
8000209c:	4615                	li	a2,5
8000209e:	8556                	mv	a0,s5
800020a0:	2e49                	jal	80002432 <memchr>
800020a2:	47c2                	lw	a5,16(sp)
800020a4:	00190413          	addi	s0,s2,1
800020a8:	e959                	bnez	a0,8000213e <_vfiprintf_r+0x154>
800020aa:	0107f713          	andi	a4,a5,16
800020ae:	c709                	beqz	a4,800020b8 <_vfiprintf_r+0xce>
800020b0:	02000713          	li	a4,32
800020b4:	04e109a3          	sb	a4,83(sp)
800020b8:	0087f713          	andi	a4,a5,8
800020bc:	c709                	beqz	a4,800020c6 <_vfiprintf_r+0xdc>
800020be:	02b00713          	li	a4,43
800020c2:	04e109a3          	sb	a4,83(sp)
800020c6:	00094683          	lbu	a3,0(s2)
800020ca:	02a00713          	li	a4,42
800020ce:	08e68063          	beq	a3,a4,8000214e <_vfiprintf_r+0x164>
800020d2:	47f2                	lw	a5,28(sp)
800020d4:	844a                	mv	s0,s2
800020d6:	4681                	li	a3,0
800020d8:	4625                	li	a2,9
800020da:	00044703          	lbu	a4,0(s0)
800020de:	00140593          	addi	a1,s0,1
800020e2:	fd070713          	addi	a4,a4,-48
800020e6:	0ae67963          	bgeu	a2,a4,80002198 <_vfiprintf_r+0x1ae>
800020ea:	cab5                	beqz	a3,8000215e <_vfiprintf_r+0x174>
800020ec:	ce3e                	sw	a5,28(sp)
800020ee:	a885                	j	8000215e <_vfiprintf_r+0x174>
800020f0:	0000e797          	auipc	a5,0xe
800020f4:	98878793          	addi	a5,a5,-1656 # 8000fa78 <__sf_fake_stdout>
800020f8:	00f49563          	bne	s1,a5,80002102 <_vfiprintf_r+0x118>
800020fc:	0089a483          	lw	s1,8(s3)
80002100:	b70d                	j	80002022 <_vfiprintf_r+0x38>
80002102:	0000e797          	auipc	a5,0xe
80002106:	93678793          	addi	a5,a5,-1738 # 8000fa38 <__sf_fake_stderr>
8000210a:	f0f49ce3          	bne	s1,a5,80002022 <_vfiprintf_r+0x38>
8000210e:	00c9a483          	lw	s1,12(s3)
80002112:	bf01                	j	80002022 <_vfiprintf_r+0x38>
80002114:	85a6                	mv	a1,s1
80002116:	854e                	mv	a0,s3
80002118:	e14ff0ef          	jal	ra,8000172c <__swsetup_r>
8000211c:	d909                	beqz	a0,8000202e <_vfiprintf_r+0x44>
8000211e:	557d                	li	a0,-1
80002120:	40fa                	lw	ra,156(sp)
80002122:	446a                	lw	s0,152(sp)
80002124:	44da                	lw	s1,148(sp)
80002126:	494a                	lw	s2,144(sp)
80002128:	49ba                	lw	s3,140(sp)
8000212a:	4a2a                	lw	s4,136(sp)
8000212c:	4a9a                	lw	s5,132(sp)
8000212e:	4b0a                	lw	s6,128(sp)
80002130:	5bf6                	lw	s7,124(sp)
80002132:	5c66                	lw	s8,120(sp)
80002134:	5cd6                	lw	s9,116(sp)
80002136:	610d                	addi	sp,sp,160
80002138:	8082                	ret
8000213a:	0405                	addi	s0,s0,1
8000213c:	bf21                	j	80002054 <_vfiprintf_r+0x6a>
8000213e:	41550533          	sub	a0,a0,s5
80002142:	00ac1533          	sll	a0,s8,a0
80002146:	8fc9                	or	a5,a5,a0
80002148:	c83e                	sw	a5,16(sp)
8000214a:	8922                	mv	s2,s0
8000214c:	b7b1                	j	80002098 <_vfiprintf_r+0xae>
8000214e:	4732                	lw	a4,12(sp)
80002150:	00470693          	addi	a3,a4,4
80002154:	4318                	lw	a4,0(a4)
80002156:	c636                	sw	a3,12(sp)
80002158:	02074963          	bltz	a4,8000218a <_vfiprintf_r+0x1a0>
8000215c:	ce3a                	sw	a4,28(sp)
8000215e:	00044703          	lbu	a4,0(s0)
80002162:	02e00793          	li	a5,46
80002166:	04f71f63          	bne	a4,a5,800021c4 <_vfiprintf_r+0x1da>
8000216a:	00144703          	lbu	a4,1(s0)
8000216e:	02a00793          	li	a5,42
80002172:	02f71b63          	bne	a4,a5,800021a8 <_vfiprintf_r+0x1be>
80002176:	47b2                	lw	a5,12(sp)
80002178:	0409                	addi	s0,s0,2
8000217a:	00478713          	addi	a4,a5,4
8000217e:	439c                	lw	a5,0(a5)
80002180:	c63a                	sw	a4,12(sp)
80002182:	0207c163          	bltz	a5,800021a4 <_vfiprintf_r+0x1ba>
80002186:	ca3e                	sw	a5,20(sp)
80002188:	a835                	j	800021c4 <_vfiprintf_r+0x1da>
8000218a:	40e00733          	neg	a4,a4
8000218e:	0027e793          	ori	a5,a5,2
80002192:	ce3a                	sw	a4,28(sp)
80002194:	c83e                	sw	a5,16(sp)
80002196:	b7e1                	j	8000215e <_vfiprintf_r+0x174>
80002198:	036787b3          	mul	a5,a5,s6
8000219c:	842e                	mv	s0,a1
8000219e:	4685                	li	a3,1
800021a0:	97ba                	add	a5,a5,a4
800021a2:	bf25                	j	800020da <_vfiprintf_r+0xf0>
800021a4:	57fd                	li	a5,-1
800021a6:	b7c5                	j	80002186 <_vfiprintf_r+0x19c>
800021a8:	0405                	addi	s0,s0,1
800021aa:	ca02                	sw	zero,20(sp)
800021ac:	4681                	li	a3,0
800021ae:	4781                	li	a5,0
800021b0:	4625                	li	a2,9
800021b2:	00044703          	lbu	a4,0(s0)
800021b6:	00140593          	addi	a1,s0,1
800021ba:	fd070713          	addi	a4,a4,-48
800021be:	06e67463          	bgeu	a2,a4,80002226 <_vfiprintf_r+0x23c>
800021c2:	f2f1                	bnez	a3,80002186 <_vfiprintf_r+0x19c>
800021c4:	00044583          	lbu	a1,0(s0)
800021c8:	460d                	li	a2,3
800021ca:	0000e517          	auipc	a0,0xe
800021ce:	8d650513          	addi	a0,a0,-1834 # 8000faa0 <__sf_fake_stdout+0x28>
800021d2:	2485                	jal	80002432 <memchr>
800021d4:	cd11                	beqz	a0,800021f0 <_vfiprintf_r+0x206>
800021d6:	0000e797          	auipc	a5,0xe
800021da:	8ca78793          	addi	a5,a5,-1846 # 8000faa0 <__sf_fake_stdout+0x28>
800021de:	8d1d                	sub	a0,a0,a5
800021e0:	04000793          	li	a5,64
800021e4:	00a797b3          	sll	a5,a5,a0
800021e8:	4542                	lw	a0,16(sp)
800021ea:	0405                	addi	s0,s0,1
800021ec:	8d5d                	or	a0,a0,a5
800021ee:	c82a                	sw	a0,16(sp)
800021f0:	00044583          	lbu	a1,0(s0)
800021f4:	4619                	li	a2,6
800021f6:	0000e517          	auipc	a0,0xe
800021fa:	8ae50513          	addi	a0,a0,-1874 # 8000faa4 <__sf_fake_stdout+0x2c>
800021fe:	00140913          	addi	s2,s0,1
80002202:	02b10423          	sb	a1,40(sp)
80002206:	2435                	jal	80002432 <memchr>
80002208:	c12d                	beqz	a0,8000226a <_vfiprintf_r+0x280>
8000220a:	00000793          	li	a5,0
8000220e:	e795                	bnez	a5,8000223a <_vfiprintf_r+0x250>
80002210:	4742                	lw	a4,16(sp)
80002212:	47b2                	lw	a5,12(sp)
80002214:	10077713          	andi	a4,a4,256
80002218:	cf09                	beqz	a4,80002232 <_vfiprintf_r+0x248>
8000221a:	0791                	addi	a5,a5,4
8000221c:	c63e                	sw	a5,12(sp)
8000221e:	5792                	lw	a5,36(sp)
80002220:	97d2                	add	a5,a5,s4
80002222:	d23e                	sw	a5,36(sp)
80002224:	b53d                	j	80002052 <_vfiprintf_r+0x68>
80002226:	036787b3          	mul	a5,a5,s6
8000222a:	842e                	mv	s0,a1
8000222c:	4685                	li	a3,1
8000222e:	97ba                	add	a5,a5,a4
80002230:	b749                	j	800021b2 <_vfiprintf_r+0x1c8>
80002232:	079d                	addi	a5,a5,7
80002234:	9be1                	andi	a5,a5,-8
80002236:	07a1                	addi	a5,a5,8
80002238:	b7d5                	j	8000221c <_vfiprintf_r+0x232>
8000223a:	0078                	addi	a4,sp,12
8000223c:	00000697          	auipc	a3,0x0
80002240:	d6c68693          	addi	a3,a3,-660 # 80001fa8 <__sfputs_r>
80002244:	8626                	mv	a2,s1
80002246:	080c                	addi	a1,sp,16
80002248:	854e                	mv	a0,s3
8000224a:	00000097          	auipc	ra,0x0
8000224e:	000000e7          	jalr	zero # 0 <__stack_size-0x800>
80002252:	57fd                	li	a5,-1
80002254:	8a2a                	mv	s4,a0
80002256:	fcf514e3          	bne	a0,a5,8000221e <_vfiprintf_r+0x234>
8000225a:	00c4d783          	lhu	a5,12(s1)
8000225e:	0407f793          	andi	a5,a5,64
80002262:	ea079ee3          	bnez	a5,8000211e <_vfiprintf_r+0x134>
80002266:	5512                	lw	a0,36(sp)
80002268:	bd65                	j	80002120 <_vfiprintf_r+0x136>
8000226a:	0078                	addi	a4,sp,12
8000226c:	00000697          	auipc	a3,0x0
80002270:	d3c68693          	addi	a3,a3,-708 # 80001fa8 <__sfputs_r>
80002274:	8626                	mv	a2,s1
80002276:	080c                	addi	a1,sp,16
80002278:	854e                	mv	a0,s3
8000227a:	24cd                	jal	8000255c <_printf_i>
8000227c:	bfd9                	j	80002252 <_vfiprintf_r+0x268>

8000227e <_sbrk_r>:
_sbrk_r():
8000227e:	1141                	addi	sp,sp,-16
80002280:	c422                	sw	s0,8(sp)
80002282:	842a                	mv	s0,a0
80002284:	852e                	mv	a0,a1
80002286:	8001aa23          	sw	zero,-2028(gp) # 90000074 <errno>
8000228a:	c606                	sw	ra,12(sp)
8000228c:	ac1fe0ef          	jal	ra,80000d4c <_sbrk>
80002290:	57fd                	li	a5,-1
80002292:	00f51663          	bne	a0,a5,8000229e <_sbrk_r+0x20>
80002296:	8141a783          	lw	a5,-2028(gp) # 90000074 <errno>
8000229a:	c391                	beqz	a5,8000229e <_sbrk_r+0x20>
8000229c:	c01c                	sw	a5,0(s0)
8000229e:	40b2                	lw	ra,12(sp)
800022a0:	4422                	lw	s0,8(sp)
800022a2:	0141                	addi	sp,sp,16
800022a4:	8082                	ret

800022a6 <__sread>:
__sread():
800022a6:	1141                	addi	sp,sp,-16
800022a8:	c422                	sw	s0,8(sp)
800022aa:	842e                	mv	s0,a1
800022ac:	00e59583          	lh	a1,14(a1)
800022b0:	c606                	sw	ra,12(sp)
800022b2:	2b29                	jal	800027cc <_read_r>
800022b4:	00054963          	bltz	a0,800022c6 <__sread+0x20>
800022b8:	487c                	lw	a5,84(s0)
800022ba:	97aa                	add	a5,a5,a0
800022bc:	c87c                	sw	a5,84(s0)
800022be:	40b2                	lw	ra,12(sp)
800022c0:	4422                	lw	s0,8(sp)
800022c2:	0141                	addi	sp,sp,16
800022c4:	8082                	ret
800022c6:	00c45783          	lhu	a5,12(s0)
800022ca:	777d                	lui	a4,0xfffff
800022cc:	177d                	addi	a4,a4,-1
800022ce:	8ff9                	and	a5,a5,a4
800022d0:	00f41623          	sh	a5,12(s0)
800022d4:	b7ed                	j	800022be <__sread+0x18>

800022d6 <__swrite>:
__swrite():
800022d6:	00c5d783          	lhu	a5,12(a1)
800022da:	1101                	addi	sp,sp,-32
800022dc:	cc22                	sw	s0,24(sp)
800022de:	ca26                	sw	s1,20(sp)
800022e0:	c84a                	sw	s2,16(sp)
800022e2:	c64e                	sw	s3,12(sp)
800022e4:	ce06                	sw	ra,28(sp)
800022e6:	1007f793          	andi	a5,a5,256
800022ea:	84aa                	mv	s1,a0
800022ec:	842e                	mv	s0,a1
800022ee:	8932                	mv	s2,a2
800022f0:	89b6                	mv	s3,a3
800022f2:	c791                	beqz	a5,800022fe <__swrite+0x28>
800022f4:	00e59583          	lh	a1,14(a1)
800022f8:	4689                	li	a3,2
800022fa:	4601                	li	a2,0
800022fc:	2229                	jal	80002406 <_lseek_r>
800022fe:	00c45783          	lhu	a5,12(s0)
80002302:	777d                	lui	a4,0xfffff
80002304:	177d                	addi	a4,a4,-1
80002306:	8ff9                	and	a5,a5,a4
80002308:	00e41583          	lh	a1,14(s0)
8000230c:	00f41623          	sh	a5,12(s0)
80002310:	4462                	lw	s0,24(sp)
80002312:	40f2                	lw	ra,28(sp)
80002314:	86ce                	mv	a3,s3
80002316:	864a                	mv	a2,s2
80002318:	49b2                	lw	s3,12(sp)
8000231a:	4942                	lw	s2,16(sp)
8000231c:	8526                	mv	a0,s1
8000231e:	44d2                	lw	s1,20(sp)
80002320:	6105                	addi	sp,sp,32
80002322:	a83d                	j	80002360 <_write_r>

80002324 <__sseek>:
__sseek():
80002324:	1141                	addi	sp,sp,-16
80002326:	c422                	sw	s0,8(sp)
80002328:	842e                	mv	s0,a1
8000232a:	00e59583          	lh	a1,14(a1)
8000232e:	c606                	sw	ra,12(sp)
80002330:	28d9                	jal	80002406 <_lseek_r>
80002332:	57fd                	li	a5,-1
80002334:	00c45703          	lhu	a4,12(s0)
80002338:	00f51b63          	bne	a0,a5,8000234e <__sseek+0x2a>
8000233c:	77fd                	lui	a5,0xfffff
8000233e:	17fd                	addi	a5,a5,-1
80002340:	8ff9                	and	a5,a5,a4
80002342:	00f41623          	sh	a5,12(s0)
80002346:	40b2                	lw	ra,12(sp)
80002348:	4422                	lw	s0,8(sp)
8000234a:	0141                	addi	sp,sp,16
8000234c:	8082                	ret
8000234e:	6785                	lui	a5,0x1
80002350:	8fd9                	or	a5,a5,a4
80002352:	00f41623          	sh	a5,12(s0)
80002356:	c868                	sw	a0,84(s0)
80002358:	b7fd                	j	80002346 <__sseek+0x22>

8000235a <__sclose>:
__sclose():
8000235a:	00e59583          	lh	a1,14(a1)
8000235e:	a03d                	j	8000238c <_close_r>

80002360 <_write_r>:
_write_r():
80002360:	1141                	addi	sp,sp,-16
80002362:	c422                	sw	s0,8(sp)
80002364:	842a                	mv	s0,a0
80002366:	852e                	mv	a0,a1
80002368:	85b2                	mv	a1,a2
8000236a:	8636                	mv	a2,a3
8000236c:	8001aa23          	sw	zero,-2028(gp) # 90000074 <errno>
80002370:	c606                	sw	ra,12(sp)
80002372:	a0bfe0ef          	jal	ra,80000d7c <_write>
80002376:	57fd                	li	a5,-1
80002378:	00f51663          	bne	a0,a5,80002384 <_write_r+0x24>
8000237c:	8141a783          	lw	a5,-2028(gp) # 90000074 <errno>
80002380:	c391                	beqz	a5,80002384 <_write_r+0x24>
80002382:	c01c                	sw	a5,0(s0)
80002384:	40b2                	lw	ra,12(sp)
80002386:	4422                	lw	s0,8(sp)
80002388:	0141                	addi	sp,sp,16
8000238a:	8082                	ret

8000238c <_close_r>:
_close_r():
8000238c:	1141                	addi	sp,sp,-16
8000238e:	c422                	sw	s0,8(sp)
80002390:	842a                	mv	s0,a0
80002392:	852e                	mv	a0,a1
80002394:	8001aa23          	sw	zero,-2028(gp) # 90000074 <errno>
80002398:	c606                	sw	ra,12(sp)
8000239a:	965fe0ef          	jal	ra,80000cfe <_close>
8000239e:	57fd                	li	a5,-1
800023a0:	00f51663          	bne	a0,a5,800023ac <_close_r+0x20>
800023a4:	8141a783          	lw	a5,-2028(gp) # 90000074 <errno>
800023a8:	c391                	beqz	a5,800023ac <_close_r+0x20>
800023aa:	c01c                	sw	a5,0(s0)
800023ac:	40b2                	lw	ra,12(sp)
800023ae:	4422                	lw	s0,8(sp)
800023b0:	0141                	addi	sp,sp,16
800023b2:	8082                	ret

800023b4 <_fstat_r>:
_fstat_r():
800023b4:	1141                	addi	sp,sp,-16
800023b6:	c422                	sw	s0,8(sp)
800023b8:	842a                	mv	s0,a0
800023ba:	852e                	mv	a0,a1
800023bc:	85b2                	mv	a1,a2
800023be:	8001aa23          	sw	zero,-2028(gp) # 90000074 <errno>
800023c2:	c606                	sw	ra,12(sp)
800023c4:	945fe0ef          	jal	ra,80000d08 <_fstat>
800023c8:	57fd                	li	a5,-1
800023ca:	00f51663          	bne	a0,a5,800023d6 <_fstat_r+0x22>
800023ce:	8141a783          	lw	a5,-2028(gp) # 90000074 <errno>
800023d2:	c391                	beqz	a5,800023d6 <_fstat_r+0x22>
800023d4:	c01c                	sw	a5,0(s0)
800023d6:	40b2                	lw	ra,12(sp)
800023d8:	4422                	lw	s0,8(sp)
800023da:	0141                	addi	sp,sp,16
800023dc:	8082                	ret

800023de <_isatty_r>:
_isatty_r():
800023de:	1141                	addi	sp,sp,-16
800023e0:	c422                	sw	s0,8(sp)
800023e2:	842a                	mv	s0,a0
800023e4:	852e                	mv	a0,a1
800023e6:	8001aa23          	sw	zero,-2028(gp) # 90000074 <errno>
800023ea:	c606                	sw	ra,12(sp)
800023ec:	937fe0ef          	jal	ra,80000d22 <_isatty>
800023f0:	57fd                	li	a5,-1
800023f2:	00f51663          	bne	a0,a5,800023fe <_isatty_r+0x20>
800023f6:	8141a783          	lw	a5,-2028(gp) # 90000074 <errno>
800023fa:	c391                	beqz	a5,800023fe <_isatty_r+0x20>
800023fc:	c01c                	sw	a5,0(s0)
800023fe:	40b2                	lw	ra,12(sp)
80002400:	4422                	lw	s0,8(sp)
80002402:	0141                	addi	sp,sp,16
80002404:	8082                	ret

80002406 <_lseek_r>:
_lseek_r():
80002406:	1141                	addi	sp,sp,-16
80002408:	c422                	sw	s0,8(sp)
8000240a:	842a                	mv	s0,a0
8000240c:	852e                	mv	a0,a1
8000240e:	85b2                	mv	a1,a2
80002410:	8636                	mv	a2,a3
80002412:	8001aa23          	sw	zero,-2028(gp) # 90000074 <errno>
80002416:	c606                	sw	ra,12(sp)
80002418:	90ffe0ef          	jal	ra,80000d26 <_lseek>
8000241c:	57fd                	li	a5,-1
8000241e:	00f51663          	bne	a0,a5,8000242a <_lseek_r+0x24>
80002422:	8141a783          	lw	a5,-2028(gp) # 90000074 <errno>
80002426:	c391                	beqz	a5,8000242a <_lseek_r+0x24>
80002428:	c01c                	sw	a5,0(s0)
8000242a:	40b2                	lw	ra,12(sp)
8000242c:	4422                	lw	s0,8(sp)
8000242e:	0141                	addi	sp,sp,16
80002430:	8082                	ret

80002432 <memchr>:
memchr():
80002432:	0ff5f593          	andi	a1,a1,255
80002436:	962a                	add	a2,a2,a0
80002438:	00c51463          	bne	a0,a2,80002440 <memchr+0xe>
8000243c:	4501                	li	a0,0
8000243e:	8082                	ret
80002440:	00054783          	lbu	a5,0(a0)
80002444:	feb78de3          	beq	a5,a1,8000243e <memchr+0xc>
80002448:	0505                	addi	a0,a0,1
8000244a:	b7fd                	j	80002438 <memchr+0x6>

8000244c <__malloc_lock>:
__malloc_lock():
8000244c:	8082                	ret

8000244e <__malloc_unlock>:
__malloc_unlock():
8000244e:	8082                	ret

80002450 <_printf_common>:
_printf_common():
80002450:	7179                	addi	sp,sp,-48
80002452:	cc52                	sw	s4,24(sp)
80002454:	499c                	lw	a5,16(a1)
80002456:	8a3a                	mv	s4,a4
80002458:	4598                	lw	a4,8(a1)
8000245a:	d422                	sw	s0,40(sp)
8000245c:	d226                	sw	s1,36(sp)
8000245e:	ce4e                	sw	s3,28(sp)
80002460:	ca56                	sw	s5,20(sp)
80002462:	d606                	sw	ra,44(sp)
80002464:	d04a                	sw	s2,32(sp)
80002466:	c85a                	sw	s6,16(sp)
80002468:	c65e                	sw	s7,12(sp)
8000246a:	89aa                	mv	s3,a0
8000246c:	842e                	mv	s0,a1
8000246e:	84b2                	mv	s1,a2
80002470:	8ab6                	mv	s5,a3
80002472:	00e7d363          	bge	a5,a4,80002478 <_printf_common+0x28>
80002476:	87ba                	mv	a5,a4
80002478:	c09c                	sw	a5,0(s1)
8000247a:	04344703          	lbu	a4,67(s0)
8000247e:	c319                	beqz	a4,80002484 <_printf_common+0x34>
80002480:	0785                	addi	a5,a5,1
80002482:	c09c                	sw	a5,0(s1)
80002484:	401c                	lw	a5,0(s0)
80002486:	0207f793          	andi	a5,a5,32
8000248a:	c781                	beqz	a5,80002492 <_printf_common+0x42>
8000248c:	409c                	lw	a5,0(s1)
8000248e:	0789                	addi	a5,a5,2
80002490:	c09c                	sw	a5,0(s1)
80002492:	00042903          	lw	s2,0(s0)
80002496:	00697913          	andi	s2,s2,6
8000249a:	00091a63          	bnez	s2,800024ae <_printf_common+0x5e>
8000249e:	01940b13          	addi	s6,s0,25
800024a2:	5bfd                	li	s7,-1
800024a4:	445c                	lw	a5,12(s0)
800024a6:	4098                	lw	a4,0(s1)
800024a8:	8f99                	sub	a5,a5,a4
800024aa:	04f94c63          	blt	s2,a5,80002502 <_printf_common+0xb2>
800024ae:	04344783          	lbu	a5,67(s0)
800024b2:	00f036b3          	snez	a3,a5
800024b6:	401c                	lw	a5,0(s0)
800024b8:	0207f793          	andi	a5,a5,32
800024bc:	eba5                	bnez	a5,8000252c <_printf_common+0xdc>
800024be:	04340613          	addi	a2,s0,67
800024c2:	85d6                	mv	a1,s5
800024c4:	854e                	mv	a0,s3
800024c6:	9a02                	jalr	s4
800024c8:	57fd                	li	a5,-1
800024ca:	04f50363          	beq	a0,a5,80002510 <_printf_common+0xc0>
800024ce:	401c                	lw	a5,0(s0)
800024d0:	4611                	li	a2,4
800024d2:	4098                	lw	a4,0(s1)
800024d4:	8b99                	andi	a5,a5,6
800024d6:	4454                	lw	a3,12(s0)
800024d8:	4481                	li	s1,0
800024da:	00c79763          	bne	a5,a2,800024e8 <_printf_common+0x98>
800024de:	40e684b3          	sub	s1,a3,a4
800024e2:	0004d363          	bgez	s1,800024e8 <_printf_common+0x98>
800024e6:	4481                	li	s1,0
800024e8:	441c                	lw	a5,8(s0)
800024ea:	4818                	lw	a4,16(s0)
800024ec:	00f75463          	bge	a4,a5,800024f4 <_printf_common+0xa4>
800024f0:	8f99                	sub	a5,a5,a4
800024f2:	94be                	add	s1,s1,a5
800024f4:	4901                	li	s2,0
800024f6:	0469                	addi	s0,s0,26
800024f8:	5b7d                	li	s6,-1
800024fa:	05249863          	bne	s1,s2,8000254a <_printf_common+0xfa>
800024fe:	4501                	li	a0,0
80002500:	a809                	j	80002512 <_printf_common+0xc2>
80002502:	4685                	li	a3,1
80002504:	865a                	mv	a2,s6
80002506:	85d6                	mv	a1,s5
80002508:	854e                	mv	a0,s3
8000250a:	9a02                	jalr	s4
8000250c:	01751e63          	bne	a0,s7,80002528 <_printf_common+0xd8>
80002510:	557d                	li	a0,-1
80002512:	50b2                	lw	ra,44(sp)
80002514:	5422                	lw	s0,40(sp)
80002516:	5492                	lw	s1,36(sp)
80002518:	5902                	lw	s2,32(sp)
8000251a:	49f2                	lw	s3,28(sp)
8000251c:	4a62                	lw	s4,24(sp)
8000251e:	4ad2                	lw	s5,20(sp)
80002520:	4b42                	lw	s6,16(sp)
80002522:	4bb2                	lw	s7,12(sp)
80002524:	6145                	addi	sp,sp,48
80002526:	8082                	ret
80002528:	0905                	addi	s2,s2,1
8000252a:	bfad                	j	800024a4 <_printf_common+0x54>
8000252c:	00d40733          	add	a4,s0,a3
80002530:	03000613          	li	a2,48
80002534:	04c701a3          	sb	a2,67(a4) # fffff043 <_sp+0x6ffef043>
80002538:	04544703          	lbu	a4,69(s0)
8000253c:	00168793          	addi	a5,a3,1
80002540:	97a2                	add	a5,a5,s0
80002542:	0689                	addi	a3,a3,2
80002544:	04e781a3          	sb	a4,67(a5) # 1043 <__stack_size+0x843>
80002548:	bf9d                	j	800024be <_printf_common+0x6e>
8000254a:	4685                	li	a3,1
8000254c:	8622                	mv	a2,s0
8000254e:	85d6                	mv	a1,s5
80002550:	854e                	mv	a0,s3
80002552:	9a02                	jalr	s4
80002554:	fb650ee3          	beq	a0,s6,80002510 <_printf_common+0xc0>
80002558:	0905                	addi	s2,s2,1
8000255a:	b745                	j	800024fa <_printf_common+0xaa>

8000255c <_printf_i>:
_printf_i():
8000255c:	7179                	addi	sp,sp,-48
8000255e:	d422                	sw	s0,40(sp)
80002560:	d226                	sw	s1,36(sp)
80002562:	d04a                	sw	s2,32(sp)
80002564:	ce4e                	sw	s3,28(sp)
80002566:	d606                	sw	ra,44(sp)
80002568:	cc52                	sw	s4,24(sp)
8000256a:	ca56                	sw	s5,20(sp)
8000256c:	c85a                	sw	s6,16(sp)
8000256e:	0185c803          	lbu	a6,24(a1)
80002572:	07800793          	li	a5,120
80002576:	84aa                	mv	s1,a0
80002578:	842e                	mv	s0,a1
8000257a:	8932                	mv	s2,a2
8000257c:	89b6                	mv	s3,a3
8000257e:	0107ee63          	bltu	a5,a6,8000259a <_printf_i+0x3e>
80002582:	06200793          	li	a5,98
80002586:	04358693          	addi	a3,a1,67
8000258a:	0107ed63          	bltu	a5,a6,800025a4 <_printf_i+0x48>
8000258e:	1c080563          	beqz	a6,80002758 <_printf_i+0x1fc>
80002592:	05800793          	li	a5,88
80002596:	12f80a63          	beq	a6,a5,800026ca <_printf_i+0x16e>
8000259a:	04240a93          	addi	s5,s0,66
8000259e:	05040123          	sb	a6,66(s0)
800025a2:	a815                	j	800025d6 <_printf_i+0x7a>
800025a4:	f9d80793          	addi	a5,a6,-99
800025a8:	0ff7f793          	andi	a5,a5,255
800025ac:	4655                	li	a2,21
800025ae:	fef666e3          	bltu	a2,a5,8000259a <_printf_i+0x3e>
800025b2:	0000d617          	auipc	a2,0xd
800025b6:	52260613          	addi	a2,a2,1314 # 8000fad4 <__sf_fake_stdout+0x5c>
800025ba:	078a                	slli	a5,a5,0x2
800025bc:	97b2                	add	a5,a5,a2
800025be:	439c                	lw	a5,0(a5)
800025c0:	97b2                	add	a5,a5,a2
800025c2:	8782                	jr	a5
800025c4:	431c                	lw	a5,0(a4)
800025c6:	04258a93          	addi	s5,a1,66
800025ca:	00478693          	addi	a3,a5,4
800025ce:	439c                	lw	a5,0(a5)
800025d0:	c314                	sw	a3,0(a4)
800025d2:	04f58123          	sb	a5,66(a1)
800025d6:	4785                	li	a5,1
800025d8:	a25d                	j	8000277e <_printf_i+0x222>
800025da:	419c                	lw	a5,0(a1)
800025dc:	4308                	lw	a0,0(a4)
800025de:	0807f613          	andi	a2,a5,128
800025e2:	00450593          	addi	a1,a0,4
800025e6:	c20d                	beqz	a2,80002608 <_printf_i+0xac>
800025e8:	411c                	lw	a5,0(a0)
800025ea:	c30c                	sw	a1,0(a4)
800025ec:	0007d863          	bgez	a5,800025fc <_printf_i+0xa0>
800025f0:	02d00713          	li	a4,45
800025f4:	40f007b3          	neg	a5,a5
800025f8:	04e401a3          	sb	a4,67(s0)
800025fc:	0000d617          	auipc	a2,0xd
80002600:	4b060613          	addi	a2,a2,1200 # 8000faac <__sf_fake_stdout+0x34>
80002604:	4829                	li	a6,10
80002606:	a0a1                	j	8000264e <_printf_i+0xf2>
80002608:	0407f613          	andi	a2,a5,64
8000260c:	411c                	lw	a5,0(a0)
8000260e:	c30c                	sw	a1,0(a4)
80002610:	de71                	beqz	a2,800025ec <_printf_i+0x90>
80002612:	07c2                	slli	a5,a5,0x10
80002614:	87c1                	srai	a5,a5,0x10
80002616:	bfd9                	j	800025ec <_printf_i+0x90>
80002618:	4190                	lw	a2,0(a1)
8000261a:	431c                	lw	a5,0(a4)
8000261c:	08067513          	andi	a0,a2,128
80002620:	00478593          	addi	a1,a5,4
80002624:	c501                	beqz	a0,8000262c <_printf_i+0xd0>
80002626:	c30c                	sw	a1,0(a4)
80002628:	439c                	lw	a5,0(a5)
8000262a:	a039                	j	80002638 <_printf_i+0xdc>
8000262c:	04067613          	andi	a2,a2,64
80002630:	c30c                	sw	a1,0(a4)
80002632:	da7d                	beqz	a2,80002628 <_printf_i+0xcc>
80002634:	0007d783          	lhu	a5,0(a5)
80002638:	06f00713          	li	a4,111
8000263c:	0000d617          	auipc	a2,0xd
80002640:	47060613          	addi	a2,a2,1136 # 8000faac <__sf_fake_stdout+0x34>
80002644:	0ee80463          	beq	a6,a4,8000272c <_printf_i+0x1d0>
80002648:	4829                	li	a6,10
8000264a:	040401a3          	sb	zero,67(s0)
8000264e:	4058                	lw	a4,4(s0)
80002650:	c418                	sw	a4,8(s0)
80002652:	00074563          	bltz	a4,8000265c <_printf_i+0x100>
80002656:	400c                	lw	a1,0(s0)
80002658:	99ed                	andi	a1,a1,-5
8000265a:	c00c                	sw	a1,0(s0)
8000265c:	e399                	bnez	a5,80002662 <_printf_i+0x106>
8000265e:	8ab6                	mv	s5,a3
80002660:	cf19                	beqz	a4,8000267e <_printf_i+0x122>
80002662:	8ab6                	mv	s5,a3
80002664:	0307f733          	remu	a4,a5,a6
80002668:	1afd                	addi	s5,s5,-1
8000266a:	9732                	add	a4,a4,a2
8000266c:	00074703          	lbu	a4,0(a4)
80002670:	00ea8023          	sb	a4,0(s5)
80002674:	873e                	mv	a4,a5
80002676:	0307d7b3          	divu	a5,a5,a6
8000267a:	ff0775e3          	bgeu	a4,a6,80002664 <_printf_i+0x108>
8000267e:	47a1                	li	a5,8
80002680:	00f81e63          	bne	a6,a5,8000269c <_printf_i+0x140>
80002684:	401c                	lw	a5,0(s0)
80002686:	8b85                	andi	a5,a5,1
80002688:	cb91                	beqz	a5,8000269c <_printf_i+0x140>
8000268a:	4058                	lw	a4,4(s0)
8000268c:	481c                	lw	a5,16(s0)
8000268e:	00e7c763          	blt	a5,a4,8000269c <_printf_i+0x140>
80002692:	03000793          	li	a5,48
80002696:	fefa8fa3          	sb	a5,-1(s5)
8000269a:	1afd                	addi	s5,s5,-1
8000269c:	415686b3          	sub	a3,a3,s5
800026a0:	c814                	sw	a3,16(s0)
800026a2:	874e                	mv	a4,s3
800026a4:	86ca                	mv	a3,s2
800026a6:	0070                	addi	a2,sp,12
800026a8:	85a2                	mv	a1,s0
800026aa:	8526                	mv	a0,s1
800026ac:	3355                	jal	80002450 <_printf_common>
800026ae:	5a7d                	li	s4,-1
800026b0:	0d451b63          	bne	a0,s4,80002786 <_printf_i+0x22a>
800026b4:	557d                	li	a0,-1
800026b6:	50b2                	lw	ra,44(sp)
800026b8:	5422                	lw	s0,40(sp)
800026ba:	5492                	lw	s1,36(sp)
800026bc:	5902                	lw	s2,32(sp)
800026be:	49f2                	lw	s3,28(sp)
800026c0:	4a62                	lw	s4,24(sp)
800026c2:	4ad2                	lw	s5,20(sp)
800026c4:	4b42                	lw	s6,16(sp)
800026c6:	6145                	addi	sp,sp,48
800026c8:	8082                	ret
800026ca:	050582a3          	sb	a6,69(a1)
800026ce:	0000d617          	auipc	a2,0xd
800026d2:	3de60613          	addi	a2,a2,990 # 8000faac <__sf_fake_stdout+0x34>
800026d6:	400c                	lw	a1,0(s0)
800026d8:	4308                	lw	a0,0(a4)
800026da:	0805f813          	andi	a6,a1,128
800026de:	411c                	lw	a5,0(a0)
800026e0:	0511                	addi	a0,a0,4
800026e2:	02080d63          	beqz	a6,8000271c <_printf_i+0x1c0>
800026e6:	c308                	sw	a0,0(a4)
800026e8:	0015f713          	andi	a4,a1,1
800026ec:	c701                	beqz	a4,800026f4 <_printf_i+0x198>
800026ee:	0205e593          	ori	a1,a1,32
800026f2:	c00c                	sw	a1,0(s0)
800026f4:	4841                	li	a6,16
800026f6:	fbb1                	bnez	a5,8000264a <_printf_i+0xee>
800026f8:	4018                	lw	a4,0(s0)
800026fa:	fdf77713          	andi	a4,a4,-33
800026fe:	c018                	sw	a4,0(s0)
80002700:	b7a9                	j	8000264a <_printf_i+0xee>
80002702:	419c                	lw	a5,0(a1)
80002704:	0207e793          	ori	a5,a5,32
80002708:	c19c                	sw	a5,0(a1)
8000270a:	07800793          	li	a5,120
8000270e:	04f402a3          	sb	a5,69(s0)
80002712:	0000d617          	auipc	a2,0xd
80002716:	3ae60613          	addi	a2,a2,942 # 8000fac0 <__sf_fake_stdout+0x48>
8000271a:	bf75                	j	800026d6 <_printf_i+0x17a>
8000271c:	0405f813          	andi	a6,a1,64
80002720:	c308                	sw	a0,0(a4)
80002722:	fc0803e3          	beqz	a6,800026e8 <_printf_i+0x18c>
80002726:	07c2                	slli	a5,a5,0x10
80002728:	83c1                	srli	a5,a5,0x10
8000272a:	bf7d                	j	800026e8 <_printf_i+0x18c>
8000272c:	4821                	li	a6,8
8000272e:	bf31                	j	8000264a <_printf_i+0xee>
80002730:	4190                	lw	a2,0(a1)
80002732:	431c                	lw	a5,0(a4)
80002734:	49cc                	lw	a1,20(a1)
80002736:	08067813          	andi	a6,a2,128
8000273a:	00478513          	addi	a0,a5,4
8000273e:	00080663          	beqz	a6,8000274a <_printf_i+0x1ee>
80002742:	c308                	sw	a0,0(a4)
80002744:	439c                	lw	a5,0(a5)
80002746:	c38c                	sw	a1,0(a5)
80002748:	a801                	j	80002758 <_printf_i+0x1fc>
8000274a:	c308                	sw	a0,0(a4)
8000274c:	04067613          	andi	a2,a2,64
80002750:	439c                	lw	a5,0(a5)
80002752:	da75                	beqz	a2,80002746 <_printf_i+0x1ea>
80002754:	00b79023          	sh	a1,0(a5)
80002758:	00042823          	sw	zero,16(s0)
8000275c:	8ab6                	mv	s5,a3
8000275e:	b791                	j	800026a2 <_printf_i+0x146>
80002760:	431c                	lw	a5,0(a4)
80002762:	41d0                	lw	a2,4(a1)
80002764:	4581                	li	a1,0
80002766:	00478693          	addi	a3,a5,4
8000276a:	c314                	sw	a3,0(a4)
8000276c:	0007aa83          	lw	s5,0(a5)
80002770:	8556                	mv	a0,s5
80002772:	31c1                	jal	80002432 <memchr>
80002774:	c501                	beqz	a0,8000277c <_printf_i+0x220>
80002776:	41550533          	sub	a0,a0,s5
8000277a:	c048                	sw	a0,4(s0)
8000277c:	405c                	lw	a5,4(s0)
8000277e:	c81c                	sw	a5,16(s0)
80002780:	040401a3          	sb	zero,67(s0)
80002784:	bf39                	j	800026a2 <_printf_i+0x146>
80002786:	4814                	lw	a3,16(s0)
80002788:	8656                	mv	a2,s5
8000278a:	85ca                	mv	a1,s2
8000278c:	8526                	mv	a0,s1
8000278e:	9982                	jalr	s3
80002790:	f34502e3          	beq	a0,s4,800026b4 <_printf_i+0x158>
80002794:	401c                	lw	a5,0(s0)
80002796:	8b89                	andi	a5,a5,2
80002798:	e78d                	bnez	a5,800027c2 <_printf_i+0x266>
8000279a:	47b2                	lw	a5,12(sp)
8000279c:	4448                	lw	a0,12(s0)
8000279e:	f0f55ce3          	bge	a0,a5,800026b6 <_printf_i+0x15a>
800027a2:	853e                	mv	a0,a5
800027a4:	bf09                	j	800026b6 <_printf_i+0x15a>
800027a6:	4685                	li	a3,1
800027a8:	8656                	mv	a2,s5
800027aa:	85ca                	mv	a1,s2
800027ac:	8526                	mv	a0,s1
800027ae:	9982                	jalr	s3
800027b0:	f16502e3          	beq	a0,s6,800026b4 <_printf_i+0x158>
800027b4:	0a05                	addi	s4,s4,1
800027b6:	445c                	lw	a5,12(s0)
800027b8:	4732                	lw	a4,12(sp)
800027ba:	8f99                	sub	a5,a5,a4
800027bc:	fefa45e3          	blt	s4,a5,800027a6 <_printf_i+0x24a>
800027c0:	bfe9                	j	8000279a <_printf_i+0x23e>
800027c2:	4a01                	li	s4,0
800027c4:	01940a93          	addi	s5,s0,25
800027c8:	5b7d                	li	s6,-1
800027ca:	b7f5                	j	800027b6 <_printf_i+0x25a>

800027cc <_read_r>:
_read_r():
800027cc:	1141                	addi	sp,sp,-16
800027ce:	c422                	sw	s0,8(sp)
800027d0:	842a                	mv	s0,a0
800027d2:	852e                	mv	a0,a1
800027d4:	85b2                	mv	a1,a2
800027d6:	8636                	mv	a2,a3
800027d8:	8001aa23          	sw	zero,-2028(gp) # 90000074 <errno>
800027dc:	c606                	sw	ra,12(sp)
800027de:	d4cfe0ef          	jal	ra,80000d2a <_read>
800027e2:	57fd                	li	a5,-1
800027e4:	00f51663          	bne	a0,a5,800027f0 <_read_r+0x24>
800027e8:	8141a783          	lw	a5,-2028(gp) # 90000074 <errno>
800027ec:	c391                	beqz	a5,800027f0 <_read_r+0x24>
800027ee:	c01c                	sw	a5,0(s0)
800027f0:	40b2                	lw	ra,12(sp)
800027f2:	4422                	lw	s0,8(sp)
800027f4:	0141                	addi	sp,sp,16
800027f6:	8082                	ret
