
LeNet_oneP.elf:     file format elf32-littleriscv
LeNet_oneP.elf
architecture: riscv:rv32, flags 0x00000112:
EXEC_P, HAS_SYMS, D_PAGED
start address 0x80000000

Program Header:
    LOAD off    0x00001000 vaddr 0x80000000 paddr 0x80000000 align 2**12
         filesz 0x0000dce4 memsz 0x0000dce4 flags rwx
    LOAD off    0x0000f000 vaddr 0x90000000 paddr 0x8000dce4 align 2**12
         filesz 0x00000074 memsz 0x00000074 flags rw-
    LOAD off    0x00000074 vaddr 0x90000074 paddr 0x90000074 align 2**12
         filesz 0x00000000 memsz 0x00003b18 flags rw-
    LOAD off    0x00000800 vaddr 0x9000f800 paddr 0x90003b8c align 2**12
         filesz 0x00000000 memsz 0x00000800 flags rw-

Sections:
Idx Name              Size      VMA       LMA       File off  Algn  Flags
  0 .init             000000be  80000000  80000000  00001000  2**0  CONTENTS, ALLOC, LOAD, READONLY, CODE
  1 .ilalign          00000002  800000be  800000be  000010be  2**0  ALLOC
  2 .text             0000234c  800000c0  800000c0  000010c0  2**2  CONTENTS, ALLOC, LOAD, READONLY, CODE
  3 .rodata           0000b8d8  8000240c  8000240c  0000340c  2**2  CONTENTS, ALLOC, LOAD, READONLY, DATA
  4 .lalign           00000000  8000dce4  8000dce4  0000f074  2**0  CONTENTS
  5 .dalign           00000000  90000000  90000000  0000f074  2**0  CONTENTS
  6 .data             00000074  90000000  8000dce4  0000f000  2**2  CONTENTS, ALLOC, LOAD, DATA
  7 .bss              00003b18  90000074  90000074  0000f074  2**2  ALLOC
  8 .stack            00000800  9000f800  90003b8c  0000f800  2**0  ALLOC
  9 .debug_info       0000dc7d  00000000  00000000  0000f074  2**0  CONTENTS, READONLY, DEBUGGING, OCTETS
 10 .debug_abbrev     0000129e  00000000  00000000  0001ccf1  2**0  CONTENTS, READONLY, DEBUGGING, OCTETS
 11 .debug_loc        00002866  00000000  00000000  0001df8f  2**0  CONTENTS, READONLY, DEBUGGING, OCTETS
 12 .debug_aranges    00000340  00000000  00000000  000207f8  2**3  CONTENTS, READONLY, DEBUGGING, OCTETS
 13 .debug_ranges     00000858  00000000  00000000  00020b38  2**0  CONTENTS, READONLY, DEBUGGING, OCTETS
 14 .debug_line       0000474b  00000000  00000000  00021390  2**0  CONTENTS, READONLY, DEBUGGING, OCTETS
 15 .debug_str        00001540  00000000  00000000  00025adb  2**0  CONTENTS, READONLY, DEBUGGING, OCTETS
 16 .comment          00000012  00000000  00000000  0002701b  2**0  CONTENTS, READONLY
 17 .riscv.attributes 0000002f  00000000  00000000  0002702d  2**0  CONTENTS, READONLY
 18 .debug_frame      000004f4  00000000  00000000  0002705c  2**2  CONTENTS, READONLY, DEBUGGING, OCTETS
SYMBOL TABLE:
80000000 l    d  .init	00000000 .init
800000be l    d  .ilalign	00000000 .ilalign
800000c0 l    d  .text	00000000 .text
8000240c l    d  .rodata	00000000 .rodata
8000dce4 l    d  .lalign	00000000 .lalign
90000000 l    d  .dalign	00000000 .dalign
90000000 l    d  .data	00000000 .data
90000074 l    d  .bss	00000000 .bss
9000f800 l    d  .stack	00000000 .stack
00000000 l    d  .debug_info	00000000 .debug_info
00000000 l    d  .debug_abbrev	00000000 .debug_abbrev
00000000 l    d  .debug_loc	00000000 .debug_loc
00000000 l    d  .debug_aranges	00000000 .debug_aranges
00000000 l    d  .debug_ranges	00000000 .debug_ranges
00000000 l    d  .debug_line	00000000 .debug_line
00000000 l    d  .debug_str	00000000 .debug_str
00000000 l    d  .comment	00000000 .comment
00000000 l    d  .riscv.attributes	00000000 .riscv.attributes
00000000 l    d  .debug_frame	00000000 .debug_frame
00000000 l    df *ABS*	00000000 main.c
80000c9e l     F .text	000000c4 cnn_layer.constprop.0
90001390 l     O .bss	00001000 hw_x
90002390 l     O .bss	00001000 hw_y
9000011c l     O .bss	00000d80 c1_out
80002880 l     O .rodata	00000960 c3_weight_hw
80003260 l     O .rodata	00002000 c5a_weight_hw
800052e0 l     O .rodata	00002000 c5b_weight_hw
80007360 l     O .rodata	00002000 c5c_weight_hw
800093c0 l     O .rodata	00001800 c5d_weight_hw
8000b020 l     O .rodata	00002760 f6_weight_hw
90000e9c l     O .bss	00000400 c3_out
9000129c l     O .bss	00000078 c5_out
90001314 l     O .bss	00000054 f6_out
90001368 l     O .bss	00000028 final_out
90003390 l     O .bss	00000310 input_img
900036a0 l     O .bss	00000360 s2_out
90003a00 l     O .bss	00000100 s4_out
80002790 l     O .rodata	00000018 c1_bias
800027a8 l     O .rodata	00000096 c1_weight_hw
80002840 l     O .rodata	00000040 c3_bias
800031e0 l     O .rodata	00000080 c5a_bias
80005260 l     O .rodata	00000080 c5b_bias
800072e0 l     O .rodata	00000080 c5c_bias
80009360 l     O .rodata	00000060 c5d_bias
8000abc0 l     O .rodata	00000310 digit5_mnist
8000aed0 l     O .rodata	00000150 f6_bias
8000d780 l     O .rodata	00000028 out_bias
8000d7a8 l     O .rodata	00000348 out_weight_hw
00000000 l    df *ABS*	00000000 close.c
00000000 l    df *ABS*	00000000 fstat.c
00000000 l    df *ABS*	00000000 isatty.c
00000000 l    df *ABS*	00000000 lseek.c
00000000 l    df *ABS*	00000000 read.c
00000000 l    df *ABS*	00000000 sbrk.c
90000060 l     O .data	00000004 curbrk.0
00000000 l    df *ABS*	00000000 write.c
00000000 l    df *ABS*	00000000 hbirdv2_gpio.c
00000000 l    df *ABS*	00000000 hbirdv2_uart.c
00000000 l    df *ABS*	00000000 hbirdv2_common.c
00000000 l    df *ABS*	00000000 system_hbirdv2.c
80000a94 l     F .text	0000003e system_default_exception_handler
80000ad2 l     F .text	00000042 system_default_interrupt_handler
90000084 l     O .bss	00000028 SystemCoreInterruptHandlers
900000ac l     O .bss	0000002c SystemExceptionHandlers
900000d8 l     O .bss	00000044 SystemExtInterruptHandlers
00000000 l    df *ABS*	00000000 libgcc2.c
00000000 l    df *ABS*	00000000 atexit.c
00000000 l    df *ABS*	00000000 fini.c
00000000 l    df *ABS*	00000000 init.c
00000000 l    df *ABS*	00000000 printf.c
00000000 l    df *ABS*	00000000 puts.c
00000000 l    df *ABS*	00000000 sysisatty.c
00000000 l    df *ABS*	00000000 wbuf.c
00000000 l    df *ABS*	00000000 wsetup.c
00000000 l    df *ABS*	00000000 __atexit.c
90003b00 l     O .bss	0000008c _global_atexit0
00000000 l    df *ABS*	00000000 fflush.c
00000000 l    df *ABS*	00000000 findfp.c
80001668 l     F .text	00000068 std
00000000 l    df *ABS*	00000000 fwalk.c
00000000 l    df *ABS*	00000000 makebuf.c
00000000 l    df *ABS*	00000000 nano-mallocr.c
00000000 l    df *ABS*	00000000 nano-mallocr.c
00000000 l    df *ABS*	00000000 nano-vfprintf.c
80001b92 l     F .text	0000002a __sfputc_r
00000000 l    df *ABS*	00000000 sbrkr.c
00000000 l    df *ABS*	00000000 stdio.c
00000000 l    df *ABS*	00000000 writer.c
00000000 l    df *ABS*	00000000 closer.c
00000000 l    df *ABS*	00000000 fstatr.c
00000000 l    df *ABS*	00000000 isattyr.c
00000000 l    df *ABS*	00000000 lseekr.c
00000000 l    df *ABS*	00000000 memchr.c
00000000 l    df *ABS*	00000000 mlock.c
00000000 l    df *ABS*	00000000 nano-vfprintf_i.c
00000000 l    df *ABS*	00000000 readr.c
00000000 l    df *ABS*	00000000 libgcc2.c
00000000 l    df *ABS*	00000000 impure.c
90000000 l     O .data	00000060 impure_data
00000000 l    df *ABS*	00000000 
8000dce4 l       .rodata	00000000 __fini_array_end
8000dce4 l       .rodata	00000000 __fini_array_start
8000dce4 l       .rodata	00000000 __init_array_end
8000dce4 l       .rodata	00000000 __preinit_array_end
8000dce4 l       .rodata	00000000 __init_array_start
8000dce4 l       .rodata	00000000 __preinit_array_start
80001ff2 g     F .text	00000028 _isatty_r
8000119a g     F .text	000000da _puts_r
8000201a g     F .text	0000002c _lseek_r
80001160 g     F .text	0000003a printf
90000860 g       .data	00000000 __global_pointer$
80001f38 g     F .text	00000036 __sseek
8000171e g     F .text	00000066 __sinit
80001280 g     F .text	000000c0 __swbuf_r
800016da g     F .text	00000044 __sfmoreglue
80002062 g     F .text	00000002 __malloc_unlock
80001fc8 g     F .text	0000002a _fstat_r
90000074 g     O .bss	00000004 errno
00000800 g       *ABS*	00000000 __stack_size
800009f0 g     F .text	00000014 uart_write
8000dce4 g       .rodata	00000000 __rt_init_start
8000dce4 g       .rodata	00000000 __fsymtab_end
800000c0 g       .ilalign	00000000 _ilm_lma
800016d0 g     F .text	0000000a _cleanup_r
80001274 g     F .text	00000008 puts
8000dce4 g       .rodata	00000000 __rt_init_end
90000064 g     O .data	00000004 SystemCoreClock
8000127c g     F .text	00000004 isatty
80000854  w    F .text	0000001a _fstat
80000a82 g     F .text	00000012 get_cpu_freq
80001e92 g     F .text	00000028 _sbrk_r
800023e0 g     F .text	0000002c _read_r
8000dce4 g       .rodata	00000000 _eilm
9000f800 g       .stack	00000000 _heap_end
8000086e  w    F .text	00000004 _isatty
90000070 g     O .data	00000004 _global_impure_ptr
80001102 g     F .text	0000005e __libc_init_array
80000d62 g     F .text	00000360 .hidden __udivdi3
80000898  w    F .text	00000030 _sbrk
80000c9a g     F .text	00000002 _init
800010cc g     F .text	00000036 __libc_fini_array
800000c0 g       .ilalign	00000000 _ilm
80000bb2 g     F .text	000000e6 _premain_init
8000dbf0 g     O .rodata	00000020 __sf_fake_stderr
80000b22 g     F .text	00000090 core_trap_handler
80001bbc g     F .text	00000042 __sfputs_r
800009b6 g     F .text	0000003a uart_init
80002046 g     F .text	0000001a memchr
80001a24 g     F .text	0000009e _free_r
90000078 g     O .bss	00000004 _global_atexit
90010000 g       .stack	00000000 _sp
80000000 g     F .init	00000000 _start
80000872  w    F .text	00000004 _lseek
80001446 g     F .text	00000078 __register_exitproc
80001fa0 g     F .text	00000028 _close_r
80001340 g     F .text	00000106 __swsetup_r
80001784 g     F .text	00000098 __sfp
80001eba g     F .text	00000030 __sread
80002060 g     F .text	00000002 __malloc_lock
80001604 g     F .text	00000064 _fflush_r
8000dc10 g     O .rodata	00000020 __sf_fake_stdin
90000074 g       .bss	00000000 __bss_start
8000197c g     F .text	000000a8 memset
800000c0 g     F .text	0000078a main
8000092c  w      .text	00000000 trap_entry
80001f6e g     F .text	00000006 __sclose
80001ac2 g     F .text	000000d0 _malloc_r
8000dce4 g       .rodata	00000000 __vsymtab_start
80000b14 g     F .text	0000000e SystemInit
80000c9c g     F .text	00000002 _fini
80001160 g     F .text	0000003a iprintf
8000daf0 g     O .rodata	00000100 .hidden __clz_tab
800010c2 g     F .text	0000000a atexit
80001f74 g     F .text	0000002c _write_r
80002064 g     F .text	0000010c _printf_common
90000068 g     O .data	00000004 _impure_ptr
800014be g     F .text	00000146 __sflush_r
90000000 g       .dalign	00000000 _data
8000dce4 g       .rodata	00000000 __vsymtab_end
80000a1a g     F .text	00000068 measure_cpu_freq
80001886 g     F .text	0000005a __swhatbuf_r
800008c8  w    F .text	00000062 _write
90000074 g       .bss	00000000 _edata
80000c98 g     F .text	00000002 _postmain_fini
90003b90 g       .bss	00000000 _end
8000dce4 g       .lalign	00000000 _data_lma
80000a04 g     F .text	00000016 uart_read
80001eea g     F .text	0000004e __swrite
80001bfe g     F .text	00000294 _vfiprintf_r
8000181c g     F .text	0000006a _fwalk_reent
8000dc30 g     O .rodata	00000020 __sf_fake_stdout
80000876  w    F .text	00000022 _read
800018e0 g     F .text	0000009c __smakebuf_r
80002170 g     F .text	00000270 _printf_i
90000080 g     O .bss	00000004 __malloc_sbrk_start
9000007c g     O .bss	00000004 __malloc_free_list
8000dce4 g       .rodata	00000000 __fsymtab_start
80001bfe g     F .text	00000294 _vfprintf_r
800009a4 g     F .text	00000012 gpio_iof_config
8000084a  w    F .text	0000000a _close



Disassembly of section .init:

80000000 <_start>:
_start():
D:\fpgafile\e203_cnn\sdk\LeNet_oneP\Debug/../hbird_sdk/SoC/hbirdv2/Common/Source/GCC/startup_hbirdv2.S:40
 * Reset Handler called on controller reset
 */
_start:
    /* ===== Startup Stage 1 ===== */
    /* Disable Global Interrupt */
    csrc CSR_MSTATUS, MSTATUS_MIE
80000000:	30047073          	csrci	mstatus,8
D:\fpgafile\e203_cnn\sdk\LeNet_oneP\Debug/../hbird_sdk/SoC/hbirdv2/Common/Source/GCC/startup_hbirdv2.S:42
    /* Disable all interrupts controlled by CSR MIE */
    csrw CSR_MIE, 0x0
80000004:	30405073          	csrwi	mie,0
D:\fpgafile\e203_cnn\sdk\LeNet_oneP\Debug/../hbird_sdk/SoC/hbirdv2/Common/Source/GCC/startup_hbirdv2.S:47

    /* Initialize GP and Stack Pointer SP */
    .option push
    .option norelax
    la gp, __global_pointer$
80000008:	10001197          	auipc	gp,0x10001
8000000c:	85818193          	addi	gp,gp,-1960 # 90000860 <__global_pointer$>
D:\fpgafile\e203_cnn\sdk\LeNet_oneP\Debug/../hbird_sdk/SoC/hbirdv2/Common/Source/GCC/startup_hbirdv2.S:49
    .option pop
    la sp, _sp
80000010:	10010117          	auipc	sp,0x10010
80000014:	ff010113          	addi	sp,sp,-16 # 90010000 <_sp>
D:\fpgafile\e203_cnn\sdk\LeNet_oneP\Debug/../hbird_sdk/SoC/hbirdv2/Common/Source/GCC/startup_hbirdv2.S:54

    /*
     * Set Trap Entry MTVEC to trap_entry
     */
    la t0, trap_entry
80000018:	00001297          	auipc	t0,0x1
8000001c:	91428293          	addi	t0,t0,-1772 # 8000092c <trap_entry>
D:\fpgafile\e203_cnn\sdk\LeNet_oneP\Debug/../hbird_sdk/SoC/hbirdv2/Common/Source/GCC/startup_hbirdv2.S:55
    csrw CSR_MTVEC, t0
80000020:	30529073          	csrw	mtvec,t0
D:\fpgafile\e203_cnn\sdk\LeNet_oneP\Debug/../hbird_sdk/SoC/hbirdv2/Common/Source/GCC/startup_hbirdv2.S:58

    /* Direct Mode: All exceptions set pc to BASE. */
    csrc CSR_MTVEC, 0x3
80000024:	3051f073          	csrci	mtvec,3
D:\fpgafile\e203_cnn\sdk\LeNet_oneP\Debug/../hbird_sdk/SoC/hbirdv2/Common/Source/GCC/startup_hbirdv2.S:74
    /* ===== Startup Stage 3 ===== */
    /*
     * Load code section frm FLASH to ILM
     * when code LMA is different with VMA
     */
    la a0, _ilm_lma
80000028:	00000517          	auipc	a0,0x0
8000002c:	09850513          	addi	a0,a0,152 # 800000c0 <main>
D:\fpgafile\e203_cnn\sdk\LeNet_oneP\Debug/../hbird_sdk/SoC/hbirdv2/Common/Source/GCC/startup_hbirdv2.S:75
    la a1, _ilm
80000030:	00000597          	auipc	a1,0x0
80000034:	09058593          	addi	a1,a1,144 # 800000c0 <main>
D:\fpgafile\e203_cnn\sdk\LeNet_oneP\Debug/../hbird_sdk/SoC/hbirdv2/Common/Source/GCC/startup_hbirdv2.S:77
    /* If the ILM phy-address same as the logic-address, then quit */
    beq a0, a1, 2f
80000038:	02b50063          	beq	a0,a1,80000058 <_start+0x58>
D:\fpgafile\e203_cnn\sdk\LeNet_oneP\Debug/../hbird_sdk/SoC/hbirdv2/Common/Source/GCC/startup_hbirdv2.S:78
    la a2, _eilm
8000003c:	0000e617          	auipc	a2,0xe
80000040:	ca860613          	addi	a2,a2,-856 # 8000dce4 <__fsymtab_end>
D:\fpgafile\e203_cnn\sdk\LeNet_oneP\Debug/../hbird_sdk/SoC/hbirdv2/Common/Source/GCC/startup_hbirdv2.S:79
    bgeu a1, a2, 2f
80000044:	00c5fa63          	bgeu	a1,a2,80000058 <_start+0x58>
D:\fpgafile\e203_cnn\sdk\LeNet_oneP\Debug/../hbird_sdk/SoC/hbirdv2/Common/Source/GCC/startup_hbirdv2.S:83

1:
    /* Load code section if necessary */
    lw t0, (a0)
80000048:	00052283          	lw	t0,0(a0)
D:\fpgafile\e203_cnn\sdk\LeNet_oneP\Debug/../hbird_sdk/SoC/hbirdv2/Common/Source/GCC/startup_hbirdv2.S:84
    sw t0, (a1)
8000004c:	0055a023          	sw	t0,0(a1)
D:\fpgafile\e203_cnn\sdk\LeNet_oneP\Debug/../hbird_sdk/SoC/hbirdv2/Common/Source/GCC/startup_hbirdv2.S:85
    addi a0, a0, 4
80000050:	0511                	addi	a0,a0,4
D:\fpgafile\e203_cnn\sdk\LeNet_oneP\Debug/../hbird_sdk/SoC/hbirdv2/Common/Source/GCC/startup_hbirdv2.S:86
    addi a1, a1, 4
80000052:	0591                	addi	a1,a1,4
D:\fpgafile\e203_cnn\sdk\LeNet_oneP\Debug/../hbird_sdk/SoC/hbirdv2/Common/Source/GCC/startup_hbirdv2.S:87
    bltu a1, a2, 1b
80000054:	fec5eae3          	bltu	a1,a2,80000048 <_start+0x48>
D:\fpgafile\e203_cnn\sdk\LeNet_oneP\Debug/../hbird_sdk/SoC/hbirdv2/Common/Source/GCC/startup_hbirdv2.S:90
2:
    /* Load data section */
    la a0, _data_lma
80000058:	0000e517          	auipc	a0,0xe
8000005c:	c8c50513          	addi	a0,a0,-884 # 8000dce4 <__fsymtab_end>
D:\fpgafile\e203_cnn\sdk\LeNet_oneP\Debug/../hbird_sdk/SoC/hbirdv2/Common/Source/GCC/startup_hbirdv2.S:91
    la a1, _data
80000060:	10000597          	auipc	a1,0x10000
80000064:	fa058593          	addi	a1,a1,-96 # 90000000 <impure_data>
D:\fpgafile\e203_cnn\sdk\LeNet_oneP\Debug/../hbird_sdk/SoC/hbirdv2/Common/Source/GCC/startup_hbirdv2.S:92
    la a2, _edata
80000068:	81418613          	addi	a2,gp,-2028 # 90000074 <errno>
D:\fpgafile\e203_cnn\sdk\LeNet_oneP\Debug/../hbird_sdk/SoC/hbirdv2/Common/Source/GCC/startup_hbirdv2.S:93
    bgeu a1, a2, 2f
8000006c:	00c5fa63          	bgeu	a1,a2,80000080 <_start+0x80>
D:\fpgafile\e203_cnn\sdk\LeNet_oneP\Debug/../hbird_sdk/SoC/hbirdv2/Common/Source/GCC/startup_hbirdv2.S:95
1:
    lw t0, (a0)
80000070:	00052283          	lw	t0,0(a0)
D:\fpgafile\e203_cnn\sdk\LeNet_oneP\Debug/../hbird_sdk/SoC/hbirdv2/Common/Source/GCC/startup_hbirdv2.S:96
    sw t0, (a1)
80000074:	0055a023          	sw	t0,0(a1)
D:\fpgafile\e203_cnn\sdk\LeNet_oneP\Debug/../hbird_sdk/SoC/hbirdv2/Common/Source/GCC/startup_hbirdv2.S:97
    addi a0, a0, 4
80000078:	0511                	addi	a0,a0,4
D:\fpgafile\e203_cnn\sdk\LeNet_oneP\Debug/../hbird_sdk/SoC/hbirdv2/Common/Source/GCC/startup_hbirdv2.S:98
    addi a1, a1, 4
8000007a:	0591                	addi	a1,a1,4
D:\fpgafile\e203_cnn\sdk\LeNet_oneP\Debug/../hbird_sdk/SoC/hbirdv2/Common/Source/GCC/startup_hbirdv2.S:99
    bltu a1, a2, 1b
8000007c:	fec5eae3          	bltu	a1,a2,80000070 <_start+0x70>
D:\fpgafile\e203_cnn\sdk\LeNet_oneP\Debug/../hbird_sdk/SoC/hbirdv2/Common/Source/GCC/startup_hbirdv2.S:102
2:
    /* Clear bss section */
    la a0, __bss_start
80000080:	81418513          	addi	a0,gp,-2028 # 90000074 <errno>
D:\fpgafile\e203_cnn\sdk\LeNet_oneP\Debug/../hbird_sdk/SoC/hbirdv2/Common/Source/GCC/startup_hbirdv2.S:103
    la a1, _end
80000084:	10004597          	auipc	a1,0x10004
80000088:	b0c58593          	addi	a1,a1,-1268 # 90003b90 <_end>
D:\fpgafile\e203_cnn\sdk\LeNet_oneP\Debug/../hbird_sdk/SoC/hbirdv2/Common/Source/GCC/startup_hbirdv2.S:104
    bgeu a0, a1, 2f
8000008c:	00b57763          	bgeu	a0,a1,8000009a <_start+0x9a>
D:\fpgafile\e203_cnn\sdk\LeNet_oneP\Debug/../hbird_sdk/SoC/hbirdv2/Common/Source/GCC/startup_hbirdv2.S:106
1:
    sw zero, (a0)
80000090:	00052023          	sw	zero,0(a0)
D:\fpgafile\e203_cnn\sdk\LeNet_oneP\Debug/../hbird_sdk/SoC/hbirdv2/Common/Source/GCC/startup_hbirdv2.S:107
    addi a0, a0, 4
80000094:	0511                	addi	a0,a0,4
D:\fpgafile\e203_cnn\sdk\LeNet_oneP\Debug/../hbird_sdk/SoC/hbirdv2/Common/Source/GCC/startup_hbirdv2.S:108
    bltu a0, a1, 1b
80000096:	feb56de3          	bltu	a0,a1,80000090 <_start+0x90>
D:\fpgafile\e203_cnn\sdk\LeNet_oneP\Debug/../hbird_sdk/SoC/hbirdv2/Common/Source/GCC/startup_hbirdv2.S:115

    /*
     * Call vendor defined SystemInit to
     * initialize the micro-controller system
     */
    call SystemInit
8000009a:	27b000ef          	jal	ra,80000b14 <SystemInit>
D:\fpgafile\e203_cnn\sdk\LeNet_oneP\Debug/../hbird_sdk/SoC/hbirdv2/Common/Source/GCC/startup_hbirdv2.S:118

    /* Call global constructors */
    la a0, __libc_fini_array
8000009e:	00001517          	auipc	a0,0x1
800000a2:	02e50513          	addi	a0,a0,46 # 800010cc <__libc_fini_array>
D:\fpgafile\e203_cnn\sdk\LeNet_oneP\Debug/../hbird_sdk/SoC/hbirdv2/Common/Source/GCC/startup_hbirdv2.S:119
    call atexit
800000a6:	01c010ef          	jal	ra,800010c2 <atexit>
D:\fpgafile\e203_cnn\sdk\LeNet_oneP\Debug/../hbird_sdk/SoC/hbirdv2/Common/Source/GCC/startup_hbirdv2.S:121
    /* Call C/C++ constructor start up code */
    call __libc_init_array
800000aa:	058010ef          	jal	ra,80001102 <__libc_init_array>
D:\fpgafile\e203_cnn\sdk\LeNet_oneP\Debug/../hbird_sdk/SoC/hbirdv2/Common/Source/GCC/startup_hbirdv2.S:124

    /* do pre-init steps before main */
    call _premain_init
800000ae:	305000ef          	jal	ra,80000bb2 <_premain_init>
D:\fpgafile\e203_cnn\sdk\LeNet_oneP\Debug/../hbird_sdk/SoC/hbirdv2/Common/Source/GCC/startup_hbirdv2.S:127
    /* ===== Call Main Function  ===== */
    /* argc = argv = 0 */
    li a0, 0
800000b2:	4501                	li	a0,0
D:\fpgafile\e203_cnn\sdk\LeNet_oneP\Debug/../hbird_sdk/SoC/hbirdv2/Common/Source/GCC/startup_hbirdv2.S:128
    li a1, 0
800000b4:	4581                	li	a1,0
D:\fpgafile\e203_cnn\sdk\LeNet_oneP\Debug/../hbird_sdk/SoC/hbirdv2/Common/Source/GCC/startup_hbirdv2.S:134

#ifdef RTOS_RTTHREAD
    // Call entry function when using RT-Thread
    call entry
#else
    call main
800000b6:	2029                	jal	800000c0 <main>
D:\fpgafile\e203_cnn\sdk\LeNet_oneP\Debug/../hbird_sdk/SoC/hbirdv2/Common/Source/GCC/startup_hbirdv2.S:137
#endif
    /* do post-main steps after main */
    call _postmain_fini
800000b8:	3e1000ef          	jal	ra,80000c98 <_postmain_fini>
D:\fpgafile\e203_cnn\sdk\LeNet_oneP\Debug/../hbird_sdk/SoC/hbirdv2/Common/Source/GCC/startup_hbirdv2.S:140

1:
    j 1b
800000bc:	a001                	j	800000bc <_start+0xbc>

Disassembly of section .text:

800000c0 <main>:
main():
D:\fpgafile\e203_cnn\sdk\LeNet_oneP\Debug/../application/main.c:105
    return best;
}

// ============ 主函数 ============
int main(void)
{
800000c0:	7139                	addi	sp,sp,-64
D:\fpgafile\e203_cnn\sdk\LeNet_oneP\Debug/../application/main.c:106
    printf("\n===== LeNet-5 INT8 Hardware Inference =====\n");
800000c2:	00002517          	auipc	a0,0x2
800000c6:	41250513          	addi	a0,a0,1042 # 800024d4 <_read_r+0xf4>
D:\fpgafile\e203_cnn\sdk\LeNet_oneP\Debug/../application/main.c:105
{
800000ca:	de06                	sw	ra,60(sp)
800000cc:	dc22                	sw	s0,56(sp)
800000ce:	da26                	sw	s1,52(sp)
800000d0:	d84a                	sw	s2,48(sp)
800000d2:	d64e                	sw	s3,44(sp)
800000d4:	d452                	sw	s4,40(sp)
800000d6:	d256                	sw	s5,36(sp)
800000d8:	d05a                	sw	s6,32(sp)
800000da:	ce5e                	sw	s7,28(sp)
800000dc:	cc62                	sw	s8,24(sp)
D:\fpgafile\e203_cnn\sdk\LeNet_oneP\Debug/../application/main.c:106
    printf("\n===== LeNet-5 INT8 Hardware Inference =====\n");
800000de:	196010ef          	jal	ra,80001274 <puts>
D:\fpgafile\e203_cnn\sdk\LeNet_oneP\Debug/../application/main.c:107
    printf("Core: RV32I (E203) + CNN Accelerator\n");
800000e2:	00002517          	auipc	a0,0x2
800000e6:	42250513          	addi	a0,a0,1058 # 80002504 <_read_r+0x124>
800000ea:	18a010ef          	jal	ra,80001274 <puts>
D:\fpgafile\e203_cnn\sdk\LeNet_oneP\Debug/../application/main.c:108
    printf("Quant shift: %d\n", QUANT_SHIFT);
800000ee:	45a1                	li	a1,8
800000f0:	00002517          	auipc	a0,0x2
800000f4:	43c50513          	addi	a0,a0,1084 # 8000252c <_read_r+0x14c>
800000f8:	068010ef          	jal	ra,80001160 <iprintf>
D:\fpgafile\e203_cnn\sdk\LeNet_oneP\Debug/../application/main.c:109
    printf("Test image: MNIST real digit %d\n", TEST_DIGIT);
800000fc:	4595                	li	a1,5
800000fe:	00002517          	auipc	a0,0x2
80000102:	44250513          	addi	a0,a0,1090 # 80002540 <_read_r+0x160>
80000106:	05a010ef          	jal	ra,80001160 <iprintf>
D:\fpgafile\e203_cnn\sdk\LeNet_oneP\Debug/../application/main.c:110
    printf("C5: 4 segments (32+32+32+24)\n");
8000010a:	00002517          	auipc	a0,0x2
8000010e:	45a50513          	addi	a0,a0,1114 # 80002564 <_read_r+0x184>
80000112:	162010ef          	jal	ra,80001274 <puts>
cnn_init():
D:\fpgafile\e203_cnn\sdk\LeNet_oneP\Debug/../application/../include/cnn.h:60
}

/* ---- 基本操作 ---- */
static inline int cnn_init(void)
{
    return (CNN_RD(CNN_VERSION) == 0x00010000u) ? 0 : -1;
80000116:	400007b7          	lui	a5,0x40000
8000011a:	5b98                	lw	a4,48(a5)
8000011c:	67c1                	lui	a5,0x10
8000011e:	70f71f63          	bne	a4,a5,8000083c <main+0x77c>
main():
D:\fpgafile\e203_cnn\sdk\LeNet_oneP\Debug/../application/main.c:117
    // 硬件初始化
    if (cnn_init() != 0) {
        printf("ERROR: CNN VERSION != 0x00010000, bridge not working!\n");
        while (1);
    }
    printf("CNN VERSION OK\n");
80000122:	00002517          	auipc	a0,0x2
80000126:	46250513          	addi	a0,a0,1122 # 80002584 <_read_r+0x1a4>
8000012a:	14a010ef          	jal	ra,80001274 <puts>
D:\fpgafile\e203_cnn\sdk\LeNet_oneP\Debug/../application/main.c:120

    // 输入
    printf("Initializing test data...\n");
8000012e:	00002517          	auipc	a0,0x2
80000132:	46650513          	addi	a0,a0,1126 # 80002594 <_read_r+0x1b4>
80000136:	13e010ef          	jal	ra,80001274 <puts>
init_input():
D:\fpgafile\e203_cnn\sdk\LeNet_oneP\Debug/../application/main.c:64
    for (int i = 0; i < INPUT_H; i++)
8000013a:	0000b817          	auipc	a6,0xb
8000013e:	a8780813          	addi	a6,a6,-1401 # 8000abc1 <digit5_mnist+0x1>
80000142:	10003617          	auipc	a2,0x10003
80000146:	26a60613          	addi	a2,a2,618 # 900033ac <input_img+0x1c>
8000014a:	10003897          	auipc	a7,0x10003
8000014e:	57288893          	addi	a7,a7,1394 # 900036bc <s2_out+0x1c>
main():
D:\fpgafile\e203_cnn\sdk\LeNet_oneP\Debug/../application/main.c:120
    printf("Initializing test data...\n");
80000152:	4781                	li	a5,0
init_input():
D:\fpgafile\e203_cnn\sdk\LeNet_oneP\Debug/../application/main.c:66
            input_img[i][j] = (int8_t)(src[i][j] * 100 / 255);
80000154:	06400513          	li	a0,100
80000158:	0ff00593          	li	a1,255
D:\fpgafile\e203_cnn\sdk\LeNet_oneP\Debug/../application/main.c:65
        for (int j = 0; j < INPUT_W; j++)
8000015c:	fe460713          	addi	a4,a2,-28
main():
D:\fpgafile\e203_cnn\sdk\LeNet_oneP\Debug/../application/main.c:105
{
80000160:	86c2                	mv	a3,a6
80000162:	a021                	j	8000016a <main+0xaa>
init_input():
D:\fpgafile\e203_cnn\sdk\LeNet_oneP\Debug/../application/main.c:66
            input_img[i][j] = (int8_t)(src[i][j] * 100 / 255);
80000164:	0006c783          	lbu	a5,0(a3)
80000168:	0685                	addi	a3,a3,1
8000016a:	02a787b3          	mul	a5,a5,a0
D:\fpgafile\e203_cnn\sdk\LeNet_oneP\Debug/../application/main.c:65
        for (int j = 0; j < INPUT_W; j++)
8000016e:	0705                	addi	a4,a4,1
D:\fpgafile\e203_cnn\sdk\LeNet_oneP\Debug/../application/main.c:66
            input_img[i][j] = (int8_t)(src[i][j] * 100 / 255);
80000170:	02b7c7b3          	div	a5,a5,a1
80000174:	fef70fa3          	sb	a5,-1(a4)
D:\fpgafile\e203_cnn\sdk\LeNet_oneP\Debug/../application/main.c:65
        for (int j = 0; j < INPUT_W; j++)
80000178:	fec716e3          	bne	a4,a2,80000164 <main+0xa4>
D:\fpgafile\e203_cnn\sdk\LeNet_oneP\Debug/../application/main.c:64
    for (int i = 0; i < INPUT_H; i++)
8000017c:	0671                	addi	a2,a2,28
8000017e:	0871                	addi	a6,a6,28
80000180:	01160563          	beq	a2,a7,8000018a <main+0xca>
D:\fpgafile\e203_cnn\sdk\LeNet_oneP\Debug/../application/main.c:66
            input_img[i][j] = (int8_t)(src[i][j] * 100 / 255);
80000184:	fff84783          	lbu	a5,-1(a6)
80000188:	bfd1                	j	8000015c <main+0x9c>
main():
D:\fpgafile\e203_cnn\sdk\LeNet_oneP\Debug/../application/main.c:122
    init_input();
    printf("Init done.\n");
8000018a:	00002517          	auipc	a0,0x2
8000018e:	42650513          	addi	a0,a0,1062 # 800025b0 <_read_r+0x1d0>
80000192:	0e2010ef          	jal	ra,80001274 <puts>
get_cycle():
D:\fpgafile\e203_cnn\sdk\LeNet_oneP\Debug/../application/../include/csr.h:55
}

// mcycle 你已经有
static inline uint32_t get_cycle(void) {
    uint32_t v;
    asm volatile ("csrr %0, 0xB00" : "=r"(v));
80000196:	b00024f3          	csrr	s1,mcycle
main():
D:\fpgafile\e203_cnn\sdk\LeNet_oneP\Debug/../application/main.c:130
    uint32_t t_start = get_cycle();

    // ==================== C1 ====================
    for (int h = 0; h < 28; h++)
        for (int w = 0; w < 28; w++)
            hw_x[h * 28 + w] = input_img[h][w];
8000019a:	10003797          	auipc	a5,0x10003
8000019e:	1f678793          	addi	a5,a5,502 # 90003390 <input_img>
800001a2:	10001717          	auipc	a4,0x10001
800001a6:	1ee70713          	addi	a4,a4,494 # 90001390 <hw_x>
800001aa:	10003697          	auipc	a3,0x10003
800001ae:	4f668693          	addi	a3,a3,1270 # 900036a0 <s2_out>
800001b2:	0007a803          	lw	a6,0(a5)
800001b6:	43c8                	lw	a0,4(a5)
800001b8:	478c                	lw	a1,8(a5)
800001ba:	47d0                	lw	a2,12(a5)
800001bc:	01072023          	sw	a6,0(a4)
800001c0:	c348                	sw	a0,4(a4)
800001c2:	c70c                	sw	a1,8(a4)
800001c4:	c750                	sw	a2,12(a4)
800001c6:	07c1                	addi	a5,a5,16
800001c8:	0741                	addi	a4,a4,16
800001ca:	fed794e3          	bne	a5,a3,800001b2 <main+0xf2>
D:\fpgafile\e203_cnn\sdk\LeNet_oneP\Debug/../application/main.c:132

    cnn_layer(28, 28, 1, 5, 6, 1, 0, QUANT_SHIFT, 1,
800001ce:	6305                	lui	t1,0x1
800001d0:	d8030993          	addi	s3,t1,-640 # d80 <__stack_size+0x580>
800001d4:	00002817          	auipc	a6,0x2
800001d8:	5d480813          	addi	a6,a6,1492 # 800027a8 <c1_weight_hw>
800001dc:	4719                	li	a4,6
800001de:	45f1                	li	a1,28
800001e0:	c04e                	sw	s3,0(sp)
800001e2:	00002897          	auipc	a7,0x2
800001e6:	5ae88893          	addi	a7,a7,1454 # 80002790 <c1_bias>
800001ea:	4785                	li	a5,1
800001ec:	4695                	li	a3,5
800001ee:	4605                	li	a2,1
800001f0:	4571                	li	a0,28
800001f2:	2ad000ef          	jal	ra,80000c9e <cnn_layer.constprop.0>
D:\fpgafile\e203_cnn\sdk\LeNet_oneP\Debug/../application/main.c:135
              hw_x, c1_weight_hw, c1_bias, hw_y, 24 * 24 * 6);

    for (int i = 0; i < 24 * 24 * 6; i++) {
800001f6:	10002417          	auipc	s0,0x10002
800001fa:	19a40413          	addi	s0,s0,410 # 90002390 <hw_y>
D:\fpgafile\e203_cnn\sdk\LeNet_oneP\Debug/../application/main.c:132
    cnn_layer(28, 28, 1, 5, 6, 1, 0, QUANT_SHIFT, 1,
800001fe:	8922                	mv	s2,s0
80000200:	85a2                	mv	a1,s0
D:\fpgafile\e203_cnn\sdk\LeNet_oneP\Debug/../application/main.c:135
    for (int i = 0; i < 24 * 24 * 6; i++) {
80000202:	4701                	li	a4,0
80000204:	10000f17          	auipc	t5,0x10000
80000208:	f18f0f13          	addi	t5,t5,-232 # 9000011c <c1_out>
D:\fpgafile\e203_cnn\sdk\LeNet_oneP\Debug/../application/main.c:138
        int oc = i % 6;
        int ow = (i / 6) % 24;
        int oh = (i / 6) / 24;
8000020c:	09000e93          	li	t4,144
D:\fpgafile\e203_cnn\sdk\LeNet_oneP\Debug/../application/main.c:136
        int oc = i % 6;
80000210:	4819                	li	a6,6
D:\fpgafile\e203_cnn\sdk\LeNet_oneP\Debug/../application/main.c:137
        int ow = (i / 6) % 24;
80000212:	4e61                	li	t3,24
D:\fpgafile\e203_cnn\sdk\LeNet_oneP\Debug/../application/main.c:135
    for (int i = 0; i < 24 * 24 * 6; i++) {
80000214:	834e                	mv	t1,s3
D:\fpgafile\e203_cnn\sdk\LeNet_oneP\Debug/../application/main.c:137 (discriminator 3)
        int ow = (i / 6) % 24;
80000216:	03074633          	div	a2,a4,a6
D:\fpgafile\e203_cnn\sdk\LeNet_oneP\Debug/../application/main.c:139 (discriminator 3)
        c1_out[oc][oh][ow] = hw_y[i];
8000021a:	0005c883          	lbu	a7,0(a1)
D:\fpgafile\e203_cnn\sdk\LeNet_oneP\Debug/../application/main.c:135 (discriminator 3)
    for (int i = 0; i < 24 * 24 * 6; i++) {
8000021e:	0585                	addi	a1,a1,1
D:\fpgafile\e203_cnn\sdk\LeNet_oneP\Debug/../application/main.c:138 (discriminator 3)
        int oh = (i / 6) / 24;
80000220:	03d746b3          	div	a3,a4,t4
D:\fpgafile\e203_cnn\sdk\LeNet_oneP\Debug/../application/main.c:136 (discriminator 3)
        int oc = i % 6;
80000224:	03076533          	rem	a0,a4,a6
D:\fpgafile\e203_cnn\sdk\LeNet_oneP\Debug/../application/main.c:139 (discriminator 3)
        c1_out[oc][oh][ow] = hw_y[i];
80000228:	00169793          	slli	a5,a3,0x1
8000022c:	97b6                	add	a5,a5,a3
8000022e:	078e                	slli	a5,a5,0x3
D:\fpgafile\e203_cnn\sdk\LeNet_oneP\Debug/../application/main.c:135 (discriminator 3)
    for (int i = 0; i < 24 * 24 * 6; i++) {
80000230:	0705                	addi	a4,a4,1
D:\fpgafile\e203_cnn\sdk\LeNet_oneP\Debug/../application/main.c:137 (discriminator 3)
        int ow = (i / 6) % 24;
80000232:	03c66633          	rem	a2,a2,t3
D:\fpgafile\e203_cnn\sdk\LeNet_oneP\Debug/../application/main.c:139 (discriminator 3)
        c1_out[oc][oh][ow] = hw_y[i];
80000236:	00351693          	slli	a3,a0,0x3
8000023a:	96aa                	add	a3,a3,a0
8000023c:	069a                	slli	a3,a3,0x6
8000023e:	97b6                	add	a5,a5,a3
80000240:	97fa                	add	a5,a5,t5
80000242:	97b2                	add	a5,a5,a2
80000244:	01178023          	sb	a7,0(a5)
D:\fpgafile\e203_cnn\sdk\LeNet_oneP\Debug/../application/main.c:135 (discriminator 3)
    for (int i = 0; i < 24 * 24 * 6; i++) {
80000248:	fc6717e3          	bne	a4,t1,80000216 <main+0x156>
D:\fpgafile\e203_cnn\sdk\LeNet_oneP\Debug/../application/main.c:141
    }
    printf("C1 done\n");
8000024c:	00002517          	auipc	a0,0x2
80000250:	3a850513          	addi	a0,a0,936 # 800025f4 <_read_r+0x214>
80000254:	020010ef          	jal	ra,80001274 <puts>
80000258:	10003f97          	auipc	t6,0x10003
8000025c:	448f8f93          	addi	t6,t6,1096 # 900036a0 <s2_out>
80000260:	4f01                	li	t5,0
80000262:	4e81                	li	t4,0
80000264:	10000997          	auipc	s3,0x10000
80000268:	ed098993          	addi	s3,s3,-304 # 90000134 <c1_out+0x18>
8000026c:	10000397          	auipc	t2,0x10000
80000270:	10838393          	addi	t2,t2,264 # 90000374 <c1_out+0x258>
pool_s2():
D:\fpgafile\e203_cnn\sdk\LeNet_oneP\Debug/../application/main.c:71
    for (int ch = 0; ch < C1_OUT_CH; ch++)
80000274:	36000293          	li	t0,864
D:\fpgafile\e203_cnn\sdk\LeNet_oneP\Debug/../application/main.c:72
        for (int oh = 0; oh < S2_OUT_H; oh++)
80000278:	01d988b3          	add	a7,s3,t4
main():
D:\fpgafile\e203_cnn\sdk\LeNet_oneP\Debug/../application/main.c:135
    for (int i = 0; i < 24 * 24 * 6; i++) {
8000027c:	837e                	mv	t1,t6
8000027e:	01d38e33          	add	t3,t2,t4
pool_s2():
D:\fpgafile\e203_cnn\sdk\LeNet_oneP\Debug/../application/main.c:73
            for (int ow = 0; ow < S2_OUT_W; ow++) {
80000282:	fe888713          	addi	a4,a7,-24
main():
D:\fpgafile\e203_cnn\sdk\LeNet_oneP\Debug/../application/main.c:135
    for (int i = 0; i < 24 * 24 * 6; i++) {
80000286:	851a                	mv	a0,t1
80000288:	86c6                	mv	a3,a7
pool_s2():
D:\fpgafile\e203_cnn\sdk\LeNet_oneP\Debug/../application/main.c:77
                        sum += c1_out[ch][oh * 2 + m][ow * 2 + n];
8000028a:	00070583          	lb	a1,0(a4)
8000028e:	00170803          	lb	a6,1(a4)
80000292:	00068603          	lb	a2,0(a3)
80000296:	00168783          	lb	a5,1(a3)
8000029a:	95c2                	add	a1,a1,a6
8000029c:	962e                	add	a2,a2,a1
8000029e:	97b2                	add	a5,a5,a2
D:\fpgafile\e203_cnn\sdk\LeNet_oneP\Debug/../application/main.c:78
                s2_out[ch][oh][ow] = (int8_t)(sum >> 2);
800002a0:	8789                	srai	a5,a5,0x2
800002a2:	00f50023          	sb	a5,0(a0)
D:\fpgafile\e203_cnn\sdk\LeNet_oneP\Debug/../application/main.c:73
            for (int ow = 0; ow < S2_OUT_W; ow++) {
800002a6:	0709                	addi	a4,a4,2
800002a8:	0689                	addi	a3,a3,2
800002aa:	0505                	addi	a0,a0,1
800002ac:	fce89fe3          	bne	a7,a4,8000028a <main+0x1ca>
D:\fpgafile\e203_cnn\sdk\LeNet_oneP\Debug/../application/main.c:72
        for (int oh = 0; oh < S2_OUT_H; oh++)
800002b0:	03088893          	addi	a7,a7,48
800002b4:	0331                	addi	t1,t1,12
800002b6:	fdc896e3          	bne	a7,t3,80000282 <main+0x1c2>
D:\fpgafile\e203_cnn\sdk\LeNet_oneP\Debug/../application/main.c:71
    for (int ch = 0; ch < C1_OUT_CH; ch++)
800002ba:	090f0f13          	addi	t5,t5,144
800002be:	090f8f93          	addi	t6,t6,144
800002c2:	240e8e93          	addi	t4,t4,576
800002c6:	fa5f19e3          	bne	t5,t0,80000278 <main+0x1b8>
main():
D:\fpgafile\e203_cnn\sdk\LeNet_oneP\Debug/../application/main.c:145

    // ==================== S2 ====================
    pool_s2();
    printf("S2 done\n");
800002ca:	00002517          	auipc	a0,0x2
800002ce:	33250513          	addi	a0,a0,818 # 800025fc <_read_r+0x21c>
800002d2:	7a3000ef          	jal	ra,80001274 <puts>
D:\fpgafile\e203_cnn\sdk\LeNet_oneP\Debug/../application/main.c:148

    // ==================== C3 ====================
    for (int h = 0; h < 12; h++)
800002d6:	10003517          	auipc	a0,0x10003
800002da:	3d650513          	addi	a0,a0,982 # 900036ac <s2_out+0xc>
800002de:	10001897          	auipc	a7,0x10001
800002e2:	0b888893          	addi	a7,a7,184 # 90001396 <hw_x+0x6>
D:\fpgafile\e203_cnn\sdk\LeNet_oneP\Debug/../application/main.c:145
    printf("S2 done\n");
800002e6:	4801                	li	a6,0
D:\fpgafile\e203_cnn\sdk\LeNet_oneP\Debug/../application/main.c:148
    for (int h = 0; h < 12; h++)
800002e8:	09000313          	li	t1,144
D:\fpgafile\e203_cnn\sdk\LeNet_oneP\Debug/../application/main.c:149
        for (int w = 0; w < 12; w++)
800002ec:	ff450593          	addi	a1,a0,-12
D:\fpgafile\e203_cnn\sdk\LeNet_oneP\Debug/../application/main.c:141
    printf("C1 done\n");
800002f0:	8646                	mv	a2,a7
D:\fpgafile\e203_cnn\sdk\LeNet_oneP\Debug/../application/main.c:150
            for (int c = 0; c < 6; c++)
800002f2:	ffa60793          	addi	a5,a2,-6
D:\fpgafile\e203_cnn\sdk\LeNet_oneP\Debug/../application/main.c:141
    printf("C1 done\n");
800002f6:	872e                	mv	a4,a1
D:\fpgafile\e203_cnn\sdk\LeNet_oneP\Debug/../application/main.c:151 (discriminator 3)
                hw_x[(h * 12 + w) * 6 + c] = s2_out[c][h][w];
800002f8:	00074683          	lbu	a3,0(a4)
D:\fpgafile\e203_cnn\sdk\LeNet_oneP\Debug/../application/main.c:150 (discriminator 3)
            for (int c = 0; c < 6; c++)
800002fc:	0785                	addi	a5,a5,1
800002fe:	09070713          	addi	a4,a4,144
D:\fpgafile\e203_cnn\sdk\LeNet_oneP\Debug/../application/main.c:151 (discriminator 3)
                hw_x[(h * 12 + w) * 6 + c] = s2_out[c][h][w];
80000302:	fed78fa3          	sb	a3,-1(a5)
D:\fpgafile\e203_cnn\sdk\LeNet_oneP\Debug/../application/main.c:150 (discriminator 3)
            for (int c = 0; c < 6; c++)
80000306:	fef619e3          	bne	a2,a5,800002f8 <main+0x238>
D:\fpgafile\e203_cnn\sdk\LeNet_oneP\Debug/../application/main.c:149 (discriminator 2)
        for (int w = 0; w < 12; w++)
8000030a:	0585                	addi	a1,a1,1
8000030c:	0619                	addi	a2,a2,6
8000030e:	feb512e3          	bne	a0,a1,800002f2 <main+0x232>
D:\fpgafile\e203_cnn\sdk\LeNet_oneP\Debug/../application/main.c:148 (discriminator 2)
    for (int h = 0; h < 12; h++)
80000312:	0831                	addi	a6,a6,12
80000314:	0531                	addi	a0,a0,12
80000316:	04888893          	addi	a7,a7,72
8000031a:	fc6819e3          	bne	a6,t1,800002ec <main+0x22c>
D:\fpgafile\e203_cnn\sdk\LeNet_oneP\Debug/../application/main.c:153

    cnn_layer(12, 12, 6, 5, 16, 1, 0, QUANT_SHIFT, 1,
8000031e:	40000793          	li	a5,1024
80000322:	c03e                	sw	a5,0(sp)
80000324:	00002817          	auipc	a6,0x2
80000328:	55c80813          	addi	a6,a6,1372 # 80002880 <c3_weight_hw>
8000032c:	4741                	li	a4,16
8000032e:	4619                	li	a2,6
80000330:	4531                	li	a0,12
80000332:	00002897          	auipc	a7,0x2
80000336:	50e88893          	addi	a7,a7,1294 # 80002840 <c3_bias>
8000033a:	4785                	li	a5,1
8000033c:	4695                	li	a3,5
8000033e:	45b1                	li	a1,12
80000340:	15f000ef          	jal	ra,80000c9e <cnn_layer.constprop.0>
80000344:	10002617          	auipc	a2,0x10002
80000348:	04c60613          	addi	a2,a2,76 # 90002390 <hw_y>
D:\fpgafile\e203_cnn\sdk\LeNet_oneP\Debug/../application/main.c:156
              hw_x, c3_weight_hw, c3_bias, hw_y, 8 * 8 * 16);

    for (int i = 0; i < 8 * 8 * 16; i++) {
8000034c:	4701                	li	a4,0
8000034e:	63c18813          	addi	a6,gp,1596 # 90000e9c <c3_out>
80000352:	40000513          	li	a0,1024
D:\fpgafile\e203_cnn\sdk\LeNet_oneP\Debug/../application/main.c:157 (discriminator 3)
        int oc = i % 16;
80000356:	00f77793          	andi	a5,a4,15
D:\fpgafile\e203_cnn\sdk\LeNet_oneP\Debug/../application/main.c:159 (discriminator 3)
        int ow = (i / 16) % 8;
        int oh = (i / 16) / 8;
8000035a:	40775693          	srai	a3,a4,0x7
D:\fpgafile\e203_cnn\sdk\LeNet_oneP\Debug/../application/main.c:160 (discriminator 3)
        c3_out[oc][oh][ow] = hw_y[i];
8000035e:	078e                	slli	a5,a5,0x3
80000360:	97b6                	add	a5,a5,a3
80000362:	00064583          	lbu	a1,0(a2)
D:\fpgafile\e203_cnn\sdk\LeNet_oneP\Debug/../application/main.c:158 (discriminator 3)
        int ow = (i / 16) % 8;
80000366:	40475693          	srai	a3,a4,0x4
D:\fpgafile\e203_cnn\sdk\LeNet_oneP\Debug/../application/main.c:160 (discriminator 3)
        c3_out[oc][oh][ow] = hw_y[i];
8000036a:	078e                	slli	a5,a5,0x3
D:\fpgafile\e203_cnn\sdk\LeNet_oneP\Debug/../application/main.c:158 (discriminator 3)
        int ow = (i / 16) % 8;
8000036c:	8a9d                	andi	a3,a3,7
D:\fpgafile\e203_cnn\sdk\LeNet_oneP\Debug/../application/main.c:160 (discriminator 3)
        c3_out[oc][oh][ow] = hw_y[i];
8000036e:	97c2                	add	a5,a5,a6
80000370:	97b6                	add	a5,a5,a3
80000372:	00b78023          	sb	a1,0(a5)
D:\fpgafile\e203_cnn\sdk\LeNet_oneP\Debug/../application/main.c:156 (discriminator 3)
    for (int i = 0; i < 8 * 8 * 16; i++) {
80000376:	0705                	addi	a4,a4,1
80000378:	0605                	addi	a2,a2,1
8000037a:	fca71ee3          	bne	a4,a0,80000356 <main+0x296>
D:\fpgafile\e203_cnn\sdk\LeNet_oneP\Debug/../application/main.c:162
    }
    printf("C3 done\n");
8000037e:	00002517          	auipc	a0,0x2
80000382:	28650513          	addi	a0,a0,646 # 80002604 <_read_r+0x224>
80000386:	6ef000ef          	jal	ra,80001274 <puts>
pool_s4():
D:\fpgafile\e203_cnn\sdk\LeNet_oneP\Debug/../application/main.c:84
    for (int ch = 0; ch < S4_OUT_CH; ch++)
8000038a:	10003997          	auipc	s3,0x10003
8000038e:	67698993          	addi	s3,s3,1654 # 90003a00 <s4_out>
80000392:	10003e97          	auipc	t4,0x10003
80000396:	67ee8e93          	addi	t4,t4,1662 # 90003a10 <s4_out+0x10>
8000039a:	63c18f93          	addi	t6,gp,1596 # 90000e9c <c3_out>
main():
D:\fpgafile\e203_cnn\sdk\LeNet_oneP\Debug/../application/main.c:162
    printf("C3 done\n");
8000039e:	4f01                	li	t5,0
pool_s4():
D:\fpgafile\e203_cnn\sdk\LeNet_oneP\Debug/../application/main.c:86
            for (int ow = 0; ow < S4_OUT_W; ow++) {
800003a0:	4e11                	li	t3,4
D:\fpgafile\e203_cnn\sdk\LeNet_oneP\Debug/../application/main.c:84
    for (int ch = 0; ch < S4_OUT_CH; ch++)
800003a2:	04000293          	li	t0,64
D:\fpgafile\e203_cnn\sdk\LeNet_oneP\Debug/../application/main.c:85
        for (int oh = 0; oh < S4_OUT_H; oh++)
800003a6:	ff0e8893          	addi	a7,t4,-16
D:\fpgafile\e203_cnn\sdk\LeNet_oneP\Debug/../application/main.c:86
            for (int ow = 0; ow < S4_OUT_W; ow++) {
800003aa:	837e                	mv	t1,t6
800003ac:	00830613          	addi	a2,t1,8
main():
D:\fpgafile\e203_cnn\sdk\LeNet_oneP\Debug/../application/main.c:156
    for (int i = 0; i < 8 * 8 * 16; i++) {
800003b0:	869a                	mv	a3,t1
pool_s4():
D:\fpgafile\e203_cnn\sdk\LeNet_oneP\Debug/../application/main.c:86
            for (int ow = 0; ow < S4_OUT_W; ow++) {
800003b2:	4701                	li	a4,0
D:\fpgafile\e203_cnn\sdk\LeNet_oneP\Debug/../application/main.c:90
                        sum += c3_out[ch][oh * 2 + m][ow * 2 + n];
800003b4:	00068503          	lb	a0,0(a3)
800003b8:	00168803          	lb	a6,1(a3)
800003bc:	00060583          	lb	a1,0(a2)
800003c0:	00160783          	lb	a5,1(a2)
800003c4:	9542                	add	a0,a0,a6
800003c6:	95aa                	add	a1,a1,a0
800003c8:	97ae                	add	a5,a5,a1
D:\fpgafile\e203_cnn\sdk\LeNet_oneP\Debug/../application/main.c:91
                s4_out[ch][oh][ow] = (int8_t)(sum >> 2);
800003ca:	8789                	srai	a5,a5,0x2
800003cc:	00e885b3          	add	a1,a7,a4
800003d0:	00f58023          	sb	a5,0(a1)
D:\fpgafile\e203_cnn\sdk\LeNet_oneP\Debug/../application/main.c:86
            for (int ow = 0; ow < S4_OUT_W; ow++) {
800003d4:	0705                	addi	a4,a4,1
800003d6:	0689                	addi	a3,a3,2
800003d8:	0609                	addi	a2,a2,2
800003da:	fdc71de3          	bne	a4,t3,800003b4 <main+0x2f4>
D:\fpgafile\e203_cnn\sdk\LeNet_oneP\Debug/../application/main.c:85
        for (int oh = 0; oh < S4_OUT_H; oh++)
800003de:	0891                	addi	a7,a7,4
800003e0:	0341                	addi	t1,t1,16
800003e2:	fd1e95e3          	bne	t4,a7,800003ac <main+0x2ec>
D:\fpgafile\e203_cnn\sdk\LeNet_oneP\Debug/../application/main.c:84
    for (int ch = 0; ch < S4_OUT_CH; ch++)
800003e6:	0f11                	addi	t5,t5,4
800003e8:	0ec1                	addi	t4,t4,16
800003ea:	040f8f93          	addi	t6,t6,64
800003ee:	fa5f1ce3          	bne	t5,t0,800003a6 <main+0x2e6>
main():
D:\fpgafile\e203_cnn\sdk\LeNet_oneP\Debug/../application/main.c:166

    // ==================== S4 ====================
    pool_s4();
    printf("S4 done\n");
800003f2:	00002517          	auipc	a0,0x2
800003f6:	21a50513          	addi	a0,a0,538 # 8000260c <_read_r+0x22c>
800003fa:	67b000ef          	jal	ra,80001274 <puts>
D:\fpgafile\e203_cnn\sdk\LeNet_oneP\Debug/../application/main.c:170

    // ==================== C5 (拆成 4 段) ====================
    // 输入 4×4×16，K=4，4 段共享同一输入
    for (int h = 0; h < 4; h++)
800003fe:	10001817          	auipc	a6,0x10001
80000402:	fa280813          	addi	a6,a6,-94 # 900013a0 <hw_x+0x10>
D:\fpgafile\e203_cnn\sdk\LeNet_oneP\Debug/../application/main.c:166
    printf("S4 done\n");
80000406:	4501                	li	a0,0
D:\fpgafile\e203_cnn\sdk\LeNet_oneP\Debug/../application/main.c:170
    for (int h = 0; h < 4; h++)
80000408:	4341                	li	t1,16
D:\fpgafile\e203_cnn\sdk\LeNet_oneP\Debug/../application/main.c:162
    printf("C3 done\n");
8000040a:	85ce                	mv	a1,s3
8000040c:	8642                	mv	a2,a6
8000040e:	00498893          	addi	a7,s3,4
D:\fpgafile\e203_cnn\sdk\LeNet_oneP\Debug/../application/main.c:172
        for (int w = 0; w < 4; w++)
            for (int c = 0; c < 16; c++)
80000412:	ff060793          	addi	a5,a2,-16
D:\fpgafile\e203_cnn\sdk\LeNet_oneP\Debug/../application/main.c:162
    printf("C3 done\n");
80000416:	872e                	mv	a4,a1
D:\fpgafile\e203_cnn\sdk\LeNet_oneP\Debug/../application/main.c:173 (discriminator 3)
                hw_x[(h * 4 + w) * 16 + c] = s4_out[c][h][w];
80000418:	00074683          	lbu	a3,0(a4)
D:\fpgafile\e203_cnn\sdk\LeNet_oneP\Debug/../application/main.c:172 (discriminator 3)
            for (int c = 0; c < 16; c++)
8000041c:	0785                	addi	a5,a5,1
8000041e:	0741                	addi	a4,a4,16
D:\fpgafile\e203_cnn\sdk\LeNet_oneP\Debug/../application/main.c:173 (discriminator 3)
                hw_x[(h * 4 + w) * 16 + c] = s4_out[c][h][w];
80000420:	fed78fa3          	sb	a3,-1(a5)
D:\fpgafile\e203_cnn\sdk\LeNet_oneP\Debug/../application/main.c:172 (discriminator 3)
            for (int c = 0; c < 16; c++)
80000424:	fef61ae3          	bne	a2,a5,80000418 <main+0x358>
D:\fpgafile\e203_cnn\sdk\LeNet_oneP\Debug/../application/main.c:171 (discriminator 2)
        for (int w = 0; w < 4; w++)
80000428:	0585                	addi	a1,a1,1
8000042a:	0641                	addi	a2,a2,16
8000042c:	ff1593e3          	bne	a1,a7,80000412 <main+0x352>
D:\fpgafile\e203_cnn\sdk\LeNet_oneP\Debug/../application/main.c:170 (discriminator 2)
    for (int h = 0; h < 4; h++)
80000430:	0511                	addi	a0,a0,4
80000432:	04080813          	addi	a6,a6,64
80000436:	00650463          	beq	a0,t1,8000043e <main+0x37e>
8000043a:	89ae                	mv	s3,a1
8000043c:	b7f9                	j	8000040a <main+0x34a>
D:\fpgafile\e203_cnn\sdk\LeNet_oneP\Debug/../application/main.c:176

    // C5a: oc=0..31
    cnn_layer(4, 4, 16, 4, 32, 1, 0, QUANT_SHIFT, 1,
8000043e:	02000a13          	li	s4,32
80000442:	00003897          	auipc	a7,0x3
80000446:	d9e88893          	addi	a7,a7,-610 # 800031e0 <c5a_bias>
8000044a:	00003817          	auipc	a6,0x3
8000044e:	e1680813          	addi	a6,a6,-490 # 80003260 <c5a_weight_hw>
80000452:	4785                	li	a5,1
80000454:	02000713          	li	a4,32
80000458:	4691                	li	a3,4
8000045a:	4641                	li	a2,16
8000045c:	4591                	li	a1,4
8000045e:	4511                	li	a0,4
80000460:	c052                	sw	s4,0(sp)
80000462:	03d000ef          	jal	ra,80000c9e <cnn_layer.constprop.0>
D:\fpgafile\e203_cnn\sdk\LeNet_oneP\Debug/../application/main.c:179
              hw_x, c5a_weight_hw, c5a_bias, hw_y, 32);
    for (int i = 0; i < 32; i++)
        c5_out[i] = hw_y[i];
80000466:	00092303          	lw	t1,0(s2)
8000046a:	00492883          	lw	a7,4(s2)
8000046e:	00892803          	lw	a6,8(s2)
80000472:	00c92583          	lw	a1,12(s2)
80000476:	01092603          	lw	a2,16(s2)
8000047a:	01492683          	lw	a3,20(s2)
8000047e:	01892703          	lw	a4,24(s2)
80000482:	01c92783          	lw	a5,28(s2)
80000486:	10001997          	auipc	s3,0x10001
8000048a:	e1698993          	addi	s3,s3,-490 # 9000129c <c5_out>
8000048e:	0069a023          	sw	t1,0(s3)
80000492:	0119a223          	sw	a7,4(s3)
80000496:	0109a423          	sw	a6,8(s3)
8000049a:	00b9a623          	sw	a1,12(s3)
8000049e:	00c9a823          	sw	a2,16(s3)
800004a2:	00d9aa23          	sw	a3,20(s3)
800004a6:	00e9ac23          	sw	a4,24(s3)
800004aa:	00f9ae23          	sw	a5,28(s3)
D:\fpgafile\e203_cnn\sdk\LeNet_oneP\Debug/../application/main.c:180
    printf("C5a done (oc 0..31)\n");
800004ae:	00002517          	auipc	a0,0x2
800004b2:	16650513          	addi	a0,a0,358 # 80002614 <_read_r+0x234>
800004b6:	5bf000ef          	jal	ra,80001274 <puts>
D:\fpgafile\e203_cnn\sdk\LeNet_oneP\Debug/../application/main.c:183

    // C5b: oc=32..63
    cnn_layer(4, 4, 16, 4, 32, 1, 0, QUANT_SHIFT, 1,
800004ba:	00005897          	auipc	a7,0x5
800004be:	da688893          	addi	a7,a7,-602 # 80005260 <c5b_bias>
800004c2:	00005817          	auipc	a6,0x5
800004c6:	e1e80813          	addi	a6,a6,-482 # 800052e0 <c5b_weight_hw>
800004ca:	4785                	li	a5,1
800004cc:	02000713          	li	a4,32
800004d0:	4691                	li	a3,4
800004d2:	4641                	li	a2,16
800004d4:	4591                	li	a1,4
800004d6:	4511                	li	a0,4
800004d8:	c052                	sw	s4,0(sp)
800004da:	7c4000ef          	jal	ra,80000c9e <cnn_layer.constprop.0>
D:\fpgafile\e203_cnn\sdk\LeNet_oneP\Debug/../application/main.c:186
              hw_x, c5b_weight_hw, c5b_bias, hw_y, 32);
    for (int i = 0; i < 32; i++)
        c5_out[32 + i] = hw_y[i];
800004de:	00092e03          	lw	t3,0(s2)
800004e2:	00492303          	lw	t1,4(s2)
800004e6:	00892883          	lw	a7,8(s2)
800004ea:	00c92803          	lw	a6,12(s2)
800004ee:	01092583          	lw	a1,16(s2)
800004f2:	01492603          	lw	a2,20(s2)
800004f6:	01892683          	lw	a3,24(s2)
800004fa:	01c92703          	lw	a4,28(s2)
800004fe:	10001797          	auipc	a5,0x10001
80000502:	dbe78793          	addi	a5,a5,-578 # 900012bc <c5_out+0x20>
80000506:	01c7a023          	sw	t3,0(a5)
8000050a:	0067a223          	sw	t1,4(a5)
8000050e:	0117a423          	sw	a7,8(a5)
80000512:	0107a623          	sw	a6,12(a5)
80000516:	cb8c                	sw	a1,16(a5)
80000518:	cbd0                	sw	a2,20(a5)
8000051a:	cf94                	sw	a3,24(a5)
8000051c:	cfd8                	sw	a4,28(a5)
D:\fpgafile\e203_cnn\sdk\LeNet_oneP\Debug/../application/main.c:187
    printf("C5b done (oc 32..63)\n");
8000051e:	00002517          	auipc	a0,0x2
80000522:	10a50513          	addi	a0,a0,266 # 80002628 <_read_r+0x248>
80000526:	54f000ef          	jal	ra,80001274 <puts>
D:\fpgafile\e203_cnn\sdk\LeNet_oneP\Debug/../application/main.c:190

    // C5c: oc=64..95
    cnn_layer(4, 4, 16, 4, 32, 1, 0, QUANT_SHIFT, 1,
8000052a:	00007897          	auipc	a7,0x7
8000052e:	db688893          	addi	a7,a7,-586 # 800072e0 <c5c_bias>
80000532:	00007817          	auipc	a6,0x7
80000536:	e2e80813          	addi	a6,a6,-466 # 80007360 <c5c_weight_hw>
8000053a:	4785                	li	a5,1
8000053c:	02000713          	li	a4,32
80000540:	4691                	li	a3,4
80000542:	4641                	li	a2,16
80000544:	4591                	li	a1,4
80000546:	4511                	li	a0,4
80000548:	c052                	sw	s4,0(sp)
8000054a:	754000ef          	jal	ra,80000c9e <cnn_layer.constprop.0>
D:\fpgafile\e203_cnn\sdk\LeNet_oneP\Debug/../application/main.c:193
              hw_x, c5c_weight_hw, c5c_bias, hw_y, 32);
    for (int i = 0; i < 32; i++)
        c5_out[64 + i] = hw_y[i];
8000054e:	00092e03          	lw	t3,0(s2)
80000552:	00492303          	lw	t1,4(s2)
80000556:	00892883          	lw	a7,8(s2)
8000055a:	00c92803          	lw	a6,12(s2)
8000055e:	01092583          	lw	a1,16(s2)
80000562:	01492603          	lw	a2,20(s2)
80000566:	01892683          	lw	a3,24(s2)
8000056a:	01c92703          	lw	a4,28(s2)
8000056e:	10001797          	auipc	a5,0x10001
80000572:	d6e78793          	addi	a5,a5,-658 # 900012dc <c5_out+0x40>
80000576:	01c7a023          	sw	t3,0(a5)
8000057a:	0067a223          	sw	t1,4(a5)
8000057e:	0117a423          	sw	a7,8(a5)
80000582:	0107a623          	sw	a6,12(a5)
80000586:	cb8c                	sw	a1,16(a5)
80000588:	cbd0                	sw	a2,20(a5)
8000058a:	cf94                	sw	a3,24(a5)
8000058c:	cfd8                	sw	a4,28(a5)
D:\fpgafile\e203_cnn\sdk\LeNet_oneP\Debug/../application/main.c:194
    printf("C5c done (oc 64..95)\n");
8000058e:	00002517          	auipc	a0,0x2
80000592:	0b250513          	addi	a0,a0,178 # 80002640 <_read_r+0x260>
80000596:	4df000ef          	jal	ra,80001274 <puts>
D:\fpgafile\e203_cnn\sdk\LeNet_oneP\Debug/../application/main.c:197

    // C5d: oc=96..119
    cnn_layer(4, 4, 16, 4, 24, 1, 0, QUANT_SHIFT, 1,
8000059a:	4361                	li	t1,24
8000059c:	00009897          	auipc	a7,0x9
800005a0:	dc488893          	addi	a7,a7,-572 # 80009360 <c5d_bias>
800005a4:	00009817          	auipc	a6,0x9
800005a8:	e1c80813          	addi	a6,a6,-484 # 800093c0 <c5d_weight_hw>
800005ac:	4785                	li	a5,1
800005ae:	4761                	li	a4,24
800005b0:	4691                	li	a3,4
800005b2:	4641                	li	a2,16
800005b4:	4591                	li	a1,4
800005b6:	4511                	li	a0,4
800005b8:	c01a                	sw	t1,0(sp)
800005ba:	6e4000ef          	jal	ra,80000c9e <cnn_layer.constprop.0>
D:\fpgafile\e203_cnn\sdk\LeNet_oneP\Debug/../application/main.c:200
              hw_x, c5d_weight_hw, c5d_bias, hw_y, 24);
    for (int i = 0; i < 24; i++)
        c5_out[96 + i] = hw_y[i];
800005be:	01492703          	lw	a4,20(s2)
800005c2:	00092883          	lw	a7,0(s2)
800005c6:	00492803          	lw	a6,4(s2)
800005ca:	00892583          	lw	a1,8(s2)
800005ce:	00c92603          	lw	a2,12(s2)
800005d2:	01092683          	lw	a3,16(s2)
800005d6:	10001797          	auipc	a5,0x10001
800005da:	d2678793          	addi	a5,a5,-730 # 900012fc <c5_out+0x60>
800005de:	cbd8                	sw	a4,20(a5)
800005e0:	0117a023          	sw	a7,0(a5)
800005e4:	0107a223          	sw	a6,4(a5)
800005e8:	c78c                	sw	a1,8(a5)
800005ea:	c7d0                	sw	a2,12(a5)
800005ec:	cb94                	sw	a3,16(a5)
D:\fpgafile\e203_cnn\sdk\LeNet_oneP\Debug/../application/main.c:201
    printf("C5d done (oc 96..119)\n");
800005ee:	00002517          	auipc	a0,0x2
800005f2:	06a50513          	addi	a0,a0,106 # 80002658 <_read_r+0x278>
800005f6:	47f000ef          	jal	ra,80001274 <puts>
D:\fpgafile\e203_cnn\sdk\LeNet_oneP\Debug/../application/main.c:205

    // ==================== F6 ====================
    for (int i = 0; i < 120; i++)
        hw_x[i] = c5_out[i];
800005fa:	10001797          	auipc	a5,0x10001
800005fe:	d9678793          	addi	a5,a5,-618 # 90001390 <hw_x>
80000602:	10001717          	auipc	a4,0x10001
80000606:	d1270713          	addi	a4,a4,-750 # 90001314 <f6_out>
8000060a:	0009a803          	lw	a6,0(s3)
8000060e:	0049a503          	lw	a0,4(s3)
80000612:	0089a583          	lw	a1,8(s3)
80000616:	00c9a603          	lw	a2,12(s3)
8000061a:	0109a683          	lw	a3,16(s3)
8000061e:	0107a023          	sw	a6,0(a5)
80000622:	c3c8                	sw	a0,4(a5)
80000624:	c78c                	sw	a1,8(a5)
80000626:	c7d0                	sw	a2,12(a5)
80000628:	cb94                	sw	a3,16(a5)
8000062a:	09d1                	addi	s3,s3,20
8000062c:	07d1                	addi	a5,a5,20
8000062e:	fce99ee3          	bne	s3,a4,8000060a <main+0x54a>
D:\fpgafile\e203_cnn\sdk\LeNet_oneP\Debug/../application/main.c:207

    cnn_layer(1, 1, 120, 1, 84, 1, 0, QUANT_SHIFT, 1,
80000632:	05400793          	li	a5,84
80000636:	c03e                	sw	a5,0(sp)
80000638:	05400713          	li	a4,84
8000063c:	4785                	li	a5,1
8000063e:	4685                	li	a3,1
80000640:	0000b897          	auipc	a7,0xb
80000644:	89088893          	addi	a7,a7,-1904 # 8000aed0 <f6_bias>
80000648:	0000b817          	auipc	a6,0xb
8000064c:	9d880813          	addi	a6,a6,-1576 # 8000b020 <f6_weight_hw>
80000650:	07800613          	li	a2,120
80000654:	4585                	li	a1,1
80000656:	4505                	li	a0,1
80000658:	2599                	jal	80000c9e <cnn_layer.constprop.0>
D:\fpgafile\e203_cnn\sdk\LeNet_oneP\Debug/../application/main.c:211
              hw_x, f6_weight_hw, f6_bias, hw_y, 84);

    for (int i = 0; i < 84; i++)
        f6_out[i] = hw_y[i];
8000065a:	10002797          	auipc	a5,0x10002
8000065e:	d3678793          	addi	a5,a5,-714 # 90002390 <hw_y>
80000662:	10001717          	auipc	a4,0x10001
80000666:	cb270713          	addi	a4,a4,-846 # 90001314 <f6_out>
8000066a:	10002697          	auipc	a3,0x10002
8000066e:	d7668693          	addi	a3,a3,-650 # 900023e0 <hw_y+0x50>
80000672:	0007a803          	lw	a6,0(a5)
80000676:	43c8                	lw	a0,4(a5)
80000678:	478c                	lw	a1,8(a5)
8000067a:	47d0                	lw	a2,12(a5)
8000067c:	01072023          	sw	a6,0(a4)
80000680:	c348                	sw	a0,4(a4)
80000682:	c70c                	sw	a1,8(a4)
80000684:	c750                	sw	a2,12(a4)
80000686:	07c1                	addi	a5,a5,16
80000688:	0741                	addi	a4,a4,16
8000068a:	fed794e3          	bne	a5,a3,80000672 <main+0x5b2>
8000068e:	439c                	lw	a5,0(a5)
D:\fpgafile\e203_cnn\sdk\LeNet_oneP\Debug/../application/main.c:212
    printf("F6 done\n");
80000690:	00002517          	auipc	a0,0x2
80000694:	fe050513          	addi	a0,a0,-32 # 80002670 <_read_r+0x290>
D:\fpgafile\e203_cnn\sdk\LeNet_oneP\Debug/../application/main.c:211
        f6_out[i] = hw_y[i];
80000698:	c31c                	sw	a5,0(a4)
D:\fpgafile\e203_cnn\sdk\LeNet_oneP\Debug/../application/main.c:212
    printf("F6 done\n");
8000069a:	3db000ef          	jal	ra,80001274 <puts>
D:\fpgafile\e203_cnn\sdk\LeNet_oneP\Debug/../application/main.c:216

    // ==================== OUT ====================
    for (int i = 0; i < 84; i++)
        hw_x[i] = f6_out[i];
8000069e:	10001797          	auipc	a5,0x10001
800006a2:	c7678793          	addi	a5,a5,-906 # 90001314 <f6_out>
800006a6:	10001317          	auipc	t1,0x10001
800006aa:	cea30313          	addi	t1,t1,-790 # 90001390 <hw_x>
800006ae:	10001717          	auipc	a4,0x10001
800006b2:	cb670713          	addi	a4,a4,-842 # 90001364 <f6_out+0x50>
800006b6:	4388                	lw	a0,0(a5)
800006b8:	43cc                	lw	a1,4(a5)
800006ba:	4790                	lw	a2,8(a5)
800006bc:	47d4                	lw	a3,12(a5)
800006be:	00a32023          	sw	a0,0(t1)
800006c2:	00b32223          	sw	a1,4(t1)
800006c6:	00c32423          	sw	a2,8(t1)
800006ca:	00d32623          	sw	a3,12(t1)
800006ce:	07c1                	addi	a5,a5,16
800006d0:	0341                	addi	t1,t1,16
800006d2:	fee792e3          	bne	a5,a4,800006b6 <main+0x5f6>
800006d6:	0007ae03          	lw	t3,0(a5)
D:\fpgafile\e203_cnn\sdk\LeNet_oneP\Debug/../application/main.c:218

    cnn_layer(1, 1, 84, 1, 10, 1, 0, QUANT_SHIFT, 0,
800006da:	47a9                	li	a5,10
800006dc:	c03e                	sw	a5,0(sp)
800006de:	0000d817          	auipc	a6,0xd
800006e2:	0ca80813          	addi	a6,a6,202 # 8000d7a8 <out_weight_hw>
800006e6:	4781                	li	a5,0
800006e8:	4729                	li	a4,10
800006ea:	0000d897          	auipc	a7,0xd
800006ee:	09688893          	addi	a7,a7,150 # 8000d780 <out_bias>
800006f2:	4685                	li	a3,1
800006f4:	05400613          	li	a2,84
800006f8:	4585                	li	a1,1
800006fa:	4505                	li	a0,1
D:\fpgafile\e203_cnn\sdk\LeNet_oneP\Debug/../application/main.c:216
        hw_x[i] = f6_out[i];
800006fc:	01c32023          	sw	t3,0(t1)
D:\fpgafile\e203_cnn\sdk\LeNet_oneP\Debug/../application/main.c:218
    cnn_layer(1, 1, 84, 1, 10, 1, 0, QUANT_SHIFT, 0,
80000700:	2b79                	jal	80000c9e <cnn_layer.constprop.0>
D:\fpgafile\e203_cnn\sdk\LeNet_oneP\Debug/../application/main.c:221
              hw_x, out_weight_hw, out_bias, hw_y, 10);

    for (int i = 0; i < 10; i++)
80000702:	10001917          	auipc	s2,0x10001
80000706:	c6690913          	addi	s2,s2,-922 # 90001368 <final_out>
8000070a:	10001717          	auipc	a4,0x10001
8000070e:	c8670713          	addi	a4,a4,-890 # 90001390 <hw_x>
D:\fpgafile\e203_cnn\sdk\LeNet_oneP\Debug/../application/main.c:218
    cnn_layer(1, 1, 84, 1, 10, 1, 0, QUANT_SHIFT, 0,
80000712:	884a                	mv	a6,s2
80000714:	87ca                	mv	a5,s2
D:\fpgafile\e203_cnn\sdk\LeNet_oneP\Debug/../application/main.c:222 (discriminator 3)
        final_out[i] = (int32_t)hw_y[i];
80000716:	00040683          	lb	a3,0(s0)
D:\fpgafile\e203_cnn\sdk\LeNet_oneP\Debug/../application/main.c:221 (discriminator 3)
    for (int i = 0; i < 10; i++)
8000071a:	0791                	addi	a5,a5,4
8000071c:	0405                	addi	s0,s0,1
D:\fpgafile\e203_cnn\sdk\LeNet_oneP\Debug/../application/main.c:222 (discriminator 3)
        final_out[i] = (int32_t)hw_y[i];
8000071e:	fed7ae23          	sw	a3,-4(a5)
D:\fpgafile\e203_cnn\sdk\LeNet_oneP\Debug/../application/main.c:221 (discriminator 3)
    for (int i = 0; i < 10; i++)
80000722:	fef71ae3          	bne	a4,a5,80000716 <main+0x656>
get_cycle():
D:\fpgafile\e203_cnn\sdk\LeNet_oneP\Debug/../application/../include/csr.h:55
80000726:	b00027f3          	csrr	a5,mcycle
main():
D:\fpgafile\e203_cnn\sdk\LeNet_oneP\Debug/../application/main.c:226

    // 计时结束
    uint32_t t_end = get_cycle();
    uint32_t cycles = t_end - t_start;
8000072a:	409784b3          	sub	s1,a5,s1
csr_read_mulcnt():
D:\fpgafile\e203_cnn\sdk\LeNet_oneP\Debug/../application/../include/csr.h:16
    asm volatile ("csrr %0, 0xCC0" : "=r"(v));
8000072e:	cc002b73          	csrr	s6,0xcc0
csr_read_loadcnt():
D:\fpgafile\e203_cnn\sdk\LeNet_oneP\Debug/../application/../include/csr.h:22
    asm volatile ("csrr %0, 0xCC1" : "=r"(v));
80000732:	cc102af3          	csrr	s5,0xcc1
csr_read_storecnt():
D:\fpgafile\e203_cnn\sdk\LeNet_oneP\Debug/../application/../include/csr.h:28
    asm volatile ("csrr %0, 0xCC2" : "=r"(v));
80000736:	cc202a73          	csrr	s4,0xcc2
csr_read_stallcnt():
D:\fpgafile\e203_cnn\sdk\LeNet_oneP\Debug/../application/../include/csr.h:34
    asm volatile ("csrr %0, 0xCC3" : "=r"(v));
8000073a:	cc3029f3          	csrr	s3,0xcc3
8000073e:	10001717          	auipc	a4,0x10001
80000742:	c2a70713          	addi	a4,a4,-982 # 90001368 <final_out>
argmax():
D:\fpgafile\e203_cnn\sdk\LeNet_oneP\Debug/../application/main.c:97
    int best = 0;
80000746:	4581                	li	a1,0
D:\fpgafile\e203_cnn\sdk\LeNet_oneP\Debug/../application/main.c:98
    for (int i = 1; i < n; i++)
80000748:	4785                	li	a5,1
8000074a:	4601                	li	a2,0
8000074c:	4529                	li	a0,10
D:\fpgafile\e203_cnn\sdk\LeNet_oneP\Debug/../application/main.c:99
        if (arr[i] > arr[best]) best = i;
8000074e:	00c806b3          	add	a3,a6,a2
80000752:	00472883          	lw	a7,4(a4)
80000756:	4294                	lw	a3,0(a3)
D:\fpgafile\e203_cnn\sdk\LeNet_oneP\Debug/../application/main.c:98
    for (int i = 1; i < n; i++)
80000758:	0711                	addi	a4,a4,4
D:\fpgafile\e203_cnn\sdk\LeNet_oneP\Debug/../application/main.c:99
        if (arr[i] > arr[best]) best = i;
8000075a:	0116d563          	bge	a3,a7,80000764 <main+0x6a4>
8000075e:	85be                	mv	a1,a5
80000760:	00279613          	slli	a2,a5,0x2
D:\fpgafile\e203_cnn\sdk\LeNet_oneP\Debug/../application/main.c:98
    for (int i = 1; i < n; i++)
80000764:	0785                	addi	a5,a5,1
80000766:	fea794e3          	bne	a5,a0,8000074e <main+0x68e>
main():
D:\fpgafile\e203_cnn\sdk\LeNet_oneP\Debug/../application/main.c:235
    uint32_t storecnt = csr_read_storecnt();
    uint32_t stallcnt = csr_read_stallcnt();
    // ==================== 结果 ====================
    int pred = argmax(final_out, OUT_NUM);

    printf("\nPredicted class: %d\n", pred);
8000076a:	00002517          	auipc	a0,0x2
8000076e:	f0e50513          	addi	a0,a0,-242 # 80002678 <_read_r+0x298>
80000772:	1ef000ef          	jal	ra,80001160 <iprintf>
D:\fpgafile\e203_cnn\sdk\LeNet_oneP\Debug/../application/main.c:236
    printf("Final output scores:\n");
80000776:	00002517          	auipc	a0,0x2
8000077a:	f1a50513          	addi	a0,a0,-230 # 80002690 <_read_r+0x2b0>
8000077e:	2f7000ef          	jal	ra,80001274 <puts>
D:\fpgafile\e203_cnn\sdk\LeNet_oneP\Debug/../application/main.c:237
    for (int i = 0; i < OUT_NUM; i++)
80000782:	4401                	li	s0,0
D:\fpgafile\e203_cnn\sdk\LeNet_oneP\Debug/../application/main.c:238
        printf("  class[%d] = %d\n", i, (int)final_out[i]);
80000784:	00002c17          	auipc	s8,0x2
80000788:	f24c0c13          	addi	s8,s8,-220 # 800026a8 <_read_r+0x2c8>
D:\fpgafile\e203_cnn\sdk\LeNet_oneP\Debug/../application/main.c:237
    for (int i = 0; i < OUT_NUM; i++)
8000078c:	4ba9                	li	s7,10
D:\fpgafile\e203_cnn\sdk\LeNet_oneP\Debug/../application/main.c:238 (discriminator 3)
        printf("  class[%d] = %d\n", i, (int)final_out[i]);
8000078e:	00092603          	lw	a2,0(s2)
80000792:	85a2                	mv	a1,s0
80000794:	8562                	mv	a0,s8
D:\fpgafile\e203_cnn\sdk\LeNet_oneP\Debug/../application/main.c:237 (discriminator 3)
    for (int i = 0; i < OUT_NUM; i++)
80000796:	0405                	addi	s0,s0,1
D:\fpgafile\e203_cnn\sdk\LeNet_oneP\Debug/../application/main.c:238 (discriminator 3)
        printf("  class[%d] = %d\n", i, (int)final_out[i]);
80000798:	1c9000ef          	jal	ra,80001160 <iprintf>
D:\fpgafile\e203_cnn\sdk\LeNet_oneP\Debug/../application/main.c:237 (discriminator 3)
    for (int i = 0; i < OUT_NUM; i++)
8000079c:	0911                	addi	s2,s2,4
8000079e:	ff7418e3          	bne	s0,s7,8000078e <main+0x6ce>
D:\fpgafile\e203_cnn\sdk\LeNet_oneP\Debug/../application/main.c:240

    printf("\n===== Benchmark Result =====\n");
800007a2:	00002517          	auipc	a0,0x2
800007a6:	f1a50513          	addi	a0,a0,-230 # 800026bc <_read_r+0x2dc>
800007aa:	2cb000ef          	jal	ra,80001274 <puts>
D:\fpgafile\e203_cnn\sdk\LeNet_oneP\Debug/../application/main.c:242

    printf("Total cycles: %u\n", cycles);
800007ae:	85a6                	mv	a1,s1
800007b0:	00002517          	auipc	a0,0x2
800007b4:	f2c50513          	addi	a0,a0,-212 # 800026dc <_read_r+0x2fc>
800007b8:	1a9000ef          	jal	ra,80001160 <iprintf>
D:\fpgafile\e203_cnn\sdk\LeNet_oneP\Debug/../application/main.c:243
    printf("Total mul num: %u\n", mulcnt);
800007bc:	85da                	mv	a1,s6
800007be:	00002517          	auipc	a0,0x2
800007c2:	f3250513          	addi	a0,a0,-206 # 800026f0 <_read_r+0x310>
800007c6:	19b000ef          	jal	ra,80001160 <iprintf>
D:\fpgafile\e203_cnn\sdk\LeNet_oneP\Debug/../application/main.c:244
    printf("Total load num: %u\n", loadcnt);
800007ca:	85d6                	mv	a1,s5
800007cc:	00002517          	auipc	a0,0x2
800007d0:	f3850513          	addi	a0,a0,-200 # 80002704 <_read_r+0x324>
800007d4:	18d000ef          	jal	ra,80001160 <iprintf>
D:\fpgafile\e203_cnn\sdk\LeNet_oneP\Debug/../application/main.c:245
    printf("Total store num: %u\n", storecnt);
800007d8:	85d2                	mv	a1,s4
800007da:	00002517          	auipc	a0,0x2
800007de:	f3e50513          	addi	a0,a0,-194 # 80002718 <_read_r+0x338>
800007e2:	17f000ef          	jal	ra,80001160 <iprintf>
D:\fpgafile\e203_cnn\sdk\LeNet_oneP\Debug/../application/main.c:246
    printf("Total stall num: %u\n", stallcnt);
800007e6:	85ce                	mv	a1,s3
800007e8:	00002517          	auipc	a0,0x2
800007ec:	f4850513          	addi	a0,a0,-184 # 80002730 <_read_r+0x350>
800007f0:	171000ef          	jal	ra,80001160 <iprintf>
D:\fpgafile\e203_cnn\sdk\LeNet_oneP\Debug/../application/main.c:248

    printf("CPU Frequency: %u Hz\n", (uint32_t)SystemCoreClock);
800007f4:	10000417          	auipc	s0,0x10000
800007f8:	87040413          	addi	s0,s0,-1936 # 90000064 <SystemCoreClock>
800007fc:	400c                	lw	a1,0(s0)
800007fe:	00002517          	auipc	a0,0x2
80000802:	f4a50513          	addi	a0,a0,-182 # 80002748 <_read_r+0x368>
80000806:	15b000ef          	jal	ra,80001160 <iprintf>
D:\fpgafile\e203_cnn\sdk\LeNet_oneP\Debug/../application/main.c:250

    if (SystemCoreClock > 0) {
8000080a:	4010                	lw	a2,0(s0)
8000080c:	ea01                	bnez	a2,8000081c <main+0x75c>
D:\fpgafile\e203_cnn\sdk\LeNet_oneP\Debug/../application/main.c:255
        uint32_t ms = (uint32_t)((uint64_t)cycles * 1000ULL / SystemCoreClock);
        printf("Total time: %u ms\n", ms);
    }

    printf("===== Benchmark Done =====\n\n");
8000080e:	00002517          	auipc	a0,0x2
80000812:	f6650513          	addi	a0,a0,-154 # 80002774 <_read_r+0x394>
80000816:	25f000ef          	jal	ra,80001274 <puts>
D:\fpgafile\e203_cnn\sdk\LeNet_oneP\Debug/../application/main.c:257 (discriminator 2)

    while (1);
8000081a:	a001                	j	8000081a <main+0x75a>
D:\fpgafile\e203_cnn\sdk\LeNet_oneP\Debug/../application/main.c:251
        uint32_t ms = (uint32_t)((uint64_t)cycles * 1000ULL / SystemCoreClock);
8000081c:	3e800513          	li	a0,1000
80000820:	02a4b5b3          	mulhu	a1,s1,a0
80000824:	4681                	li	a3,0
80000826:	02a48533          	mul	a0,s1,a0
8000082a:	2b25                	jal	80000d62 <__udivdi3>
8000082c:	85aa                	mv	a1,a0
D:\fpgafile\e203_cnn\sdk\LeNet_oneP\Debug/../application/main.c:252
        printf("Total time: %u ms\n", ms);
8000082e:	00002517          	auipc	a0,0x2
80000832:	f3250513          	addi	a0,a0,-206 # 80002760 <_read_r+0x380>
80000836:	12b000ef          	jal	ra,80001160 <iprintf>
8000083a:	bfd1                	j	8000080e <main+0x74e>
D:\fpgafile\e203_cnn\sdk\LeNet_oneP\Debug/../application/main.c:114
        printf("ERROR: CNN VERSION != 0x00010000, bridge not working!\n");
8000083c:	00002517          	auipc	a0,0x2
80000840:	d8050513          	addi	a0,a0,-640 # 800025bc <_read_r+0x1dc>
80000844:	231000ef          	jal	ra,80001274 <puts>
D:\fpgafile\e203_cnn\sdk\LeNet_oneP\Debug/../application/main.c:115 (discriminator 1)
        while (1);
80000848:	a001                	j	80000848 <main+0x788>

8000084a <_close>:
_close():
D:\fpgafile\e203_cnn\sdk\LeNet_oneP\Debug/../hbird_sdk/SoC/hbirdv2/Common/Source/Stubs/close.c:10
#undef errno
extern int errno;

__WEAK int _close(int fd)
{
    errno = EBADF;
8000084a:	47a5                	li	a5,9
8000084c:	80f1aa23          	sw	a5,-2028(gp) # 90000074 <errno>
D:\fpgafile\e203_cnn\sdk\LeNet_oneP\Debug/../hbird_sdk/SoC/hbirdv2/Common/Source/Stubs/close.c:12
    return -1;
}
80000850:	557d                	li	a0,-1
80000852:	8082                	ret

80000854 <_fstat>:
_fstat():
D:\fpgafile\e203_cnn\sdk\LeNet_oneP\Debug/../hbird_sdk/SoC/hbirdv2/Common/Source/Stubs/fstat.c:12
#undef errno
extern int errno;

__WEAK int _fstat(int file, struct stat *st)
{
    if ((STDOUT_FILENO == file) || (STDERR_FILENO == file)) {
80000854:	157d                	addi	a0,a0,-1
80000856:	4785                	li	a5,1
80000858:	00a7e663          	bltu	a5,a0,80000864 <_fstat+0x10>
D:\fpgafile\e203_cnn\sdk\LeNet_oneP\Debug/../hbird_sdk/SoC/hbirdv2/Common/Source/Stubs/fstat.c:13
        st->st_mode = S_IFCHR;
8000085c:	6789                	lui	a5,0x2
8000085e:	c1dc                	sw	a5,4(a1)
D:\fpgafile\e203_cnn\sdk\LeNet_oneP\Debug/../hbird_sdk/SoC/hbirdv2/Common/Source/Stubs/fstat.c:14
        return 0;
80000860:	4501                	li	a0,0
80000862:	8082                	ret
D:\fpgafile\e203_cnn\sdk\LeNet_oneP\Debug/../hbird_sdk/SoC/hbirdv2/Common/Source/Stubs/fstat.c:16
    } else {
        errno = EBADF;
80000864:	47a5                	li	a5,9
80000866:	80f1aa23          	sw	a5,-2028(gp) # 90000074 <errno>
D:\fpgafile\e203_cnn\sdk\LeNet_oneP\Debug/../hbird_sdk/SoC/hbirdv2/Common/Source/Stubs/fstat.c:17
        return -1;
8000086a:	557d                	li	a0,-1
D:\fpgafile\e203_cnn\sdk\LeNet_oneP\Debug/../hbird_sdk/SoC/hbirdv2/Common/Source/Stubs/fstat.c:19
    }
}
8000086c:	8082                	ret

8000086e <_isatty>:
_isatty():
D:\fpgafile\e203_cnn\sdk\LeNet_oneP\Debug/../hbird_sdk/SoC/hbirdv2/Common/Source/Stubs/isatty.c:8
#include <unistd.h>

__WEAK int _isatty(int fd)
{
    return 1;
}
8000086e:	4505                	li	a0,1
80000870:	8082                	ret

80000872 <_lseek>:
_lseek():
D:\fpgafile\e203_cnn\sdk\LeNet_oneP\Debug/../hbird_sdk/SoC/hbirdv2/Common/Source/Stubs/lseek.c:11
extern int errno;

__WEAK int _lseek(int file, int offset, int whence)
{
    return 0;
}
80000872:	4501                	li	a0,0
80000874:	8082                	ret

80000876 <_read>:
_read():
D:\fpgafile\e203_cnn\sdk\LeNet_oneP\Debug/../hbird_sdk/SoC/hbirdv2/Common/Source/Stubs/read.c:12

// #define UART_AUTO_ECHO

__WEAK ssize_t _read(int fd, void* ptr, size_t len)
{
    if (fd != STDIN_FILENO) {
80000876:	c119                	beqz	a0,8000087c <_read+0x6>
D:\fpgafile\e203_cnn\sdk\LeNet_oneP\Debug/../hbird_sdk/SoC/hbirdv2/Common/Source/Stubs/read.c:13
        return -1;
80000878:	557d                	li	a0,-1
D:\fpgafile\e203_cnn\sdk\LeNet_oneP\Debug/../hbird_sdk/SoC/hbirdv2/Common/Source/Stubs/read.c:22
    readbuf[0] = uart_read(SOC_DEBUG_UART);
#ifdef UART_AUTO_ECHO
    uart_write(SOC_DEBUG_UART, readbuf[0]);
#endif
    return 1;
}
8000087a:	8082                	ret
D:\fpgafile\e203_cnn\sdk\LeNet_oneP\Debug/../hbird_sdk/SoC/hbirdv2/Common/Source/Stubs/read.c:11
{
8000087c:	1141                	addi	sp,sp,-16
D:\fpgafile\e203_cnn\sdk\LeNet_oneP\Debug/../hbird_sdk/SoC/hbirdv2/Common/Source/Stubs/read.c:17
    readbuf[0] = uart_read(SOC_DEBUG_UART);
8000087e:	10013537          	lui	a0,0x10013
D:\fpgafile\e203_cnn\sdk\LeNet_oneP\Debug/../hbird_sdk/SoC/hbirdv2/Common/Source/Stubs/read.c:11
{
80000882:	c422                	sw	s0,8(sp)
80000884:	c606                	sw	ra,12(sp)
80000886:	842e                	mv	s0,a1
D:\fpgafile\e203_cnn\sdk\LeNet_oneP\Debug/../hbird_sdk/SoC/hbirdv2/Common/Source/Stubs/read.c:17
    readbuf[0] = uart_read(SOC_DEBUG_UART);
80000888:	2ab5                	jal	80000a04 <uart_read>
8000088a:	00a40023          	sb	a0,0(s0)
D:\fpgafile\e203_cnn\sdk\LeNet_oneP\Debug/../hbird_sdk/SoC/hbirdv2/Common/Source/Stubs/read.c:22
}
8000088e:	40b2                	lw	ra,12(sp)
80000890:	4422                	lw	s0,8(sp)
D:\fpgafile\e203_cnn\sdk\LeNet_oneP\Debug/../hbird_sdk/SoC/hbirdv2/Common/Source/Stubs/read.c:21
    return 1;
80000892:	4505                	li	a0,1
D:\fpgafile\e203_cnn\sdk\LeNet_oneP\Debug/../hbird_sdk/SoC/hbirdv2/Common/Source/Stubs/read.c:22
}
80000894:	0141                	addi	sp,sp,16
80000896:	8082                	ret

80000898 <_sbrk>:
_sbrk():
D:\fpgafile\e203_cnn\sdk\LeNet_oneP\Debug/../hbird_sdk/SoC/hbirdv2/Common/Source/Stubs/sbrk.c:13
{
    extern char _end[];
    extern char _heap_end[];
    static char *curbrk = _end;

    if ((curbrk + incr < _end) || (curbrk + incr > _heap_end)) {
80000898:	0ffff717          	auipc	a4,0xffff
8000089c:	7c870713          	addi	a4,a4,1992 # 90000060 <curbrk.0>
800008a0:	431c                	lw	a5,0(a4)
800008a2:	10003697          	auipc	a3,0x10003
800008a6:	2ee68693          	addi	a3,a3,750 # 90003b90 <_end>
800008aa:	953e                	add	a0,a0,a5
800008ac:	00d56b63          	bltu	a0,a3,800008c2 <_sbrk+0x2a>
D:\fpgafile\e203_cnn\sdk\LeNet_oneP\Debug/../hbird_sdk/SoC/hbirdv2/Common/Source/Stubs/sbrk.c:13 (discriminator 1)
800008b0:	1000f697          	auipc	a3,0x1000f
800008b4:	f5068693          	addi	a3,a3,-176 # 9000f800 <_heap_end>
800008b8:	00a6e563          	bltu	a3,a0,800008c2 <_sbrk+0x2a>
D:\fpgafile\e203_cnn\sdk\LeNet_oneP\Debug/../hbird_sdk/SoC/hbirdv2/Common/Source/Stubs/sbrk.c:17
        return (void *)(-1);
    }

    curbrk += incr;
800008bc:	c308                	sw	a0,0(a4)
D:\fpgafile\e203_cnn\sdk\LeNet_oneP\Debug/../hbird_sdk/SoC/hbirdv2/Common/Source/Stubs/sbrk.c:19
    return (void *)(curbrk - incr);
}
800008be:	853e                	mv	a0,a5
800008c0:	8082                	ret
D:\fpgafile\e203_cnn\sdk\LeNet_oneP\Debug/../hbird_sdk/SoC/hbirdv2/Common/Source/Stubs/sbrk.c:14
        return (void *)(-1);
800008c2:	57fd                	li	a5,-1
D:\fpgafile\e203_cnn\sdk\LeNet_oneP\Debug/../hbird_sdk/SoC/hbirdv2/Common/Source/Stubs/sbrk.c:19
}
800008c4:	853e                	mv	a0,a5
800008c6:	8082                	ret

800008c8 <_write>:
_write():
D:\fpgafile\e203_cnn\sdk\LeNet_oneP\Debug/../hbird_sdk/SoC/hbirdv2/Common/Source/Stubs/write.c:9
#include <unistd.h>
#include <sys/types.h>
#include <hbird_sdk_hal.h>

__WEAK ssize_t _write(int fd, const void* ptr, size_t len)
{
800008c8:	1101                	addi	sp,sp,-32
800008ca:	cc22                	sw	s0,24(sp)
800008cc:	c64e                	sw	s3,12(sp)
800008ce:	ce06                	sw	ra,28(sp)
800008d0:	ca26                	sw	s1,20(sp)
800008d2:	c84a                	sw	s2,16(sp)
800008d4:	842e                	mv	s0,a1
800008d6:	89b2                	mv	s3,a2
D:\fpgafile\e203_cnn\sdk\LeNet_oneP\Debug/../hbird_sdk/SoC/hbirdv2/Common/Source/Stubs/write.c:10
    if (!isatty(fd)) {
800008d8:	1a5000ef          	jal	ra,8000127c <isatty>
800008dc:	c529                	beqz	a0,80000926 <_write+0x5e>
D:\fpgafile\e203_cnn\sdk\LeNet_oneP\Debug/../hbird_sdk/SoC/hbirdv2/Common/Source/Stubs/write.c:15
        return -1;
    }

    const uint8_t *writebuf = (const uint8_t *)ptr;
    for (size_t i = 0; i < len; i++) {
800008de:	01340933          	add	s2,s0,s3
D:\fpgafile\e203_cnn\sdk\LeNet_oneP\Debug/../hbird_sdk/SoC/hbirdv2/Common/Source/Stubs/write.c:16
        if (writebuf[i] == '\n') {
800008e2:	44a9                	li	s1,10
D:\fpgafile\e203_cnn\sdk\LeNet_oneP\Debug/../hbird_sdk/SoC/hbirdv2/Common/Source/Stubs/write.c:15
    for (size_t i = 0; i < len; i++) {
800008e4:	00099963          	bnez	s3,800008f6 <_write+0x2e>
800008e8:	a03d                	j	80000916 <_write+0x4e>
D:\fpgafile\e203_cnn\sdk\LeNet_oneP\Debug/../hbird_sdk/SoC/hbirdv2/Common/Source/Stubs/write.c:15 (discriminator 2)
800008ea:	0405                	addi	s0,s0,1
D:\fpgafile\e203_cnn\sdk\LeNet_oneP\Debug/../hbird_sdk/SoC/hbirdv2/Common/Source/Stubs/write.c:19 (discriminator 2)
            uart_write(SOC_DEBUG_UART, '\r');
        }
        uart_write(SOC_DEBUG_UART, writebuf[i]);
800008ec:	10013537          	lui	a0,0x10013
800008f0:	2201                	jal	800009f0 <uart_write>
D:\fpgafile\e203_cnn\sdk\LeNet_oneP\Debug/../hbird_sdk/SoC/hbirdv2/Common/Source/Stubs/write.c:15 (discriminator 2)
    for (size_t i = 0; i < len; i++) {
800008f2:	03240263          	beq	s0,s2,80000916 <_write+0x4e>
D:\fpgafile\e203_cnn\sdk\LeNet_oneP\Debug/../hbird_sdk/SoC/hbirdv2/Common/Source/Stubs/write.c:16
        if (writebuf[i] == '\n') {
800008f6:	00044583          	lbu	a1,0(s0)
800008fa:	fe9598e3          	bne	a1,s1,800008ea <_write+0x22>
D:\fpgafile\e203_cnn\sdk\LeNet_oneP\Debug/../hbird_sdk/SoC/hbirdv2/Common/Source/Stubs/write.c:17
            uart_write(SOC_DEBUG_UART, '\r');
800008fe:	45b5                	li	a1,13
80000900:	10013537          	lui	a0,0x10013
80000904:	20f5                	jal	800009f0 <uart_write>
D:\fpgafile\e203_cnn\sdk\LeNet_oneP\Debug/../hbird_sdk/SoC/hbirdv2/Common/Source/Stubs/write.c:19
        uart_write(SOC_DEBUG_UART, writebuf[i]);
80000906:	00044583          	lbu	a1,0(s0)
8000090a:	10013537          	lui	a0,0x10013
D:\fpgafile\e203_cnn\sdk\LeNet_oneP\Debug/../hbird_sdk/SoC/hbirdv2/Common/Source/Stubs/write.c:15
    for (size_t i = 0; i < len; i++) {
8000090e:	0405                	addi	s0,s0,1
D:\fpgafile\e203_cnn\sdk\LeNet_oneP\Debug/../hbird_sdk/SoC/hbirdv2/Common/Source/Stubs/write.c:19
        uart_write(SOC_DEBUG_UART, writebuf[i]);
80000910:	20c5                	jal	800009f0 <uart_write>
D:\fpgafile\e203_cnn\sdk\LeNet_oneP\Debug/../hbird_sdk/SoC/hbirdv2/Common/Source/Stubs/write.c:15
    for (size_t i = 0; i < len; i++) {
80000912:	ff2412e3          	bne	s0,s2,800008f6 <_write+0x2e>
D:\fpgafile\e203_cnn\sdk\LeNet_oneP\Debug/../hbird_sdk/SoC/hbirdv2/Common/Source/Stubs/write.c:21
    }
    return len;
80000916:	854e                	mv	a0,s3
D:\fpgafile\e203_cnn\sdk\LeNet_oneP\Debug/../hbird_sdk/SoC/hbirdv2/Common/Source/Stubs/write.c:22
}
80000918:	40f2                	lw	ra,28(sp)
8000091a:	4462                	lw	s0,24(sp)
8000091c:	44d2                	lw	s1,20(sp)
8000091e:	4942                	lw	s2,16(sp)
80000920:	49b2                	lw	s3,12(sp)
80000922:	6105                	addi	sp,sp,32
80000924:	8082                	ret
D:\fpgafile\e203_cnn\sdk\LeNet_oneP\Debug/../hbird_sdk/SoC/hbirdv2/Common/Source/Stubs/write.c:11
        return -1;
80000926:	557d                	li	a0,-1
80000928:	bfc5                	j	80000918 <_write+0x50>
	...

8000092c <trap_entry>:
trap_entry():
D:\fpgafile\e203_cnn\sdk\LeNet_oneP\Debug/../hbird_sdk/SoC/hbirdv2/Common/Source/GCC/intexc_hbirdv2.S:159
.align 2
.global trap_entry
.weak trap_entry
trap_entry:
    /* Save the caller saving registers (context) */
    SAVE_CONTEXT
8000092c:	715d                	addi	sp,sp,-80
8000092e:	c006                	sw	ra,0(sp)
80000930:	c212                	sw	tp,4(sp)
80000932:	c416                	sw	t0,8(sp)
80000934:	c61a                	sw	t1,12(sp)
80000936:	c81e                	sw	t2,16(sp)
80000938:	ca2a                	sw	a0,20(sp)
8000093a:	cc2e                	sw	a1,24(sp)
8000093c:	ce32                	sw	a2,28(sp)
8000093e:	d036                	sw	a3,32(sp)
80000940:	d23a                	sw	a4,36(sp)
80000942:	d43e                	sw	a5,40(sp)
80000944:	dc42                	sw	a6,56(sp)
80000946:	de46                	sw	a7,60(sp)
80000948:	c0f2                	sw	t3,64(sp)
8000094a:	c2f6                	sw	t4,68(sp)
8000094c:	c4fa                	sw	t5,72(sp)
8000094e:	c6fe                	sw	t6,76(sp)
D:\fpgafile\e203_cnn\sdk\LeNet_oneP\Debug/../hbird_sdk/SoC/hbirdv2/Common/Source/GCC/intexc_hbirdv2.S:161
    /* Save the necessary CSR registers */
    SAVE_CSR_CONTEXT
80000950:	341022f3          	csrr	t0,mepc
80000954:	d616                	sw	t0,44(sp)
80000956:	342022f3          	csrr	t0,mcause
8000095a:	d816                	sw	t0,48(sp)
8000095c:	300022f3          	csrr	t0,mstatus
80000960:	da16                	sw	t0,52(sp)
D:\fpgafile\e203_cnn\sdk\LeNet_oneP\Debug/../hbird_sdk/SoC/hbirdv2/Common/Source/GCC/intexc_hbirdv2.S:168
    /*
     * Set the exception handler function arguments
     * argument 1: mcause value
     * argument 2: current stack point(SP) value
     */
    csrr a0, mcause
80000962:	34202573          	csrr	a0,mcause
D:\fpgafile\e203_cnn\sdk\LeNet_oneP\Debug/../hbird_sdk/SoC/hbirdv2/Common/Source/GCC/intexc_hbirdv2.S:169
    mv a1, sp
80000966:	858a                	mv	a1,sp
D:\fpgafile\e203_cnn\sdk\LeNet_oneP\Debug/../hbird_sdk/SoC/hbirdv2/Common/Source/GCC/intexc_hbirdv2.S:175
    /*
     * TODO: Call the trap handler function
     * By default, the function template is provided in
     * system_Device.c, you can adjust it as you want
     */
    call core_trap_handler
80000968:	2a6d                	jal	80000b22 <core_trap_handler>
D:\fpgafile\e203_cnn\sdk\LeNet_oneP\Debug/../hbird_sdk/SoC/hbirdv2/Common/Source/GCC/intexc_hbirdv2.S:178

    /* Restore the necessary CSR registers */
    RESTORE_CSR_CONTEXT
8000096a:	52b2                	lw	t0,44(sp)
8000096c:	34129073          	csrw	mepc,t0
80000970:	52c2                	lw	t0,48(sp)
80000972:	34229073          	csrw	mcause,t0
80000976:	52d2                	lw	t0,52(sp)
80000978:	30029073          	csrw	mstatus,t0
D:\fpgafile\e203_cnn\sdk\LeNet_oneP\Debug/../hbird_sdk/SoC/hbirdv2/Common/Source/GCC/intexc_hbirdv2.S:180
    /* Restore the caller saving registers (context) */
    RESTORE_CONTEXT
8000097c:	4082                	lw	ra,0(sp)
8000097e:	4212                	lw	tp,4(sp)
80000980:	42a2                	lw	t0,8(sp)
80000982:	4332                	lw	t1,12(sp)
80000984:	43c2                	lw	t2,16(sp)
80000986:	4552                	lw	a0,20(sp)
80000988:	45e2                	lw	a1,24(sp)
8000098a:	4672                	lw	a2,28(sp)
8000098c:	5682                	lw	a3,32(sp)
8000098e:	5712                	lw	a4,36(sp)
80000990:	57a2                	lw	a5,40(sp)
80000992:	5862                	lw	a6,56(sp)
80000994:	58f2                	lw	a7,60(sp)
80000996:	4e06                	lw	t3,64(sp)
80000998:	4e96                	lw	t4,68(sp)
8000099a:	4f26                	lw	t5,72(sp)
8000099c:	4fb6                	lw	t6,76(sp)
8000099e:	6161                	addi	sp,sp,80
D:\fpgafile\e203_cnn\sdk\LeNet_oneP\Debug/../hbird_sdk/SoC/hbirdv2/Common/Source/GCC/intexc_hbirdv2.S:183

    /* Return to regular code */
    mret
800009a0:	30200073          	mret

800009a4 <gpio_iof_config>:
gpio_iof_config():
D:\fpgafile\e203_cnn\sdk\LeNet_oneP\Debug/../hbird_sdk/SoC/hbirdv2/Common/Source/Drivers/hbirdv2_gpio.c:5
#include "hbirdv2.h"
#include "hbirdv2_gpio.h"

int32_t gpio_iof_config(GPIO_TypeDef *gpio, uint32_t mask)
{
800009a4:	87aa                	mv	a5,a0
D:\fpgafile\e203_cnn\sdk\LeNet_oneP\Debug/../hbird_sdk/SoC/hbirdv2/Common/Source/Drivers/hbirdv2_gpio.c:6
    if (__RARELY(gpio == NULL)) {
800009a6:	c511                	beqz	a0,800009b2 <gpio_iof_config+0xe>
D:\fpgafile\e203_cnn\sdk\LeNet_oneP\Debug/../hbird_sdk/SoC/hbirdv2/Common/Source/Drivers/hbirdv2_gpio.c:9
        return -1;
    }
    gpio->IOFCFG |= mask;
800009a8:	4d58                	lw	a4,28(a0)
D:\fpgafile\e203_cnn\sdk\LeNet_oneP\Debug/../hbird_sdk/SoC/hbirdv2/Common/Source/Drivers/hbirdv2_gpio.c:11

    return 0;
800009aa:	4501                	li	a0,0
D:\fpgafile\e203_cnn\sdk\LeNet_oneP\Debug/../hbird_sdk/SoC/hbirdv2/Common/Source/Drivers/hbirdv2_gpio.c:9
    gpio->IOFCFG |= mask;
800009ac:	8dd9                	or	a1,a1,a4
800009ae:	cfcc                	sw	a1,28(a5)
D:\fpgafile\e203_cnn\sdk\LeNet_oneP\Debug/../hbird_sdk/SoC/hbirdv2/Common/Source/Drivers/hbirdv2_gpio.c:11
    return 0;
800009b0:	8082                	ret
D:\fpgafile\e203_cnn\sdk\LeNet_oneP\Debug/../hbird_sdk/SoC/hbirdv2/Common/Source/Drivers/hbirdv2_gpio.c:7
        return -1;
800009b2:	557d                	li	a0,-1
D:\fpgafile\e203_cnn\sdk\LeNet_oneP\Debug/../hbird_sdk/SoC/hbirdv2/Common/Source/Drivers/hbirdv2_gpio.c:12
}
800009b4:	8082                	ret

800009b6 <uart_init>:
uart_init():
D:\fpgafile\e203_cnn\sdk\LeNet_oneP\Debug/../hbird_sdk/SoC/hbirdv2/Common/Source/Drivers/hbirdv2_uart.c:5
#include "hbirdv2.h"
#include "hbirdv2_uart.h"

int32_t uart_init(UART_TypeDef *uart, uint32_t baudrate)
{
800009b6:	87aa                	mv	a5,a0
D:\fpgafile\e203_cnn\sdk\LeNet_oneP\Debug/../hbird_sdk/SoC/hbirdv2/Common/Source/Drivers/hbirdv2_uart.c:6
    if (__RARELY(uart == NULL)) {
800009b8:	c915                	beqz	a0,800009ec <uart_init+0x36>
D:\fpgafile\e203_cnn\sdk\LeNet_oneP\Debug/../hbird_sdk/SoC/hbirdv2/Common/Source/Drivers/hbirdv2_uart.c:10
        return -1;
    }

    unsigned int uart_div = SystemCoreClock / baudrate - 1;
800009ba:	0ffff717          	auipc	a4,0xffff
800009be:	6aa72703          	lw	a4,1706(a4) # 90000064 <SystemCoreClock>
800009c2:	02b755b3          	divu	a1,a4,a1
D:\fpgafile\e203_cnn\sdk\LeNet_oneP\Debug/../hbird_sdk/SoC/hbirdv2/Common/Source/Drivers/hbirdv2_uart.c:11
    uart->LCR = 0x80;
800009c6:	08000713          	li	a4,128
800009ca:	c558                	sw	a4,12(a0)
D:\fpgafile\e203_cnn\sdk\LeNet_oneP\Debug/../hbird_sdk/SoC/hbirdv2/Common/Source/Drivers/hbirdv2_uart.c:17
    uart->DLM = (uart_div >> 8) & 0xFF;
    uart->DLL = uart_div        & 0xFF;
    uart->FCR = 0xC6;
    uart->LCR = 0x03;

    return 0;
800009cc:	4501                	li	a0,0
D:\fpgafile\e203_cnn\sdk\LeNet_oneP\Debug/../hbird_sdk/SoC/hbirdv2/Common/Source/Drivers/hbirdv2_uart.c:10
    unsigned int uart_div = SystemCoreClock / baudrate - 1;
800009ce:	15fd                	addi	a1,a1,-1
D:\fpgafile\e203_cnn\sdk\LeNet_oneP\Debug/../hbird_sdk/SoC/hbirdv2/Common/Source/Drivers/hbirdv2_uart.c:12
    uart->DLM = (uart_div >> 8) & 0xFF;
800009d0:	0085d713          	srli	a4,a1,0x8
800009d4:	0ff77713          	andi	a4,a4,255
800009d8:	c3d8                	sw	a4,4(a5)
D:\fpgafile\e203_cnn\sdk\LeNet_oneP\Debug/../hbird_sdk/SoC/hbirdv2/Common/Source/Drivers/hbirdv2_uart.c:13
    uart->DLL = uart_div        & 0xFF;
800009da:	0ff5f593          	andi	a1,a1,255
800009de:	c38c                	sw	a1,0(a5)
D:\fpgafile\e203_cnn\sdk\LeNet_oneP\Debug/../hbird_sdk/SoC/hbirdv2/Common/Source/Drivers/hbirdv2_uart.c:14
    uart->FCR = 0xC6;
800009e0:	0c600713          	li	a4,198
800009e4:	c798                	sw	a4,8(a5)
D:\fpgafile\e203_cnn\sdk\LeNet_oneP\Debug/../hbird_sdk/SoC/hbirdv2/Common/Source/Drivers/hbirdv2_uart.c:15
    uart->LCR = 0x03;
800009e6:	470d                	li	a4,3
800009e8:	c7d8                	sw	a4,12(a5)
D:\fpgafile\e203_cnn\sdk\LeNet_oneP\Debug/../hbird_sdk/SoC/hbirdv2/Common/Source/Drivers/hbirdv2_uart.c:17
    return 0;
800009ea:	8082                	ret
D:\fpgafile\e203_cnn\sdk\LeNet_oneP\Debug/../hbird_sdk/SoC/hbirdv2/Common/Source/Drivers/hbirdv2_uart.c:7
        return -1;
800009ec:	557d                	li	a0,-1
D:\fpgafile\e203_cnn\sdk\LeNet_oneP\Debug/../hbird_sdk/SoC/hbirdv2/Common/Source/Drivers/hbirdv2_uart.c:18
}
800009ee:	8082                	ret

800009f0 <uart_write>:
uart_write():
D:\fpgafile\e203_cnn\sdk\LeNet_oneP\Debug/../hbird_sdk/SoC/hbirdv2/Common/Source/Drivers/hbirdv2_uart.c:68
    return 0;
}

int32_t uart_write(UART_TypeDef *uart, uint8_t val)
{
    if (__RARELY(uart == NULL)) {
800009f0:	c901                	beqz	a0,80000a00 <uart_write+0x10>
D:\fpgafile\e203_cnn\sdk\LeNet_oneP\Debug/../hbird_sdk/SoC/hbirdv2/Common/Source/Drivers/hbirdv2_uart.c:73 (discriminator 1)
        return -1;
    }
#ifndef SIMULATION_SPIKE
#ifndef SIMULATION_XLSPIKE
    while ((uart->LSR & 0x20) == 0);
800009f2:	495c                	lw	a5,20(a0)
800009f4:	0207f793          	andi	a5,a5,32
800009f8:	dfed                	beqz	a5,800009f2 <uart_write+0x2>
D:\fpgafile\e203_cnn\sdk\LeNet_oneP\Debug/../hbird_sdk/SoC/hbirdv2/Common/Source/Drivers/hbirdv2_uart.c:75
#endif
    uart->THR = val;
800009fa:	c10c                	sw	a1,0(a0)
D:\fpgafile\e203_cnn\sdk\LeNet_oneP\Debug/../hbird_sdk/SoC/hbirdv2/Common/Source/Drivers/hbirdv2_uart.c:80
#else
    extern void htif_putc(char ch);
    htif_putc(val);
#endif
    return 0;
800009fc:	4501                	li	a0,0
800009fe:	8082                	ret
D:\fpgafile\e203_cnn\sdk\LeNet_oneP\Debug/../hbird_sdk/SoC/hbirdv2/Common/Source/Drivers/hbirdv2_uart.c:69
        return -1;
80000a00:	557d                	li	a0,-1
D:\fpgafile\e203_cnn\sdk\LeNet_oneP\Debug/../hbird_sdk/SoC/hbirdv2/Common/Source/Drivers/hbirdv2_uart.c:81
}
80000a02:	8082                	ret

80000a04 <uart_read>:
uart_read():
D:\fpgafile\e203_cnn\sdk\LeNet_oneP\Debug/../hbird_sdk/SoC/hbirdv2/Common/Source/Drivers/hbirdv2_uart.c:86

uint8_t uart_read(UART_TypeDef *uart)
{
    uint32_t reg;
    if (__RARELY(uart == NULL)) {
80000a04:	c901                	beqz	a0,80000a14 <uart_read+0x10>
D:\fpgafile\e203_cnn\sdk\LeNet_oneP\Debug/../hbird_sdk/SoC/hbirdv2/Common/Source/Drivers/hbirdv2_uart.c:90 (discriminator 1)
        return -1;
    }
    
    while ((uart->LSR & 0x1) == 0);
80000a06:	495c                	lw	a5,20(a0)
80000a08:	8b85                	andi	a5,a5,1
80000a0a:	dff5                	beqz	a5,80000a06 <uart_read+0x2>
D:\fpgafile\e203_cnn\sdk\LeNet_oneP\Debug/../hbird_sdk/SoC/hbirdv2/Common/Source/Drivers/hbirdv2_uart.c:91
    reg = uart->RBR;
80000a0c:	4108                	lw	a0,0(a0)
D:\fpgafile\e203_cnn\sdk\LeNet_oneP\Debug/../hbird_sdk/SoC/hbirdv2/Common/Source/Drivers/hbirdv2_uart.c:93
    
    return (uint8_t)(reg & 0xFF);
80000a0e:	0ff57513          	andi	a0,a0,255
80000a12:	8082                	ret
D:\fpgafile\e203_cnn\sdk\LeNet_oneP\Debug/../hbird_sdk/SoC/hbirdv2/Common/Source/Drivers/hbirdv2_uart.c:87
        return -1;
80000a14:	0ff00513          	li	a0,255
D:\fpgafile\e203_cnn\sdk\LeNet_oneP\Debug/../hbird_sdk/SoC/hbirdv2/Common/Source/Drivers/hbirdv2_uart.c:94
}
80000a18:	8082                	ret

80000a1a <measure_cpu_freq>:
SysTimer_GetLoadValue():
D:\fpgafile\e203_cnn\sdk\LeNet_oneP\hbird_sdk\NMSIS\Core\Include/core_feature_timer.h:106
 * - Load value is 64bits wide.
 * - \ref SysTimer_SetLoadValue
 */
__STATIC_FORCEINLINE uint64_t SysTimer_GetLoadValue(void)
{
    return SysTimer->MTIME;
80000a1a:	0200c7b7          	lui	a5,0x200c
80000a1e:	ff87a703          	lw	a4,-8(a5) # 200bff8 <__stack_size+0x200b7f8>
80000a22:	ffc7a783          	lw	a5,-4(a5)
measure_cpu_freq():
D:\fpgafile\e203_cnn\sdk\LeNet_oneP\Debug/../hbird_sdk/SoC/hbirdv2/Common/Source/hbirdv2_common.c:9
{
    return SOC_TIMER_FREQ;
}

uint32_t measure_cpu_freq(uint32_t n)
{
80000a26:	1141                	addi	sp,sp,-16
80000a28:	c606                	sw	ra,12(sp)
80000a2a:	c422                	sw	s0,8(sp)
80000a2c:	c226                	sw	s1,4(sp)
D:\fpgafile\e203_cnn\sdk\LeNet_oneP\Debug/../hbird_sdk/SoC/hbirdv2/Common/Source/hbirdv2_common.c:15
    uint32_t start_mcycle, delta_mcycle;
    uint32_t start_mtime, delta_mtime;
    uint64_t mtime_freq = get_timer_freq();

    // Don't start measuruing until we see an mtime tick
    uint32_t tmp = (uint32_t)SysTimer_GetLoadValue();
80000a2e:	86ba                	mv	a3,a4
SysTimer_GetLoadValue():
D:\fpgafile\e203_cnn\sdk\LeNet_oneP\hbird_sdk\NMSIS\Core\Include/core_feature_timer.h:106
80000a30:	0200c5b7          	lui	a1,0x200c
D:\fpgafile\e203_cnn\sdk\LeNet_oneP\hbird_sdk\NMSIS\Core\Include/core_feature_timer.h:106 (discriminator 1)
80000a34:	ff85a703          	lw	a4,-8(a1) # 200bff8 <__stack_size+0x200b7f8>
80000a38:	ffc5a783          	lw	a5,-4(a1)
measure_cpu_freq():
D:\fpgafile\e203_cnn\sdk\LeNet_oneP\Debug/../hbird_sdk/SoC/hbirdv2/Common/Source/hbirdv2_common.c:17 (discriminator 1)
    do {
        start_mtime = (uint32_t)SysTimer_GetLoadValue();
80000a3c:	87ba                	mv	a5,a4
D:\fpgafile\e203_cnn\sdk\LeNet_oneP\Debug/../hbird_sdk/SoC/hbirdv2/Common/Source/hbirdv2_common.c:18 (discriminator 1)
        start_mcycle = __RV_CSR_READ(CSR_MCYCLE);
80000a3e:	b0002673          	csrr	a2,mcycle
D:\fpgafile\e203_cnn\sdk\LeNet_oneP\Debug/../hbird_sdk/SoC/hbirdv2/Common/Source/hbirdv2_common.c:19 (discriminator 1)
    } while (start_mtime == tmp);
80000a42:	fee689e3          	beq	a3,a4,80000a34 <measure_cpu_freq+0x1a>
SysTimer_GetLoadValue():
D:\fpgafile\e203_cnn\sdk\LeNet_oneP\hbird_sdk\NMSIS\Core\Include/core_feature_timer.h:106
80000a46:	0200c6b7          	lui	a3,0x200c
D:\fpgafile\e203_cnn\sdk\LeNet_oneP\hbird_sdk\NMSIS\Core\Include/core_feature_timer.h:106 (discriminator 1)
80000a4a:	ff86a403          	lw	s0,-8(a3) # 200bff8 <__stack_size+0x200b7f8>
80000a4e:	ffc6a483          	lw	s1,-4(a3)
measure_cpu_freq():
D:\fpgafile\e203_cnn\sdk\LeNet_oneP\Debug/../hbird_sdk/SoC/hbirdv2/Common/Source/hbirdv2_common.c:22 (discriminator 1)

    do {
        delta_mtime = (uint32_t)SysTimer_GetLoadValue() - start_mtime;
80000a52:	8c1d                	sub	s0,s0,a5
D:\fpgafile\e203_cnn\sdk\LeNet_oneP\Debug/../hbird_sdk/SoC/hbirdv2/Common/Source/hbirdv2_common.c:23 (discriminator 1)
        delta_mcycle = __RV_CSR_READ(CSR_MCYCLE) - start_mcycle;
80000a54:	b0002773          	csrr	a4,mcycle
D:\fpgafile\e203_cnn\sdk\LeNet_oneP\Debug/../hbird_sdk/SoC/hbirdv2/Common/Source/hbirdv2_common.c:24 (discriminator 1)
    } while (delta_mtime < n);
80000a58:	fea469e3          	bltu	s0,a0,80000a4a <measure_cpu_freq+0x30>
D:\fpgafile\e203_cnn\sdk\LeNet_oneP\Debug/../hbird_sdk/SoC/hbirdv2/Common/Source/hbirdv2_common.c:23
        delta_mcycle = __RV_CSR_READ(CSR_MCYCLE) - start_mcycle;
80000a5c:	40c704b3          	sub	s1,a4,a2
D:\fpgafile\e203_cnn\sdk\LeNet_oneP\Debug/../hbird_sdk/SoC/hbirdv2/Common/Source/hbirdv2_common.c:27

    return (delta_mcycle / delta_mtime) * mtime_freq
           + ((delta_mcycle % delta_mtime) * mtime_freq) / delta_mtime;
80000a60:	0284f5b3          	remu	a1,s1,s0
80000a64:	8622                	mv	a2,s0
80000a66:	4681                	li	a3,0
80000a68:	00f59513          	slli	a0,a1,0xf
80000a6c:	81c5                	srli	a1,a1,0x11
80000a6e:	2cd5                	jal	80000d62 <__udivdi3>
D:\fpgafile\e203_cnn\sdk\LeNet_oneP\Debug/../hbird_sdk/SoC/hbirdv2/Common/Source/hbirdv2_common.c:26
    return (delta_mcycle / delta_mtime) * mtime_freq
80000a70:	0284d733          	divu	a4,s1,s0
D:\fpgafile\e203_cnn\sdk\LeNet_oneP\Debug/../hbird_sdk/SoC/hbirdv2/Common/Source/hbirdv2_common.c:28
}
80000a74:	40b2                	lw	ra,12(sp)
80000a76:	4422                	lw	s0,8(sp)
80000a78:	4492                	lw	s1,4(sp)
80000a7a:	0141                	addi	sp,sp,16
D:\fpgafile\e203_cnn\sdk\LeNet_oneP\Debug/../hbird_sdk/SoC/hbirdv2/Common/Source/hbirdv2_common.c:27
           + ((delta_mcycle % delta_mtime) * mtime_freq) / delta_mtime;
80000a7c:	073e                	slli	a4,a4,0xf
D:\fpgafile\e203_cnn\sdk\LeNet_oneP\Debug/../hbird_sdk/SoC/hbirdv2/Common/Source/hbirdv2_common.c:28
}
80000a7e:	953a                	add	a0,a0,a4
80000a80:	8082                	ret

80000a82 <get_cpu_freq>:
get_cpu_freq():
D:\fpgafile\e203_cnn\sdk\LeNet_oneP\Debug/../hbird_sdk/SoC/hbirdv2/Common/Source/hbirdv2_common.c:31

uint32_t get_cpu_freq(void)
{
80000a82:	1141                	addi	sp,sp,-16
D:\fpgafile\e203_cnn\sdk\LeNet_oneP\Debug/../hbird_sdk/SoC/hbirdv2/Common/Source/hbirdv2_common.c:35
    uint32_t cpu_freq;

    // warm up
    measure_cpu_freq(1);
80000a84:	4505                	li	a0,1
D:\fpgafile\e203_cnn\sdk\LeNet_oneP\Debug/../hbird_sdk/SoC/hbirdv2/Common/Source/hbirdv2_common.c:31
{
80000a86:	c606                	sw	ra,12(sp)
D:\fpgafile\e203_cnn\sdk\LeNet_oneP\Debug/../hbird_sdk/SoC/hbirdv2/Common/Source/hbirdv2_common.c:35
    measure_cpu_freq(1);
80000a88:	3f49                	jal	80000a1a <measure_cpu_freq>
D:\fpgafile\e203_cnn\sdk\LeNet_oneP\Debug/../hbird_sdk/SoC/hbirdv2/Common/Source/hbirdv2_common.c:40
    // measure for real
    cpu_freq = measure_cpu_freq(100);

    return cpu_freq;
}
80000a8a:	40b2                	lw	ra,12(sp)
D:\fpgafile\e203_cnn\sdk\LeNet_oneP\Debug/../hbird_sdk/SoC/hbirdv2/Common/Source/hbirdv2_common.c:37
    cpu_freq = measure_cpu_freq(100);
80000a8c:	06400513          	li	a0,100
D:\fpgafile\e203_cnn\sdk\LeNet_oneP\Debug/../hbird_sdk/SoC/hbirdv2/Common/Source/hbirdv2_common.c:40
}
80000a90:	0141                	addi	sp,sp,16
D:\fpgafile\e203_cnn\sdk\LeNet_oneP\Debug/../hbird_sdk/SoC/hbirdv2/Common/Source/hbirdv2_common.c:37
    cpu_freq = measure_cpu_freq(100);
80000a92:	b761                	j	80000a1a <measure_cpu_freq>

80000a94 <system_default_exception_handler>:
system_default_exception_handler():
D:\fpgafile\e203_cnn\sdk\LeNet_oneP\Debug/../hbird_sdk/SoC/hbirdv2/Common/Source/system_hbirdv2.c:168
 * \details
 * This function provided a default exception handling code for all exception ids.
 * By default, It will just print some information for debug, Vendor can customize it according to its requirements.
 */
static void system_default_exception_handler(unsigned long mcause, unsigned long sp)
{
80000a94:	1141                	addi	sp,sp,-16
80000a96:	c422                	sw	s0,8(sp)
80000a98:	842a                	mv	s0,a0
D:\fpgafile\e203_cnn\sdk\LeNet_oneP\Debug/../hbird_sdk/SoC/hbirdv2/Common/Source/system_hbirdv2.c:170
    /* TODO: Uncomment this if you have implement printf function */
    printf("Trap in Exception\r\n");
80000a9a:	00002517          	auipc	a0,0x2
80000a9e:	97250513          	addi	a0,a0,-1678 # 8000240c <_read_r+0x2c>
D:\fpgafile\e203_cnn\sdk\LeNet_oneP\Debug/../hbird_sdk/SoC/hbirdv2/Common/Source/system_hbirdv2.c:168
{
80000aa2:	c606                	sw	ra,12(sp)
D:\fpgafile\e203_cnn\sdk\LeNet_oneP\Debug/../hbird_sdk/SoC/hbirdv2/Common/Source/system_hbirdv2.c:170
    printf("Trap in Exception\r\n");
80000aa4:	7d0000ef          	jal	ra,80001274 <puts>
D:\fpgafile\e203_cnn\sdk\LeNet_oneP\Debug/../hbird_sdk/SoC/hbirdv2/Common/Source/system_hbirdv2.c:171
    printf("MCAUSE: 0x%lx\r\n", mcause);
80000aa8:	85a2                	mv	a1,s0
80000aaa:	00002517          	auipc	a0,0x2
80000aae:	97650513          	addi	a0,a0,-1674 # 80002420 <_read_r+0x40>
80000ab2:	257d                	jal	80001160 <iprintf>
D:\fpgafile\e203_cnn\sdk\LeNet_oneP\Debug/../hbird_sdk/SoC/hbirdv2/Common/Source/system_hbirdv2.c:172
    printf("MEPC  : 0x%lx\r\n", __RV_CSR_READ(CSR_MEPC));
80000ab4:	341025f3          	csrr	a1,mepc
80000ab8:	00002517          	auipc	a0,0x2
80000abc:	97850513          	addi	a0,a0,-1672 # 80002430 <_read_r+0x50>
80000ac0:	2545                	jal	80001160 <iprintf>
D:\fpgafile\e203_cnn\sdk\LeNet_oneP\Debug/../hbird_sdk/SoC/hbirdv2/Common/Source/system_hbirdv2.c:173
    printf("MTVAL : 0x%lx\r\n", __RV_CSR_READ(CSR_MBADADDR));
80000ac2:	343025f3          	csrr	a1,mtval
80000ac6:	00002517          	auipc	a0,0x2
80000aca:	97a50513          	addi	a0,a0,-1670 # 80002440 <_read_r+0x60>
80000ace:	2d49                	jal	80001160 <iprintf>
D:\fpgafile\e203_cnn\sdk\LeNet_oneP\Debug/../hbird_sdk/SoC/hbirdv2/Common/Source/system_hbirdv2.c:174 (discriminator 1)
    while(1);
80000ad0:	a001                	j	80000ad0 <system_default_exception_handler+0x3c>

80000ad2 <system_default_interrupt_handler>:
system_default_interrupt_handler():
D:\fpgafile\e203_cnn\sdk\LeNet_oneP\Debug/../hbird_sdk/SoC/hbirdv2/Common/Source/system_hbirdv2.c:183
 * \brief      System Default Interrupt Handler
 * \details
 * This function provided a default interrupt handling code for all interrupt ids.
 */
static void system_default_interrupt_handler(unsigned long mcause, unsigned long sp)
{
80000ad2:	1141                	addi	sp,sp,-16
80000ad4:	c422                	sw	s0,8(sp)
80000ad6:	842a                	mv	s0,a0
D:\fpgafile\e203_cnn\sdk\LeNet_oneP\Debug/../hbird_sdk/SoC/hbirdv2/Common/Source/system_hbirdv2.c:185
    /* TODO: Uncomment this if you have implement printf function */
    printf("Trap in Interrupt\r\n");
80000ad8:	00002517          	auipc	a0,0x2
80000adc:	97850513          	addi	a0,a0,-1672 # 80002450 <_read_r+0x70>
D:\fpgafile\e203_cnn\sdk\LeNet_oneP\Debug/../hbird_sdk/SoC/hbirdv2/Common/Source/system_hbirdv2.c:183
{
80000ae0:	c606                	sw	ra,12(sp)
D:\fpgafile\e203_cnn\sdk\LeNet_oneP\Debug/../hbird_sdk/SoC/hbirdv2/Common/Source/system_hbirdv2.c:185
    printf("Trap in Interrupt\r\n");
80000ae2:	792000ef          	jal	ra,80001274 <puts>
D:\fpgafile\e203_cnn\sdk\LeNet_oneP\Debug/../hbird_sdk/SoC/hbirdv2/Common/Source/system_hbirdv2.c:186
    printf("MCAUSE: 0x%lx\r\n", mcause);
80000ae6:	85a2                	mv	a1,s0
80000ae8:	00002517          	auipc	a0,0x2
80000aec:	93850513          	addi	a0,a0,-1736 # 80002420 <_read_r+0x40>
80000af0:	2d85                	jal	80001160 <iprintf>
D:\fpgafile\e203_cnn\sdk\LeNet_oneP\Debug/../hbird_sdk/SoC/hbirdv2/Common/Source/system_hbirdv2.c:187
    printf("MEPC  : 0x%lx\r\n", __RV_CSR_READ(CSR_MEPC));
80000af2:	341025f3          	csrr	a1,mepc
80000af6:	00002517          	auipc	a0,0x2
80000afa:	93a50513          	addi	a0,a0,-1734 # 80002430 <_read_r+0x50>
80000afe:	258d                	jal	80001160 <iprintf>
D:\fpgafile\e203_cnn\sdk\LeNet_oneP\Debug/../hbird_sdk/SoC/hbirdv2/Common/Source/system_hbirdv2.c:188
    printf("MTVAL : 0x%lx\r\n", __RV_CSR_READ(CSR_MBADADDR));
80000b00:	343025f3          	csrr	a1,mtval
D:\fpgafile\e203_cnn\sdk\LeNet_oneP\Debug/../hbird_sdk/SoC/hbirdv2/Common/Source/system_hbirdv2.c:189
}
80000b04:	4422                	lw	s0,8(sp)
80000b06:	40b2                	lw	ra,12(sp)
D:\fpgafile\e203_cnn\sdk\LeNet_oneP\Debug/../hbird_sdk/SoC/hbirdv2/Common/Source/system_hbirdv2.c:188
    printf("MTVAL : 0x%lx\r\n", __RV_CSR_READ(CSR_MBADADDR));
80000b08:	00002517          	auipc	a0,0x2
80000b0c:	93850513          	addi	a0,a0,-1736 # 80002440 <_read_r+0x60>
D:\fpgafile\e203_cnn\sdk\LeNet_oneP\Debug/../hbird_sdk/SoC/hbirdv2/Common/Source/system_hbirdv2.c:189
}
80000b10:	0141                	addi	sp,sp,16
D:\fpgafile\e203_cnn\sdk\LeNet_oneP\Debug/../hbird_sdk/SoC/hbirdv2/Common/Source/system_hbirdv2.c:188
    printf("MTVAL : 0x%lx\r\n", __RV_CSR_READ(CSR_MBADADDR));
80000b12:	a5b9                	j	80001160 <iprintf>

80000b14 <SystemInit>:
SystemInit():
D:\fpgafile\e203_cnn\sdk\LeNet_oneP\Debug/../hbird_sdk/SoC/hbirdv2/Common/Source/system_hbirdv2.c:125
    SystemCoreClock = SYSTEM_CLOCK;
80000b14:	04c4b7b7          	lui	a5,0x4c4b
80000b18:	40078793          	addi	a5,a5,1024 # 4c4b400 <__stack_size+0x4c4ac00>
80000b1c:	80f1a223          	sw	a5,-2044(gp) # 90000064 <SystemCoreClock>
D:\fpgafile\e203_cnn\sdk\LeNet_oneP\Debug/../hbird_sdk/SoC/hbirdv2/Common/Source/system_hbirdv2.c:126
}
80000b20:	8082                	ret

80000b22 <core_trap_handler>:
core_trap_handler():
D:\fpgafile\e203_cnn\sdk\LeNet_oneP\Debug/../hbird_sdk/SoC/hbirdv2/Common/Source/system_hbirdv2.c:322
 * - If you want to register core exception handler, please use \ref Exception_Register_EXC
 * - If you want to register core interrupt handler, please use \ref Interrupt_Register_CoreIRQ
 * - If you want to register external interrupt handler, please use \ref Interrupt_Register_ExtIRQ
 */
uint32_t core_trap_handler(unsigned long mcause, unsigned long sp)
{
80000b22:	1141                	addi	sp,sp,-16
D:\fpgafile\e203_cnn\sdk\LeNet_oneP\Debug/../hbird_sdk/SoC/hbirdv2/Common/Source/system_hbirdv2.c:325
    if (mcause & MCAUSE_INTERRUPT) {
        INT_HANDLER int_handler = NULL;
        uint32_t irqn = (uint32_t)(mcause & 0X00000fff);
80000b24:	01451793          	slli	a5,a0,0x14
D:\fpgafile\e203_cnn\sdk\LeNet_oneP\Debug/../hbird_sdk/SoC/hbirdv2/Common/Source/system_hbirdv2.c:322
{
80000b28:	c606                	sw	ra,12(sp)
80000b2a:	c422                	sw	s0,8(sp)
D:\fpgafile\e203_cnn\sdk\LeNet_oneP\Debug/../hbird_sdk/SoC/hbirdv2/Common/Source/system_hbirdv2.c:325
        uint32_t irqn = (uint32_t)(mcause & 0X00000fff);
80000b2c:	83d1                	srli	a5,a5,0x14
D:\fpgafile\e203_cnn\sdk\LeNet_oneP\Debug/../hbird_sdk/SoC/hbirdv2/Common/Source/system_hbirdv2.c:323
    if (mcause & MCAUSE_INTERRUPT) {
80000b2e:	02055163          	bgez	a0,80000b50 <core_trap_handler+0x2e>
D:\fpgafile\e203_cnn\sdk\LeNet_oneP\Debug/../hbird_sdk/SoC/hbirdv2/Common/Source/system_hbirdv2.c:326
        if (irqn == IRQ_M_EXT) {
80000b32:	472d                	li	a4,11
80000b34:	04e78363          	beq	a5,a4,80000b7a <core_trap_handler+0x58>
D:\fpgafile\e203_cnn\sdk\LeNet_oneP\Debug/../hbird_sdk/SoC/hbirdv2/Common/Source/system_hbirdv2.c:338
                }
                PLIC_CompleteInterrupt(irqn);
            }
#endif
        } else {
            int_handler = (INT_HANDLER)(SystemCoreInterruptHandlers[irqn]);
80000b38:	078a                	slli	a5,a5,0x2
80000b3a:	82418713          	addi	a4,gp,-2012 # 90000084 <SystemCoreInterruptHandlers>
80000b3e:	97ba                	add	a5,a5,a4
80000b40:	439c                	lw	a5,0(a5)
D:\fpgafile\e203_cnn\sdk\LeNet_oneP\Debug/../hbird_sdk/SoC/hbirdv2/Common/Source/system_hbirdv2.c:339
            if (int_handler != NULL) {
80000b42:	c391                	beqz	a5,80000b46 <core_trap_handler+0x24>
core_exception_handler():
D:\fpgafile\e203_cnn\sdk\LeNet_oneP\Debug/../hbird_sdk/SoC/hbirdv2/Common/Source/system_hbirdv2.c:371
        exc_handler = (EXC_HANDLER)SystemExceptionHandlers[EXCn];
    } else {
        exc_handler = (EXC_HANDLER)system_default_exception_handler;
    }
    if (exc_handler != NULL) {
        exc_handler(mcause, sp);
80000b44:	9782                	jalr	a5
core_trap_handler():
D:\fpgafile\e203_cnn\sdk\LeNet_oneP\Debug/../hbird_sdk/SoC/hbirdv2/Common/Source/system_hbirdv2.c:347
}
80000b46:	40b2                	lw	ra,12(sp)
80000b48:	4422                	lw	s0,8(sp)
80000b4a:	4501                	li	a0,0
80000b4c:	0141                	addi	sp,sp,16
80000b4e:	8082                	ret
core_exception_handler():
D:\fpgafile\e203_cnn\sdk\LeNet_oneP\Debug/../hbird_sdk/SoC/hbirdv2/Common/Source/system_hbirdv2.c:365
    if ((EXCn < MAX_SYSTEM_EXCEPTION_NUM) && (EXCn >= 0)) {
80000b50:	4629                	li	a2,10
80000b52:	872a                	mv	a4,a0
80000b54:	86ae                	mv	a3,a1
80000b56:	00f66b63          	bltu	a2,a5,80000b6c <core_trap_handler+0x4a>
D:\fpgafile\e203_cnn\sdk\LeNet_oneP\Debug/../hbird_sdk/SoC/hbirdv2/Common/Source/system_hbirdv2.c:366
        exc_handler = (EXC_HANDLER)SystemExceptionHandlers[EXCn];
80000b5a:	078a                	slli	a5,a5,0x2
80000b5c:	84c18613          	addi	a2,gp,-1972 # 900000ac <SystemExceptionHandlers>
80000b60:	97b2                	add	a5,a5,a2
80000b62:	439c                	lw	a5,0(a5)
D:\fpgafile\e203_cnn\sdk\LeNet_oneP\Debug/../hbird_sdk/SoC/hbirdv2/Common/Source/system_hbirdv2.c:370
    if (exc_handler != NULL) {
80000b64:	d3ed                	beqz	a5,80000b46 <core_trap_handler+0x24>
D:\fpgafile\e203_cnn\sdk\LeNet_oneP\Debug/../hbird_sdk/SoC/hbirdv2/Common/Source/system_hbirdv2.c:371
        exc_handler(mcause, sp);
80000b66:	85b6                	mv	a1,a3
80000b68:	853a                	mv	a0,a4
80000b6a:	bfe9                	j	80000b44 <core_trap_handler+0x22>
D:\fpgafile\e203_cnn\sdk\LeNet_oneP\Debug/../hbird_sdk/SoC/hbirdv2/Common/Source/system_hbirdv2.c:368
        exc_handler = (EXC_HANDLER)system_default_exception_handler;
80000b6c:	00000797          	auipc	a5,0x0
80000b70:	f2878793          	addi	a5,a5,-216 # 80000a94 <system_default_exception_handler>
D:\fpgafile\e203_cnn\sdk\LeNet_oneP\Debug/../hbird_sdk/SoC/hbirdv2/Common/Source/system_hbirdv2.c:371
        exc_handler(mcause, sp);
80000b74:	85b6                	mv	a1,a3
80000b76:	853a                	mv	a0,a4
80000b78:	b7f1                	j	80000b44 <core_trap_handler+0x22>
PLIC_ClaimInterrupt():
D:\fpgafile\e203_cnn\sdk\LeNet_oneP\hbird_sdk\NMSIS\Core\Include/core_feature_plic.h:273
 * \sa
 * - \ref PLIC_CompleteInterrupt
 */
__STATIC_FORCEINLINE uint32_t PLIC_ClaimInterrupt(void)
{
    uint32_t hartid = __RV_CSR_READ(CSR_MHARTID);
80000b7a:	f14027f3          	csrr	a5,mhartid
D:\fpgafile\e203_cnn\sdk\LeNet_oneP\hbird_sdk\NMSIS\Core\Include/core_feature_plic.h:274
    volatile uint32_t *claim_reg = (uint32_t *)((PLIC_BASE) + PLIC_CLAIM_OFFSET + \
80000b7e:	0c200737          	lui	a4,0xc200
D:\fpgafile\e203_cnn\sdk\LeNet_oneP\hbird_sdk\NMSIS\Core\Include/core_feature_plic.h:275
                    + (hartid << PLIC_CLAIM_SHIFT_PER_TARGET));
80000b82:	07b2                	slli	a5,a5,0xc
D:\fpgafile\e203_cnn\sdk\LeNet_oneP\hbird_sdk\NMSIS\Core\Include/core_feature_plic.h:274
    volatile uint32_t *claim_reg = (uint32_t *)((PLIC_BASE) + PLIC_CLAIM_OFFSET + \
80000b84:	0711                	addi	a4,a4,4
80000b86:	97ba                	add	a5,a5,a4
D:\fpgafile\e203_cnn\sdk\LeNet_oneP\hbird_sdk\NMSIS\Core\Include/core_feature_plic.h:277

    return (*claim_reg);
80000b88:	4380                	lw	s0,0(a5)
core_trap_handler():
D:\fpgafile\e203_cnn\sdk\LeNet_oneP\Debug/../hbird_sdk/SoC/hbirdv2/Common/Source/system_hbirdv2.c:329
            if (irqn < __PLIC_INTNUM) {
80000b8a:	47c1                	li	a5,16
80000b8c:	fa87ede3          	bltu	a5,s0,80000b46 <core_trap_handler+0x24>
D:\fpgafile\e203_cnn\sdk\LeNet_oneP\Debug/../hbird_sdk/SoC/hbirdv2/Common/Source/system_hbirdv2.c:330
                int_handler = (INT_HANDLER)(SystemExtInterruptHandlers[irqn]);
80000b90:	00241713          	slli	a4,s0,0x2
80000b94:	87818793          	addi	a5,gp,-1928 # 900000d8 <SystemExtInterruptHandlers>
80000b98:	97ba                	add	a5,a5,a4
80000b9a:	439c                	lw	a5,0(a5)
D:\fpgafile\e203_cnn\sdk\LeNet_oneP\Debug/../hbird_sdk/SoC/hbirdv2/Common/Source/system_hbirdv2.c:331
                if (int_handler != NULL) {
80000b9c:	c391                	beqz	a5,80000ba0 <core_trap_handler+0x7e>
D:\fpgafile\e203_cnn\sdk\LeNet_oneP\Debug/../hbird_sdk/SoC/hbirdv2/Common/Source/system_hbirdv2.c:332
                    int_handler(mcause, sp);
80000b9e:	9782                	jalr	a5
PLIC_CompleteInterrupt():
D:\fpgafile\e203_cnn\sdk\LeNet_oneP\hbird_sdk\NMSIS\Core\Include/core_feature_plic.h:298
 * \sa
 * - \ref PLIC_ClaimInterrupt
 */
__STATIC_FORCEINLINE void PLIC_CompleteInterrupt(uint32_t source)
{
    uint32_t hartid = __RV_CSR_READ(CSR_MHARTID);
80000ba0:	f14027f3          	csrr	a5,mhartid
D:\fpgafile\e203_cnn\sdk\LeNet_oneP\hbird_sdk\NMSIS\Core\Include/core_feature_plic.h:299
    volatile uint32_t *complete_reg = (uint32_t *)((PLIC_BASE) + PLIC_CLAIM_OFFSET + \
80000ba4:	0c200737          	lui	a4,0xc200
D:\fpgafile\e203_cnn\sdk\LeNet_oneP\hbird_sdk\NMSIS\Core\Include/core_feature_plic.h:300
                    + (hartid << PLIC_CLAIM_SHIFT_PER_TARGET));
80000ba8:	07b2                	slli	a5,a5,0xc
D:\fpgafile\e203_cnn\sdk\LeNet_oneP\hbird_sdk\NMSIS\Core\Include/core_feature_plic.h:299
    volatile uint32_t *complete_reg = (uint32_t *)((PLIC_BASE) + PLIC_CLAIM_OFFSET + \
80000baa:	0711                	addi	a4,a4,4
80000bac:	97ba                	add	a5,a5,a4
D:\fpgafile\e203_cnn\sdk\LeNet_oneP\hbird_sdk\NMSIS\Core\Include/core_feature_plic.h:302

    *complete_reg = source;
80000bae:	c380                	sw	s0,0(a5)
D:\fpgafile\e203_cnn\sdk\LeNet_oneP\hbird_sdk\NMSIS\Core\Include/core_feature_plic.h:303
}
80000bb0:	bf59                	j	80000b46 <core_trap_handler+0x24>

80000bb2 <_premain_init>:
_premain_init():
D:\fpgafile\e203_cnn\sdk\LeNet_oneP\Debug/../hbird_sdk/SoC/hbirdv2/Common/Source/system_hbirdv2.c:464
 * For RISC-V gnu toolchain, _init function might not be called
 * by __libc_init_array function, so we defined a new function
 * to do initialization
 */
void _premain_init(void)
{
80000bb2:	1141                	addi	sp,sp,-16
80000bb4:	c606                	sw	ra,12(sp)
80000bb6:	c422                	sw	s0,8(sp)
D:\fpgafile\e203_cnn\sdk\LeNet_oneP\Debug/../hbird_sdk/SoC/hbirdv2/Common/Source/system_hbirdv2.c:466
    /* TODO: Add your own initialization code here, called before main */
    SystemCoreClock = get_cpu_freq();
80000bb8:	35e9                	jal	80000a82 <get_cpu_freq>
80000bba:	87aa                	mv	a5,a0
80000bbc:	80418413          	addi	s0,gp,-2044 # 90000064 <SystemCoreClock>
D:\fpgafile\e203_cnn\sdk\LeNet_oneP\Debug/../hbird_sdk/SoC/hbirdv2/Common/Source/system_hbirdv2.c:468
#if ! defined(SIMULATION_SPIKE) && ! defined(SIMULATION_XLSPIKE)
    gpio_iof_config(GPIOA, IOF_UART_MASK);
80000bc0:	000305b7          	lui	a1,0x30
80000bc4:	10012537          	lui	a0,0x10012
D:\fpgafile\e203_cnn\sdk\LeNet_oneP\Debug/../hbird_sdk/SoC/hbirdv2/Common/Source/system_hbirdv2.c:466
    SystemCoreClock = get_cpu_freq();
80000bc8:	c01c                	sw	a5,0(s0)
D:\fpgafile\e203_cnn\sdk\LeNet_oneP\Debug/../hbird_sdk/SoC/hbirdv2/Common/Source/system_hbirdv2.c:468
    gpio_iof_config(GPIOA, IOF_UART_MASK);
80000bca:	3be9                	jal	800009a4 <gpio_iof_config>
D:\fpgafile\e203_cnn\sdk\LeNet_oneP\Debug/../hbird_sdk/SoC/hbirdv2/Common/Source/system_hbirdv2.c:469
    uart_init(SOC_DEBUG_UART, 115200);
80000bcc:	65f1                	lui	a1,0x1c
80000bce:	20058593          	addi	a1,a1,512 # 1c200 <__stack_size+0x1ba00>
80000bd2:	10013537          	lui	a0,0x10013
80000bd6:	33c5                	jal	800009b6 <uart_init>
SystemBannerPrint():
D:\fpgafile\e203_cnn\sdk\LeNet_oneP\Debug/../hbird_sdk/SoC/hbirdv2/Common/Source/system_hbirdv2.c:381
    printf("HummingBird SDK Build Time: %s, %s\r\n", __DATE__, __TIME__);
80000bd8:	00002617          	auipc	a2,0x2
80000bdc:	88c60613          	addi	a2,a2,-1908 # 80002464 <_read_r+0x84>
80000be0:	00002597          	auipc	a1,0x2
80000be4:	89058593          	addi	a1,a1,-1904 # 80002470 <_read_r+0x90>
80000be8:	00002517          	auipc	a0,0x2
80000bec:	89450513          	addi	a0,a0,-1900 # 8000247c <_read_r+0x9c>
80000bf0:	2b85                	jal	80001160 <iprintf>
D:\fpgafile\e203_cnn\sdk\LeNet_oneP\Debug/../hbird_sdk/SoC/hbirdv2/Common/Source/system_hbirdv2.c:383
    printf("Download Mode: %s\r\n", DOWNLOAD_MODE_STRING);
80000bf2:	00002597          	auipc	a1,0x2
80000bf6:	8b258593          	addi	a1,a1,-1870 # 800024a4 <_read_r+0xc4>
80000bfa:	00002517          	auipc	a0,0x2
80000bfe:	8ae50513          	addi	a0,a0,-1874 # 800024a8 <_read_r+0xc8>
80000c02:	2bb9                	jal	80001160 <iprintf>
D:\fpgafile\e203_cnn\sdk\LeNet_oneP\Debug/../hbird_sdk/SoC/hbirdv2/Common/Source/system_hbirdv2.c:385
    printf("CPU Frequency %lu Hz\r\n", SystemCoreClock);
80000c04:	400c                	lw	a1,0(s0)
80000c06:	00002517          	auipc	a0,0x2
80000c0a:	8b650513          	addi	a0,a0,-1866 # 800024bc <_read_r+0xdc>
80000c0e:	2b89                	jal	80001160 <iprintf>
Exception_Init():
D:\fpgafile\e203_cnn\sdk\LeNet_oneP\Debug/../hbird_sdk/SoC/hbirdv2/Common/Source/system_hbirdv2.c:201
        SystemExceptionHandlers[i] = (unsigned long)system_default_exception_handler;
80000c10:	00000697          	auipc	a3,0x0
80000c14:	e8468693          	addi	a3,a3,-380 # 80000a94 <system_default_exception_handler>
80000c18:	84c18793          	addi	a5,gp,-1972 # 900000ac <SystemExceptionHandlers>
80000c1c:	87818713          	addi	a4,gp,-1928 # 900000d8 <SystemExtInterruptHandlers>
80000c20:	c394                	sw	a3,0(a5)
D:\fpgafile\e203_cnn\sdk\LeNet_oneP\Debug/../hbird_sdk/SoC/hbirdv2/Common/Source/system_hbirdv2.c:200
    for (int i = 0; i < MAX_SYSTEM_EXCEPTION_NUM; i++) {
80000c22:	0791                	addi	a5,a5,4
80000c24:	fee79ee3          	bne	a5,a4,80000c20 <_premain_init+0x6e>
Interrupt_Init():
D:\fpgafile\e203_cnn\sdk\LeNet_oneP\Debug/../hbird_sdk/SoC/hbirdv2/Common/Source/system_hbirdv2.c:216
        SystemExtInterruptHandlers[i] = (unsigned long)system_default_interrupt_handler;
80000c28:	00000717          	auipc	a4,0x0
80000c2c:	eaa70713          	addi	a4,a4,-342 # 80000ad2 <system_default_interrupt_handler>
80000c30:	87818793          	addi	a5,gp,-1928 # 900000d8 <SystemExtInterruptHandlers>
80000c34:	8bc18693          	addi	a3,gp,-1860 # 9000011c <c1_out>
80000c38:	c398                	sw	a4,0(a5)
D:\fpgafile\e203_cnn\sdk\LeNet_oneP\Debug/../hbird_sdk/SoC/hbirdv2/Common/Source/system_hbirdv2.c:215
    for (i = 0; i < __PLIC_INTNUM; i++) {
80000c3a:	0791                	addi	a5,a5,4
80000c3c:	fef69ee3          	bne	a3,a5,80000c38 <_premain_init+0x86>
80000c40:	82418793          	addi	a5,gp,-2012 # 90000084 <SystemCoreInterruptHandlers>
80000c44:	84c18693          	addi	a3,gp,-1972 # 900000ac <SystemExceptionHandlers>
D:\fpgafile\e203_cnn\sdk\LeNet_oneP\Debug/../hbird_sdk/SoC/hbirdv2/Common/Source/system_hbirdv2.c:219
        SystemCoreInterruptHandlers[i] = (unsigned long)system_default_interrupt_handler;
80000c48:	c398                	sw	a4,0(a5)
D:\fpgafile\e203_cnn\sdk\LeNet_oneP\Debug/../hbird_sdk/SoC/hbirdv2/Common/Source/system_hbirdv2.c:218
    for (i = 0; i < 10; i++) {
80000c4a:	0791                	addi	a5,a5,4
80000c4c:	fed79ee3          	bne	a5,a3,80000c48 <_premain_init+0x96>
80000c50:	0c000637          	lui	a2,0xc000
PLIC_Init():
D:\fpgafile\e203_cnn\sdk\LeNet_oneP\hbird_sdk\NMSIS\Core\Include/core_feature_plic.h:318
 */
__STATIC_FORCEINLINE void PLIC_Init(uint32_t num_sources)
{
    uint32_t i;

    for (i = 0; i < num_sources; i ++) {
80000c54:	4681                	li	a3,0
PLIC_DisableInterrupt():
D:\fpgafile\e203_cnn\sdk\LeNet_oneP\hbird_sdk\NMSIS\Core\Include/core_feature_plic.h:193
                    (hartid << PLIC_ENABLE_SHIFT_PER_TARGET) + (source >> 5) * 4);
80000c56:	0c0028b7          	lui	a7,0xc002
D:\fpgafile\e203_cnn\sdk\LeNet_oneP\hbird_sdk\NMSIS\Core\Include/core_feature_plic.h:196
    current = current & (~(1<<(source&0x1F)));
80000c5a:	4805                	li	a6,1
PLIC_Init():
D:\fpgafile\e203_cnn\sdk\LeNet_oneP\hbird_sdk\NMSIS\Core\Include/core_feature_plic.h:318
    for (i = 0; i < num_sources; i ++) {
80000c5c:	4545                	li	a0,17
PLIC_DisableInterrupt():
D:\fpgafile\e203_cnn\sdk\LeNet_oneP\hbird_sdk\NMSIS\Core\Include/core_feature_plic.h:191
    uint32_t hartid = __RV_CSR_READ(CSR_MHARTID);
80000c5e:	f14027f3          	csrr	a5,mhartid
D:\fpgafile\e203_cnn\sdk\LeNet_oneP\hbird_sdk\NMSIS\Core\Include/core_feature_plic.h:193
                    (hartid << PLIC_ENABLE_SHIFT_PER_TARGET) + (source >> 5) * 4);
80000c62:	079e                	slli	a5,a5,0x7
80000c64:	97c6                	add	a5,a5,a7
D:\fpgafile\e203_cnn\sdk\LeNet_oneP\hbird_sdk\NMSIS\Core\Include/core_feature_plic.h:195
    uint32_t current = *enable_reg;
80000c66:	438c                	lw	a1,0(a5)
D:\fpgafile\e203_cnn\sdk\LeNet_oneP\hbird_sdk\NMSIS\Core\Include/core_feature_plic.h:196
    current = current & (~(1<<(source&0x1F)));
80000c68:	00d81733          	sll	a4,a6,a3
80000c6c:	fff74713          	not	a4,a4
80000c70:	8f6d                	and	a4,a4,a1
D:\fpgafile\e203_cnn\sdk\LeNet_oneP\hbird_sdk\NMSIS\Core\Include/core_feature_plic.h:197
    *enable_reg = current;
80000c72:	c398                	sw	a4,0(a5)
PLIC_SetPriority():
D:\fpgafile\e203_cnn\sdk\LeNet_oneP\hbird_sdk\NMSIS\Core\Include/core_feature_plic.h:237
    *priority_reg = priority;
80000c74:	00062023          	sw	zero,0(a2) # c000000 <__stack_size+0xbfff800>
PLIC_Init():
D:\fpgafile\e203_cnn\sdk\LeNet_oneP\hbird_sdk\NMSIS\Core\Include/core_feature_plic.h:318
    for (i = 0; i < num_sources; i ++) {
80000c78:	0685                	addi	a3,a3,1
80000c7a:	0611                	addi	a2,a2,4
80000c7c:	fea691e3          	bne	a3,a0,80000c5e <_premain_init+0xac>
PLIC_SetThreshold():
D:\fpgafile\e203_cnn\sdk\LeNet_oneP\hbird_sdk\NMSIS\Core\Include/core_feature_plic.h:135
    uint32_t hartid = __RV_CSR_READ(CSR_MHARTID);
80000c80:	f14027f3          	csrr	a5,mhartid
D:\fpgafile\e203_cnn\sdk\LeNet_oneP\hbird_sdk\NMSIS\Core\Include/core_feature_plic.h:137
                    PLIC_THRESHOLD_OFFSET + (hartid << PLIC_THRESHOLD_SHIFT_PER_TARGET));
80000c84:	0c200737          	lui	a4,0xc200
_premain_init():
D:\fpgafile\e203_cnn\sdk\LeNet_oneP\Debug/../hbird_sdk/SoC/hbirdv2/Common/Source/system_hbirdv2.c:481
    Interrupt_Init();
#if defined(__PLIC_PRESENT) && __PLIC_PRESENT == 1
    /* PLIC initilization */
    PLIC_Init(__PLIC_INTNUM);
#endif
}
80000c88:	40b2                	lw	ra,12(sp)
80000c8a:	4422                	lw	s0,8(sp)
PLIC_SetThreshold():
D:\fpgafile\e203_cnn\sdk\LeNet_oneP\hbird_sdk\NMSIS\Core\Include/core_feature_plic.h:137
80000c8c:	07b2                	slli	a5,a5,0xc
80000c8e:	97ba                	add	a5,a5,a4
D:\fpgafile\e203_cnn\sdk\LeNet_oneP\hbird_sdk\NMSIS\Core\Include/core_feature_plic.h:139
    *thresh_reg = thresh;
80000c90:	0007a023          	sw	zero,0(a5)
_premain_init():
D:\fpgafile\e203_cnn\sdk\LeNet_oneP\Debug/../hbird_sdk/SoC/hbirdv2/Common/Source/system_hbirdv2.c:481
80000c94:	0141                	addi	sp,sp,16
80000c96:	8082                	ret

80000c98 <_postmain_fini>:
_postmain_fini():
D:\fpgafile\e203_cnn\sdk\LeNet_oneP\Debug/../hbird_sdk/SoC/hbirdv2/Common/Source/system_hbirdv2.c:507
#ifdef SIMULATION_RTL
extern void rtlsim_exit(int status);
    rtlsim_exit(status);
#endif

}
80000c98:	8082                	ret

80000c9a <_init>:
_init():
D:\fpgafile\e203_cnn\sdk\LeNet_oneP\Debug/../hbird_sdk/SoC/hbirdv2/Common/Source/system_hbirdv2.c:521
 * Please use \ref _premain_init function now
 */
void _init(void)
{
    /* Don't put any code here, please use _premain_init now */
}
80000c9a:	8082                	ret

80000c9c <_fini>:
_fini():
80000c9c:	8082                	ret

80000c9e <cnn_layer.constprop.0>:
cnn_layer():
D:\fpgafile\e203_cnn\sdk\LeNet_oneP\Debug/../application/../include/cnn.h:115
                             const int8_t *x, const int8_t *w, const int32_t *b,
                             int8_t *y, int out_n)
{
    cnn_clear_ptrs();
    cnn_config(in_h, in_w, in_c, k, oc, stride, pad, shift, relu);
    cnn_load_input(x, in_h * in_w * in_c);
80000c9e:	02b50333          	mul	t1,a0,a1
cnn_cfg0():
D:\fpgafile\e203_cnn\sdk\LeNet_oneP\Debug/../application/../include/cnn.h:48
    return (h & 0xFF) | ((w & 0xFF) << 8) | ((c & 0xFF) << 16) | ((k & 0xFF) << 24);
80000ca2:	01869e93          	slli	t4,a3,0x18
80000ca6:	01061e13          	slli	t3,a2,0x10
cnn_clear_ptrs():
D:\fpgafile\e203_cnn\sdk\LeNet_oneP\Debug/../application/../include/cnn.h:65
    CNN_WR(CNN_CTRL, CNN_CTRL_CLR_WPTR | CNN_CTRL_CLR_IPTR | CNN_CTRL_CLR_BPTR);
80000caa:	40000f37          	lui	t5,0x40000
cnn_cfg0():
D:\fpgafile\e203_cnn\sdk\LeNet_oneP\Debug/../application/../include/cnn.h:48
    return (h & 0xFF) | ((w & 0xFF) << 8) | ((c & 0xFF) << 16) | ((k & 0xFF) << 24);
80000cae:	01de6e33          	or	t3,t3,t4
80000cb2:	00859e93          	slli	t4,a1,0x8
cnn_cfg1():
D:\fpgafile\e203_cnn\sdk\LeNet_oneP\Debug/../application/../include/cnn.h:54
         | ((shift & 0x1Fu) << 14) | ((relu & 1u) << 19);
80000cb6:	01379593          	slli	a1,a5,0x13
cnn_clear_ptrs():
D:\fpgafile\e203_cnn\sdk\LeNet_oneP\Debug/../application/../include/cnn.h:65
    CNN_WR(CNN_CTRL, CNN_CTRL_CLR_WPTR | CNN_CTRL_CLR_IPTR | CNN_CTRL_CLR_BPTR);
80000cba:	47b9                	li	a5,14
cnn_cfg0():
D:\fpgafile\e203_cnn\sdk\LeNet_oneP\Debug/../application/../include/cnn.h:48
    return (h & 0xFF) | ((w & 0xFF) << 8) | ((c & 0xFF) << 16) | ((k & 0xFF) << 24);
80000cbc:	00ae6e33          	or	t3,t3,a0
cnn_layer():
D:\fpgafile\e203_cnn\sdk\LeNet_oneP\Debug/../application/../include/cnn.h:108
static inline void cnn_layer(int in_h, int in_w, int in_c, int k,
80000cc0:	4502                	lw	a0,0(sp)
D:\fpgafile\e203_cnn\sdk\LeNet_oneP\Debug/../application/../include/cnn.h:115
    cnn_load_input(x, in_h * in_w * in_c);
80000cc2:	02c30333          	mul	t1,t1,a2
cnn_clear_ptrs():
D:\fpgafile\e203_cnn\sdk\LeNet_oneP\Debug/../application/../include/cnn.h:65
    CNN_WR(CNN_CTRL, CNN_CTRL_CLR_WPTR | CNN_CTRL_CLR_IPTR | CNN_CTRL_CLR_BPTR);
80000cc6:	00ff2023          	sw	a5,0(t5) # 40000000 <__stack_size+0x3ffff800>
cnn_cfg1():
D:\fpgafile\e203_cnn\sdk\LeNet_oneP\Debug/../application/../include/cnn.h:54
         | ((shift & 0x1Fu) << 14) | ((relu & 1u) << 19);
80000cca:	000207b7          	lui	a5,0x20
cnn_cfg0():
D:\fpgafile\e203_cnn\sdk\LeNet_oneP\Debug/../application/../include/cnn.h:48
    return (h & 0xFF) | ((w & 0xFF) << 8) | ((c & 0xFF) << 16) | ((k & 0xFF) << 24);
80000cce:	01de6e33          	or	t3,t3,t4
cnn_cfg1():
D:\fpgafile\e203_cnn\sdk\LeNet_oneP\Debug/../application/../include/cnn.h:54
         | ((shift & 0x1Fu) << 14) | ((relu & 1u) << 19);
80000cd2:	10078793          	addi	a5,a5,256 # 20100 <__stack_size+0x1f900>
80000cd6:	8dd9                	or	a1,a1,a4
cnn_config():
D:\fpgafile\e203_cnn\sdk\LeNet_oneP\Debug/../application/../include/cnn.h:72
    CNN_WR(CNN_CFG0, cnn_cfg0(h, w, c, k));
80000cd8:	01cf2a23          	sw	t3,20(t5)
cnn_cfg1():
D:\fpgafile\e203_cnn\sdk\LeNet_oneP\Debug/../application/../include/cnn.h:54
         | ((shift & 0x1Fu) << 14) | ((relu & 1u) << 19);
80000cdc:	8ddd                	or	a1,a1,a5
80000cde:	10000797          	auipc	a5,0x10000
80000ce2:	6b278793          	addi	a5,a5,1714 # 90001390 <hw_x>
cnn_config():
D:\fpgafile\e203_cnn\sdk\LeNet_oneP\Debug/../application/../include/cnn.h:73
    CNN_WR(CNN_CFG1, cnn_cfg1(oc, stride, pad, shift, relu));
80000ce6:	00bf2c23          	sw	a1,24(t5)
cnn_load_input():
D:\fpgafile\e203_cnn\sdk\LeNet_oneP\Debug/../application/../include/cnn.h:78
    for (int i = 0; i < n; i++)
80000cea:	933e                	add	t1,t1,a5
D:\fpgafile\e203_cnn\sdk\LeNet_oneP\Debug/../application/../include/cnn.h:79
        CNN_WR(CNN_IDATA, (uint32_t)(int32_t)x[i]);
80000cec:	40000e37          	lui	t3,0x40000
80000cf0:	00078583          	lb	a1,0(a5)
D:\fpgafile\e203_cnn\sdk\LeNet_oneP\Debug/../application/../include/cnn.h:78
    for (int i = 0; i < n; i++)
80000cf4:	0785                	addi	a5,a5,1
D:\fpgafile\e203_cnn\sdk\LeNet_oneP\Debug/../application/../include/cnn.h:79
        CNN_WR(CNN_IDATA, (uint32_t)(int32_t)x[i]);
80000cf6:	00be2623          	sw	a1,12(t3) # 4000000c <__stack_size+0x3ffff80c>
D:\fpgafile\e203_cnn\sdk\LeNet_oneP\Debug/../application/../include/cnn.h:78
    for (int i = 0; i < n; i++)
80000cfa:	fe679be3          	bne	a5,t1,80000cf0 <cnn_layer.constprop.0+0x52>
cnn_layer():
D:\fpgafile\e203_cnn\sdk\LeNet_oneP\Debug/../application/../include/cnn.h:116
    cnn_load_weight(w, k * k * in_c * oc);
80000cfe:	02d686b3          	mul	a3,a3,a3
cnn_load_weight():
D:\fpgafile\e203_cnn\sdk\LeNet_oneP\Debug/../application/../include/cnn.h:85
        CNN_WR(CNN_WDATA, (uint32_t)(int32_t)w[i]);
80000d02:	400005b7          	lui	a1,0x40000
cnn_layer():
D:\fpgafile\e203_cnn\sdk\LeNet_oneP\Debug/../application/../include/cnn.h:116
    cnn_load_weight(w, k * k * in_c * oc);
80000d06:	02c687b3          	mul	a5,a3,a2
80000d0a:	02e787b3          	mul	a5,a5,a4
80000d0e:	97c2                	add	a5,a5,a6
cnn_load_weight():
D:\fpgafile\e203_cnn\sdk\LeNet_oneP\Debug/../application/../include/cnn.h:85
        CNN_WR(CNN_WDATA, (uint32_t)(int32_t)w[i]);
80000d10:	00080683          	lb	a3,0(a6)
D:\fpgafile\e203_cnn\sdk\LeNet_oneP\Debug/../application/../include/cnn.h:84
    for (int i = 0; i < n; i++)
80000d14:	0805                	addi	a6,a6,1
D:\fpgafile\e203_cnn\sdk\LeNet_oneP\Debug/../application/../include/cnn.h:85
        CNN_WR(CNN_WDATA, (uint32_t)(int32_t)w[i]);
80000d16:	c594                	sw	a3,8(a1)
D:\fpgafile\e203_cnn\sdk\LeNet_oneP\Debug/../application/../include/cnn.h:84
    for (int i = 0; i < n; i++)
80000d18:	ff079ce3          	bne	a5,a6,80000d10 <cnn_layer.constprop.0+0x72>
80000d1c:	070a                	slli	a4,a4,0x2
80000d1e:	9746                	add	a4,a4,a7
cnn_load_bias():
D:\fpgafile\e203_cnn\sdk\LeNet_oneP\Debug/../application/../include/cnn.h:91
        CNN_WR(CNN_BIAS, (uint32_t)b[i]);
80000d20:	400006b7          	lui	a3,0x40000
80000d24:	0008a783          	lw	a5,0(a7) # c002000 <__stack_size+0xc001800>
D:\fpgafile\e203_cnn\sdk\LeNet_oneP\Debug/../application/../include/cnn.h:90
    for (int i = 0; i < n; i++)
80000d28:	0891                	addi	a7,a7,4
D:\fpgafile\e203_cnn\sdk\LeNet_oneP\Debug/../application/../include/cnn.h:91
        CNN_WR(CNN_BIAS, (uint32_t)b[i]);
80000d2a:	ca9c                	sw	a5,16(a3)
D:\fpgafile\e203_cnn\sdk\LeNet_oneP\Debug/../application/../include/cnn.h:90
    for (int i = 0; i < n; i++)
80000d2c:	ff171ce3          	bne	a4,a7,80000d24 <cnn_layer.constprop.0+0x86>
cnn_run():
D:\fpgafile\e203_cnn\sdk\LeNet_oneP\Debug/../application/../include/cnn.h:96
    CNN_WR(CNN_CTRL, CNN_CTRL_START);
80000d30:	4785                	li	a5,1
80000d32:	c29c                	sw	a5,0(a3)
D:\fpgafile\e203_cnn\sdk\LeNet_oneP\Debug/../application/../include/cnn.h:97
    while ((CNN_RD(CNN_STATUS) & CNN_STATUS_DONE) == 0);
80000d34:	40000737          	lui	a4,0x40000
80000d38:	435c                	lw	a5,4(a4)
80000d3a:	8b89                	andi	a5,a5,2
80000d3c:	dff5                	beqz	a5,80000d38 <cnn_layer.constprop.0+0x9a>
D:\fpgafile\e203_cnn\sdk\LeNet_oneP\Debug/../application/../include/cnn.h:98
    CNN_WR(CNN_CTRL, 0);   /* 必须拉低 start，否则下一轮启动不了 */
80000d3e:	00072023          	sw	zero,0(a4) # 40000000 <__stack_size+0x3ffff800>
cnn_layer():
D:\fpgafile\e203_cnn\sdk\LeNet_oneP\Debug/../application/../include/cnn.h:119
    cnn_load_bias(b, oc);
    cnn_run();
    for (int i = 0; i < out_n; i++)
80000d42:	4781                	li	a5,0
80000d44:	10001717          	auipc	a4,0x10001
80000d48:	64c70713          	addi	a4,a4,1612 # 90002390 <hw_y>
cnn_read_output():
D:\fpgafile\e203_cnn\sdk\LeNet_oneP\Debug/../application/../include/cnn.h:103
    CNN_WR(CNN_OINDEX, (uint32_t)idx);
80000d4c:	400006b7          	lui	a3,0x40000
80000d50:	cedc                	sw	a5,28(a3)
D:\fpgafile\e203_cnn\sdk\LeNet_oneP\Debug/../application/../include/cnn.h:104
    return (int8_t)CNN_RD(CNN_ODATA);
80000d52:	5290                	lw	a2,32(a3)
cnn_layer():
D:\fpgafile\e203_cnn\sdk\LeNet_oneP\Debug/../application/../include/cnn.h:119
    for (int i = 0; i < out_n; i++)
80000d54:	0785                	addi	a5,a5,1
80000d56:	0705                	addi	a4,a4,1
cnn_read_output():
D:\fpgafile\e203_cnn\sdk\LeNet_oneP\Debug/../application/../include/cnn.h:104
    return (int8_t)CNN_RD(CNN_ODATA);
80000d58:	fec70fa3          	sb	a2,-1(a4)
cnn_layer():
D:\fpgafile\e203_cnn\sdk\LeNet_oneP\Debug/../application/../include/cnn.h:119
    for (int i = 0; i < out_n; i++)
80000d5c:	fea79ae3          	bne	a5,a0,80000d50 <cnn_layer.constprop.0+0xb2>
D:\fpgafile\e203_cnn\sdk\LeNet_oneP\Debug/../application/../include/cnn.h:121
        y[i] = cnn_read_output(i);
}
80000d60:	8082                	ret

80000d62 <__udivdi3>:
__udivdi3():
/home/hqfang/workspace/software/riscv-gnu-toolchain/riscv-gcc/libgcc/libgcc2.c:1319
80000d62:	88aa                	mv	a7,a0
80000d64:	87ae                	mv	a5,a1
__udivmoddi4():
/home/hqfang/workspace/software/riscv-gnu-toolchain/riscv-gcc/libgcc/libgcc2.c:1024
80000d66:	8832                	mv	a6,a2
/home/hqfang/workspace/software/riscv-gnu-toolchain/riscv-gcc/libgcc/libgcc2.c:1025
80000d68:	8536                	mv	a0,a3
/home/hqfang/workspace/software/riscv-gnu-toolchain/riscv-gcc/libgcc/libgcc2.c:1026
80000d6a:	8346                	mv	t1,a7
/home/hqfang/workspace/software/riscv-gnu-toolchain/riscv-gcc/libgcc/libgcc2.c:1064
80000d6c:	20069663          	bnez	a3,80000f78 <__udivdi3+0x216>
/home/hqfang/workspace/software/riscv-gnu-toolchain/riscv-gcc/libgcc/libgcc2.c:1066
80000d70:	0000d697          	auipc	a3,0xd
80000d74:	d8068693          	addi	a3,a3,-640 # 8000daf0 <__clz_tab>
80000d78:	0ac5ff63          	bgeu	a1,a2,80000e36 <__udivdi3+0xd4>
/home/hqfang/workspace/software/riscv-gnu-toolchain/riscv-gcc/libgcc/libgcc2.c:1070
80000d7c:	6741                	lui	a4,0x10
80000d7e:	0ae67563          	bgeu	a2,a4,80000e28 <__udivdi3+0xc6>
80000d82:	0ff00713          	li	a4,255
80000d86:	00c73733          	sltu	a4,a4,a2
80000d8a:	070e                	slli	a4,a4,0x3
80000d8c:	00e65533          	srl	a0,a2,a4
80000d90:	96aa                	add	a3,a3,a0
80000d92:	0006c683          	lbu	a3,0(a3)
80000d96:	02000513          	li	a0,32
80000d9a:	9736                	add	a4,a4,a3
80000d9c:	40e506b3          	sub	a3,a0,a4
/home/hqfang/workspace/software/riscv-gnu-toolchain/riscv-gcc/libgcc/libgcc2.c:1072
80000da0:	00e50b63          	beq	a0,a4,80000db6 <__udivdi3+0x54>
/home/hqfang/workspace/software/riscv-gnu-toolchain/riscv-gcc/libgcc/libgcc2.c:1078
80000da4:	00d795b3          	sll	a1,a5,a3
80000da8:	00e8d733          	srl	a4,a7,a4
/home/hqfang/workspace/software/riscv-gnu-toolchain/riscv-gcc/libgcc/libgcc2.c:1077
80000dac:	00d61833          	sll	a6,a2,a3
/home/hqfang/workspace/software/riscv-gnu-toolchain/riscv-gcc/libgcc/libgcc2.c:1078
80000db0:	8dd9                	or	a1,a1,a4
/home/hqfang/workspace/software/riscv-gnu-toolchain/riscv-gcc/libgcc/libgcc2.c:1079
80000db2:	00d89333          	sll	t1,a7,a3
/home/hqfang/workspace/software/riscv-gnu-toolchain/riscv-gcc/libgcc/libgcc2.c:1082
80000db6:	01085893          	srli	a7,a6,0x10
80000dba:	0315d6b3          	divu	a3,a1,a7
80000dbe:	01081613          	slli	a2,a6,0x10
80000dc2:	8241                	srli	a2,a2,0x10
80000dc4:	01035793          	srli	a5,t1,0x10
80000dc8:	0315f733          	remu	a4,a1,a7
80000dcc:	8536                	mv	a0,a3
80000dce:	02d605b3          	mul	a1,a2,a3
80000dd2:	0742                	slli	a4,a4,0x10
80000dd4:	8fd9                	or	a5,a5,a4
80000dd6:	00b7fc63          	bgeu	a5,a1,80000dee <__udivdi3+0x8c>
80000dda:	97c2                	add	a5,a5,a6
80000ddc:	fff68513          	addi	a0,a3,-1
80000de0:	0107e763          	bltu	a5,a6,80000dee <__udivdi3+0x8c>
80000de4:	00b7f563          	bgeu	a5,a1,80000dee <__udivdi3+0x8c>
80000de8:	ffe68513          	addi	a0,a3,-2
80000dec:	97c2                	add	a5,a5,a6
80000dee:	8f8d                	sub	a5,a5,a1
80000df0:	0317f733          	remu	a4,a5,a7
80000df4:	0342                	slli	t1,t1,0x10
80000df6:	01035313          	srli	t1,t1,0x10
80000dfa:	0317d7b3          	divu	a5,a5,a7
80000dfe:	0742                	slli	a4,a4,0x10
80000e00:	00676333          	or	t1,a4,t1
80000e04:	02f606b3          	mul	a3,a2,a5
80000e08:	863e                	mv	a2,a5
80000e0a:	00d37b63          	bgeu	t1,a3,80000e20 <__udivdi3+0xbe>
80000e0e:	9342                	add	t1,t1,a6
80000e10:	fff78613          	addi	a2,a5,-1
80000e14:	01036663          	bltu	t1,a6,80000e20 <__udivdi3+0xbe>
80000e18:	00d37463          	bgeu	t1,a3,80000e20 <__udivdi3+0xbe>
80000e1c:	ffe78613          	addi	a2,a5,-2
80000e20:	0542                	slli	a0,a0,0x10
80000e22:	8d51                	or	a0,a0,a2
/home/hqfang/workspace/software/riscv-gnu-toolchain/riscv-gcc/libgcc/libgcc2.c:1209
80000e24:	4581                	li	a1,0
80000e26:	a85d                	j	80000edc <__udivdi3+0x17a>
/home/hqfang/workspace/software/riscv-gnu-toolchain/riscv-gcc/libgcc/libgcc2.c:1070
80000e28:	01000537          	lui	a0,0x1000
80000e2c:	4741                	li	a4,16
80000e2e:	f4a66fe3          	bltu	a2,a0,80000d8c <__udivdi3+0x2a>
80000e32:	4761                	li	a4,24
80000e34:	bfa1                	j	80000d8c <__udivdi3+0x2a>
/home/hqfang/workspace/software/riscv-gnu-toolchain/riscv-gcc/libgcc/libgcc2.c:1091
80000e36:	e601                	bnez	a2,80000e3e <__udivdi3+0xdc>
/home/hqfang/workspace/software/riscv-gnu-toolchain/riscv-gcc/libgcc/libgcc2.c:1092
80000e38:	4705                	li	a4,1
80000e3a:	02c75833          	divu	a6,a4,a2
/home/hqfang/workspace/software/riscv-gnu-toolchain/riscv-gcc/libgcc/libgcc2.c:1094
80000e3e:	6741                	lui	a4,0x10
80000e40:	08e87f63          	bgeu	a6,a4,80000ede <__udivdi3+0x17c>
80000e44:	0ff00713          	li	a4,255
80000e48:	01077363          	bgeu	a4,a6,80000e4e <__udivdi3+0xec>
80000e4c:	4521                	li	a0,8
80000e4e:	00a85733          	srl	a4,a6,a0
80000e52:	96ba                	add	a3,a3,a4
80000e54:	0006c703          	lbu	a4,0(a3)
80000e58:	02000613          	li	a2,32
80000e5c:	972a                	add	a4,a4,a0
80000e5e:	40e606b3          	sub	a3,a2,a4
/home/hqfang/workspace/software/riscv-gnu-toolchain/riscv-gcc/libgcc/libgcc2.c:1096
80000e62:	08e61563          	bne	a2,a4,80000eec <__udivdi3+0x18a>
/home/hqfang/workspace/software/riscv-gnu-toolchain/riscv-gcc/libgcc/libgcc2.c:1105
80000e66:	410787b3          	sub	a5,a5,a6
/home/hqfang/workspace/software/riscv-gnu-toolchain/riscv-gcc/libgcc/libgcc2.c:1106
80000e6a:	4585                	li	a1,1
/home/hqfang/workspace/software/riscv-gnu-toolchain/riscv-gcc/libgcc/libgcc2.c:1124
80000e6c:	01085893          	srli	a7,a6,0x10
80000e70:	01081613          	slli	a2,a6,0x10
80000e74:	8241                	srli	a2,a2,0x10
80000e76:	01035713          	srli	a4,t1,0x10
80000e7a:	0317f6b3          	remu	a3,a5,a7
80000e7e:	0317d7b3          	divu	a5,a5,a7
80000e82:	06c2                	slli	a3,a3,0x10
80000e84:	8f55                	or	a4,a4,a3
80000e86:	02f60e33          	mul	t3,a2,a5
80000e8a:	853e                	mv	a0,a5
80000e8c:	01c77c63          	bgeu	a4,t3,80000ea4 <__udivdi3+0x142>
80000e90:	9742                	add	a4,a4,a6
80000e92:	fff78513          	addi	a0,a5,-1
80000e96:	01076763          	bltu	a4,a6,80000ea4 <__udivdi3+0x142>
80000e9a:	01c77563          	bgeu	a4,t3,80000ea4 <__udivdi3+0x142>
80000e9e:	ffe78513          	addi	a0,a5,-2
80000ea2:	9742                	add	a4,a4,a6
80000ea4:	41c70733          	sub	a4,a4,t3
80000ea8:	031777b3          	remu	a5,a4,a7
80000eac:	0342                	slli	t1,t1,0x10
80000eae:	01035313          	srli	t1,t1,0x10
80000eb2:	03175733          	divu	a4,a4,a7
80000eb6:	07c2                	slli	a5,a5,0x10
80000eb8:	0067e333          	or	t1,a5,t1
80000ebc:	02e606b3          	mul	a3,a2,a4
80000ec0:	863a                	mv	a2,a4
80000ec2:	00d37b63          	bgeu	t1,a3,80000ed8 <__udivdi3+0x176>
80000ec6:	9342                	add	t1,t1,a6
80000ec8:	fff70613          	addi	a2,a4,-1 # ffff <__stack_size+0xf7ff>
80000ecc:	01036663          	bltu	t1,a6,80000ed8 <__udivdi3+0x176>
80000ed0:	00d37463          	bgeu	t1,a3,80000ed8 <__udivdi3+0x176>
80000ed4:	ffe70613          	addi	a2,a4,-2
80000ed8:	0542                	slli	a0,a0,0x10
80000eda:	8d51                	or	a0,a0,a2
__udivdi3():
/home/hqfang/workspace/software/riscv-gnu-toolchain/riscv-gcc/libgcc/libgcc2.c:1321
80000edc:	8082                	ret
__udivmoddi4():
/home/hqfang/workspace/software/riscv-gnu-toolchain/riscv-gcc/libgcc/libgcc2.c:1094
80000ede:	01000737          	lui	a4,0x1000
80000ee2:	4541                	li	a0,16
80000ee4:	f6e865e3          	bltu	a6,a4,80000e4e <__udivdi3+0xec>
80000ee8:	4561                	li	a0,24
80000eea:	b795                	j	80000e4e <__udivdi3+0xec>
/home/hqfang/workspace/software/riscv-gnu-toolchain/riscv-gcc/libgcc/libgcc2.c:1114
80000eec:	00d81833          	sll	a6,a6,a3
/home/hqfang/workspace/software/riscv-gnu-toolchain/riscv-gcc/libgcc/libgcc2.c:1115
80000ef0:	00e7d533          	srl	a0,a5,a4
/home/hqfang/workspace/software/riscv-gnu-toolchain/riscv-gcc/libgcc/libgcc2.c:1117
80000ef4:	00d89333          	sll	t1,a7,a3
/home/hqfang/workspace/software/riscv-gnu-toolchain/riscv-gcc/libgcc/libgcc2.c:1116
80000ef8:	00d797b3          	sll	a5,a5,a3
80000efc:	00e8d733          	srl	a4,a7,a4
/home/hqfang/workspace/software/riscv-gnu-toolchain/riscv-gcc/libgcc/libgcc2.c:1119
80000f00:	01085893          	srli	a7,a6,0x10
/home/hqfang/workspace/software/riscv-gnu-toolchain/riscv-gcc/libgcc/libgcc2.c:1116
80000f04:	00f76633          	or	a2,a4,a5
/home/hqfang/workspace/software/riscv-gnu-toolchain/riscv-gcc/libgcc/libgcc2.c:1119
80000f08:	03157733          	remu	a4,a0,a7
80000f0c:	01081793          	slli	a5,a6,0x10
80000f10:	83c1                	srli	a5,a5,0x10
80000f12:	01065593          	srli	a1,a2,0x10
80000f16:	03155533          	divu	a0,a0,a7
80000f1a:	0742                	slli	a4,a4,0x10
80000f1c:	8f4d                	or	a4,a4,a1
80000f1e:	02a786b3          	mul	a3,a5,a0
80000f22:	85aa                	mv	a1,a0
80000f24:	00d77c63          	bgeu	a4,a3,80000f3c <__udivdi3+0x1da>
80000f28:	9742                	add	a4,a4,a6
80000f2a:	fff50593          	addi	a1,a0,-1 # ffffff <__stack_size+0xfff7ff>
80000f2e:	01076763          	bltu	a4,a6,80000f3c <__udivdi3+0x1da>
80000f32:	00d77563          	bgeu	a4,a3,80000f3c <__udivdi3+0x1da>
80000f36:	ffe50593          	addi	a1,a0,-2
80000f3a:	9742                	add	a4,a4,a6
80000f3c:	40d706b3          	sub	a3,a4,a3
80000f40:	0316f733          	remu	a4,a3,a7
80000f44:	0642                	slli	a2,a2,0x10
80000f46:	8241                	srli	a2,a2,0x10
80000f48:	0316d6b3          	divu	a3,a3,a7
80000f4c:	0742                	slli	a4,a4,0x10
80000f4e:	02d78533          	mul	a0,a5,a3
80000f52:	00c767b3          	or	a5,a4,a2
80000f56:	8736                	mv	a4,a3
80000f58:	00a7fc63          	bgeu	a5,a0,80000f70 <__udivdi3+0x20e>
80000f5c:	97c2                	add	a5,a5,a6
80000f5e:	fff68713          	addi	a4,a3,-1
80000f62:	0107e763          	bltu	a5,a6,80000f70 <__udivdi3+0x20e>
80000f66:	00a7f563          	bgeu	a5,a0,80000f70 <__udivdi3+0x20e>
80000f6a:	ffe68713          	addi	a4,a3,-2
80000f6e:	97c2                	add	a5,a5,a6
80000f70:	05c2                	slli	a1,a1,0x10
80000f72:	8f89                	sub	a5,a5,a0
80000f74:	8dd9                	or	a1,a1,a4
80000f76:	bddd                	j	80000e6c <__udivdi3+0x10a>
/home/hqfang/workspace/software/riscv-gnu-toolchain/riscv-gcc/libgcc/libgcc2.c:1140
80000f78:	14d5e263          	bltu	a1,a3,800010bc <__udivdi3+0x35a>
/home/hqfang/workspace/software/riscv-gnu-toolchain/riscv-gcc/libgcc/libgcc2.c:1159
80000f7c:	6741                	lui	a4,0x10
80000f7e:	02e6ff63          	bgeu	a3,a4,80000fbc <__udivdi3+0x25a>
80000f82:	0ff00713          	li	a4,255
80000f86:	00d735b3          	sltu	a1,a4,a3
80000f8a:	058e                	slli	a1,a1,0x3
80000f8c:	00b6d533          	srl	a0,a3,a1
80000f90:	0000d717          	auipc	a4,0xd
80000f94:	b6070713          	addi	a4,a4,-1184 # 8000daf0 <__clz_tab>
80000f98:	972a                	add	a4,a4,a0
80000f9a:	00074703          	lbu	a4,0(a4)
80000f9e:	02000513          	li	a0,32
80000fa2:	972e                	add	a4,a4,a1
80000fa4:	40e505b3          	sub	a1,a0,a4
/home/hqfang/workspace/software/riscv-gnu-toolchain/riscv-gcc/libgcc/libgcc2.c:1160
80000fa8:	02e51163          	bne	a0,a4,80000fca <__udivdi3+0x268>
/home/hqfang/workspace/software/riscv-gnu-toolchain/riscv-gcc/libgcc/libgcc2.c:1172
80000fac:	4505                	li	a0,1
/home/hqfang/workspace/software/riscv-gnu-toolchain/riscv-gcc/libgcc/libgcc2.c:1170
80000fae:	f2f6e7e3          	bltu	a3,a5,80000edc <__udivdi3+0x17a>
80000fb2:	00c8b533          	sltu	a0,a7,a2
80000fb6:	00154513          	xori	a0,a0,1
80000fba:	b70d                	j	80000edc <__udivdi3+0x17a>
/home/hqfang/workspace/software/riscv-gnu-toolchain/riscv-gcc/libgcc/libgcc2.c:1159
80000fbc:	01000737          	lui	a4,0x1000
80000fc0:	45c1                	li	a1,16
80000fc2:	fce6e5e3          	bltu	a3,a4,80000f8c <__udivdi3+0x22a>
80000fc6:	45e1                	li	a1,24
80000fc8:	b7d1                	j	80000f8c <__udivdi3+0x22a>
/home/hqfang/workspace/software/riscv-gnu-toolchain/riscv-gcc/libgcc/libgcc2.c:1194
80000fca:	00e65833          	srl	a6,a2,a4
80000fce:	00b696b3          	sll	a3,a3,a1
80000fd2:	00d86833          	or	a6,a6,a3
/home/hqfang/workspace/software/riscv-gnu-toolchain/riscv-gcc/libgcc/libgcc2.c:1196
80000fd6:	00e7d333          	srl	t1,a5,a4
/home/hqfang/workspace/software/riscv-gnu-toolchain/riscv-gcc/libgcc/libgcc2.c:1200
80000fda:	01085e93          	srli	t4,a6,0x10
80000fde:	03d376b3          	remu	a3,t1,t4
/home/hqfang/workspace/software/riscv-gnu-toolchain/riscv-gcc/libgcc/libgcc2.c:1197
80000fe2:	00b797b3          	sll	a5,a5,a1
80000fe6:	00e8d733          	srl	a4,a7,a4
/home/hqfang/workspace/software/riscv-gnu-toolchain/riscv-gcc/libgcc/libgcc2.c:1195
80000fea:	00b61e33          	sll	t3,a2,a1
/home/hqfang/workspace/software/riscv-gnu-toolchain/riscv-gcc/libgcc/libgcc2.c:1197
80000fee:	00f76633          	or	a2,a4,a5
/home/hqfang/workspace/software/riscv-gnu-toolchain/riscv-gcc/libgcc/libgcc2.c:1200
80000ff2:	01081793          	slli	a5,a6,0x10
80000ff6:	83c1                	srli	a5,a5,0x10
80000ff8:	01065713          	srli	a4,a2,0x10
80000ffc:	03d35333          	divu	t1,t1,t4
80001000:	06c2                	slli	a3,a3,0x10
80001002:	8f55                	or	a4,a4,a3
80001004:	02678f33          	mul	t5,a5,t1
80001008:	851a                	mv	a0,t1
8000100a:	01e77c63          	bgeu	a4,t5,80001022 <__udivdi3+0x2c0>
8000100e:	9742                	add	a4,a4,a6
80001010:	fff30513          	addi	a0,t1,-1
80001014:	01076763          	bltu	a4,a6,80001022 <__udivdi3+0x2c0>
80001018:	01e77563          	bgeu	a4,t5,80001022 <__udivdi3+0x2c0>
8000101c:	ffe30513          	addi	a0,t1,-2
80001020:	9742                	add	a4,a4,a6
80001022:	41e70733          	sub	a4,a4,t5
80001026:	03d776b3          	remu	a3,a4,t4
8000102a:	03d75733          	divu	a4,a4,t4
8000102e:	06c2                	slli	a3,a3,0x10
80001030:	02e78333          	mul	t1,a5,a4
80001034:	01061793          	slli	a5,a2,0x10
80001038:	83c1                	srli	a5,a5,0x10
8000103a:	8fd5                	or	a5,a5,a3
8000103c:	863a                	mv	a2,a4
8000103e:	0067fc63          	bgeu	a5,t1,80001056 <__udivdi3+0x2f4>
80001042:	97c2                	add	a5,a5,a6
80001044:	fff70613          	addi	a2,a4,-1 # ffffff <__stack_size+0xfff7ff>
80001048:	0107e763          	bltu	a5,a6,80001056 <__udivdi3+0x2f4>
8000104c:	0067f563          	bgeu	a5,t1,80001056 <__udivdi3+0x2f4>
80001050:	ffe70613          	addi	a2,a4,-2
80001054:	97c2                	add	a5,a5,a6
80001056:	0542                	slli	a0,a0,0x10
/home/hqfang/workspace/software/riscv-gnu-toolchain/riscv-gcc/libgcc/libgcc2.c:1201
80001058:	6ec1                	lui	t4,0x10
/home/hqfang/workspace/software/riscv-gnu-toolchain/riscv-gcc/libgcc/libgcc2.c:1200
8000105a:	8d51                	or	a0,a0,a2
/home/hqfang/workspace/software/riscv-gnu-toolchain/riscv-gcc/libgcc/libgcc2.c:1201
8000105c:	fffe8693          	addi	a3,t4,-1 # ffff <__stack_size+0xf7ff>
80001060:	010e5613          	srli	a2,t3,0x10
80001064:	01055813          	srli	a6,a0,0x10
/home/hqfang/workspace/software/riscv-gnu-toolchain/riscv-gcc/libgcc/libgcc2.c:1200
80001068:	406787b3          	sub	a5,a5,t1
/home/hqfang/workspace/software/riscv-gnu-toolchain/riscv-gcc/libgcc/libgcc2.c:1201
8000106c:	00d57333          	and	t1,a0,a3
80001070:	00de76b3          	and	a3,t3,a3
80001074:	02d30e33          	mul	t3,t1,a3
80001078:	02d806b3          	mul	a3,a6,a3
8000107c:	010e5713          	srli	a4,t3,0x10
80001080:	02c30333          	mul	t1,t1,a2
80001084:	9336                	add	t1,t1,a3
80001086:	971a                	add	a4,a4,t1
80001088:	02c80833          	mul	a6,a6,a2
8000108c:	00d77363          	bgeu	a4,a3,80001092 <__udivdi3+0x330>
80001090:	9876                	add	a6,a6,t4
80001092:	01075693          	srli	a3,a4,0x10
80001096:	9836                	add	a6,a6,a3
/home/hqfang/workspace/software/riscv-gnu-toolchain/riscv-gcc/libgcc/libgcc2.c:1203
80001098:	0307e063          	bltu	a5,a6,800010b8 <__udivdi3+0x356>
8000109c:	d90794e3          	bne	a5,a6,80000e24 <__udivdi3+0xc2>
/home/hqfang/workspace/software/riscv-gnu-toolchain/riscv-gcc/libgcc/libgcc2.c:1201
800010a0:	67c1                	lui	a5,0x10
800010a2:	17fd                	addi	a5,a5,-1
800010a4:	8f7d                	and	a4,a4,a5
800010a6:	0742                	slli	a4,a4,0x10
800010a8:	00fe7e33          	and	t3,t3,a5
/home/hqfang/workspace/software/riscv-gnu-toolchain/riscv-gcc/libgcc/libgcc2.c:1198
800010ac:	00b898b3          	sll	a7,a7,a1
/home/hqfang/workspace/software/riscv-gnu-toolchain/riscv-gcc/libgcc/libgcc2.c:1201
800010b0:	9772                	add	a4,a4,t3
/home/hqfang/workspace/software/riscv-gnu-toolchain/riscv-gcc/libgcc/libgcc2.c:1209
800010b2:	4581                	li	a1,0
/home/hqfang/workspace/software/riscv-gnu-toolchain/riscv-gcc/libgcc/libgcc2.c:1203
800010b4:	e2e8f4e3          	bgeu	a7,a4,80000edc <__udivdi3+0x17a>
/home/hqfang/workspace/software/riscv-gnu-toolchain/riscv-gcc/libgcc/libgcc2.c:1205
800010b8:	157d                	addi	a0,a0,-1
__udivdi3():
/home/hqfang/workspace/software/riscv-gnu-toolchain/riscv-gcc/libgcc/libgcc2.c:1206
800010ba:	b3ad                	j	80000e24 <__udivdi3+0xc2>
__udivmoddi4():
/home/hqfang/workspace/software/riscv-gnu-toolchain/riscv-gcc/libgcc/libgcc2.c:1145
800010bc:	4581                	li	a1,0
/home/hqfang/workspace/software/riscv-gnu-toolchain/riscv-gcc/libgcc/libgcc2.c:1144
800010be:	4501                	li	a0,0
800010c0:	bd31                	j	80000edc <__udivdi3+0x17a>

800010c2 <atexit>:
atexit():
800010c2:	85aa                	mv	a1,a0
800010c4:	4681                	li	a3,0
800010c6:	4601                	li	a2,0
800010c8:	4501                	li	a0,0
800010ca:	aeb5                	j	80001446 <__register_exitproc>

800010cc <__libc_fini_array>:
__libc_fini_array():
800010cc:	1141                	addi	sp,sp,-16
800010ce:	c422                	sw	s0,8(sp)
800010d0:	c226                	sw	s1,4(sp)
800010d2:	0000d417          	auipc	s0,0xd
800010d6:	c1240413          	addi	s0,s0,-1006 # 8000dce4 <__fsymtab_end>
800010da:	0000d497          	auipc	s1,0xd
800010de:	c0a48493          	addi	s1,s1,-1014 # 8000dce4 <__fsymtab_end>
800010e2:	8c05                	sub	s0,s0,s1
800010e4:	c606                	sw	ra,12(sp)
800010e6:	8409                	srai	s0,s0,0x2
800010e8:	e411                	bnez	s0,800010f4 <__libc_fini_array+0x28>
800010ea:	40b2                	lw	ra,12(sp)
800010ec:	4422                	lw	s0,8(sp)
800010ee:	4492                	lw	s1,4(sp)
800010f0:	0141                	addi	sp,sp,16
800010f2:	8082                	ret
800010f4:	147d                	addi	s0,s0,-1
800010f6:	00241793          	slli	a5,s0,0x2
800010fa:	97a6                	add	a5,a5,s1
800010fc:	439c                	lw	a5,0(a5)
800010fe:	9782                	jalr	a5
80001100:	b7e5                	j	800010e8 <__libc_fini_array+0x1c>

80001102 <__libc_init_array>:
__libc_init_array():
80001102:	1141                	addi	sp,sp,-16
80001104:	c422                	sw	s0,8(sp)
80001106:	c226                	sw	s1,4(sp)
80001108:	0000d417          	auipc	s0,0xd
8000110c:	bdc40413          	addi	s0,s0,-1060 # 8000dce4 <__fsymtab_end>
80001110:	0000d497          	auipc	s1,0xd
80001114:	bd448493          	addi	s1,s1,-1068 # 8000dce4 <__fsymtab_end>
80001118:	8c81                	sub	s1,s1,s0
8000111a:	c04a                	sw	s2,0(sp)
8000111c:	c606                	sw	ra,12(sp)
8000111e:	8489                	srai	s1,s1,0x2
80001120:	4901                	li	s2,0
80001122:	02991563          	bne	s2,s1,8000114c <__libc_init_array+0x4a>
80001126:	0000d417          	auipc	s0,0xd
8000112a:	bbe40413          	addi	s0,s0,-1090 # 8000dce4 <__fsymtab_end>
8000112e:	0000d497          	auipc	s1,0xd
80001132:	bb648493          	addi	s1,s1,-1098 # 8000dce4 <__fsymtab_end>
80001136:	8c81                	sub	s1,s1,s0
80001138:	8489                	srai	s1,s1,0x2
8000113a:	4901                	li	s2,0
8000113c:	00991d63          	bne	s2,s1,80001156 <__libc_init_array+0x54>
80001140:	40b2                	lw	ra,12(sp)
80001142:	4422                	lw	s0,8(sp)
80001144:	4492                	lw	s1,4(sp)
80001146:	4902                	lw	s2,0(sp)
80001148:	0141                	addi	sp,sp,16
8000114a:	8082                	ret
8000114c:	401c                	lw	a5,0(s0)
8000114e:	0905                	addi	s2,s2,1
80001150:	0411                	addi	s0,s0,4
80001152:	9782                	jalr	a5
80001154:	b7f9                	j	80001122 <__libc_init_array+0x20>
80001156:	401c                	lw	a5,0(s0)
80001158:	0905                	addi	s2,s2,1
8000115a:	0411                	addi	s0,s0,4
8000115c:	9782                	jalr	a5
8000115e:	bff9                	j	8000113c <__libc_init_array+0x3a>

80001160 <iprintf>:
printf():
80001160:	715d                	addi	sp,sp,-80
80001162:	d422                	sw	s0,40(sp)
80001164:	d606                	sw	ra,44(sp)
80001166:	842a                	mv	s0,a0
80001168:	da2e                	sw	a1,52(sp)
8000116a:	dc32                	sw	a2,56(sp)
8000116c:	de36                	sw	a3,60(sp)
8000116e:	c0ba                	sw	a4,64(sp)
80001170:	c2be                	sw	a5,68(sp)
80001172:	c4c2                	sw	a6,72(sp)
80001174:	c6c6                	sw	a7,76(sp)
80001176:	8081a503          	lw	a0,-2040(gp) # 90000068 <_impure_ptr>
8000117a:	c511                	beqz	a0,80001186 <iprintf+0x26>
8000117c:	4d1c                	lw	a5,24(a0)
8000117e:	e781                	bnez	a5,80001186 <iprintf+0x26>
80001180:	c62a                	sw	a0,12(sp)
80001182:	2b71                	jal	8000171e <__sinit>
80001184:	4532                	lw	a0,12(sp)
80001186:	450c                	lw	a1,8(a0)
80001188:	1854                	addi	a3,sp,52
8000118a:	8622                	mv	a2,s0
8000118c:	ce36                	sw	a3,28(sp)
8000118e:	271000ef          	jal	ra,80001bfe <_vfiprintf_r>
80001192:	50b2                	lw	ra,44(sp)
80001194:	5422                	lw	s0,40(sp)
80001196:	6161                	addi	sp,sp,80
80001198:	8082                	ret

8000119a <_puts_r>:
_puts_r():
8000119a:	1101                	addi	sp,sp,-32
8000119c:	ca26                	sw	s1,20(sp)
8000119e:	c84a                	sw	s2,16(sp)
800011a0:	ce06                	sw	ra,28(sp)
800011a2:	cc22                	sw	s0,24(sp)
800011a4:	c64e                	sw	s3,12(sp)
800011a6:	c452                	sw	s4,8(sp)
800011a8:	84aa                	mv	s1,a0
800011aa:	892e                	mv	s2,a1
800011ac:	c501                	beqz	a0,800011b4 <_puts_r+0x1a>
800011ae:	4d1c                	lw	a5,24(a0)
800011b0:	e391                	bnez	a5,800011b4 <_puts_r+0x1a>
800011b2:	23b5                	jal	8000171e <__sinit>
800011b4:	4c9c                	lw	a5,24(s1)
800011b6:	4480                	lw	s0,8(s1)
800011b8:	e399                	bnez	a5,800011be <_puts_r+0x24>
800011ba:	8526                	mv	a0,s1
800011bc:	238d                	jal	8000171e <__sinit>
800011be:	0000d797          	auipc	a5,0xd
800011c2:	a5278793          	addi	a5,a5,-1454 # 8000dc10 <__sf_fake_stdin>
800011c6:	02f41c63          	bne	s0,a5,800011fe <_puts_r+0x64>
800011ca:	40c0                	lw	s0,4(s1)
800011cc:	00c45783          	lhu	a5,12(s0)
800011d0:	8ba1                	andi	a5,a5,8
800011d2:	c7b1                	beqz	a5,8000121e <_puts_r+0x84>
800011d4:	481c                	lw	a5,16(s0)
800011d6:	c7a1                	beqz	a5,8000121e <_puts_r+0x84>
800011d8:	59fd                	li	s3,-1
800011da:	4a29                	li	s4,10
800011dc:	441c                	lw	a5,8(s0)
800011de:	00094583          	lbu	a1,0(s2)
800011e2:	17fd                	addi	a5,a5,-1
800011e4:	e9b1                	bnez	a1,80001238 <_puts_r+0x9e>
800011e6:	c41c                	sw	a5,8(s0)
800011e8:	0607de63          	bgez	a5,80001264 <_puts_r+0xca>
800011ec:	8622                	mv	a2,s0
800011ee:	45a9                	li	a1,10
800011f0:	8526                	mv	a0,s1
800011f2:	2079                	jal	80001280 <__swbuf_r>
800011f4:	57fd                	li	a5,-1
800011f6:	02f50863          	beq	a0,a5,80001226 <_puts_r+0x8c>
800011fa:	4529                	li	a0,10
800011fc:	a035                	j	80001228 <_puts_r+0x8e>
800011fe:	0000d797          	auipc	a5,0xd
80001202:	a3278793          	addi	a5,a5,-1486 # 8000dc30 <__sf_fake_stdout>
80001206:	00f41463          	bne	s0,a5,8000120e <_puts_r+0x74>
8000120a:	4480                	lw	s0,8(s1)
8000120c:	b7c1                	j	800011cc <_puts_r+0x32>
8000120e:	0000d797          	auipc	a5,0xd
80001212:	9e278793          	addi	a5,a5,-1566 # 8000dbf0 <__sf_fake_stderr>
80001216:	faf41be3          	bne	s0,a5,800011cc <_puts_r+0x32>
8000121a:	44c0                	lw	s0,12(s1)
8000121c:	bf45                	j	800011cc <_puts_r+0x32>
8000121e:	85a2                	mv	a1,s0
80001220:	8526                	mv	a0,s1
80001222:	2a39                	jal	80001340 <__swsetup_r>
80001224:	d955                	beqz	a0,800011d8 <_puts_r+0x3e>
80001226:	557d                	li	a0,-1
80001228:	40f2                	lw	ra,28(sp)
8000122a:	4462                	lw	s0,24(sp)
8000122c:	44d2                	lw	s1,20(sp)
8000122e:	4942                	lw	s2,16(sp)
80001230:	49b2                	lw	s3,12(sp)
80001232:	4a22                	lw	s4,8(sp)
80001234:	6105                	addi	sp,sp,32
80001236:	8082                	ret
80001238:	c41c                	sw	a5,8(s0)
8000123a:	0905                	addi	s2,s2,1
8000123c:	0007d763          	bgez	a5,8000124a <_puts_r+0xb0>
80001240:	4c18                	lw	a4,24(s0)
80001242:	00e7cb63          	blt	a5,a4,80001258 <_puts_r+0xbe>
80001246:	01458963          	beq	a1,s4,80001258 <_puts_r+0xbe>
8000124a:	401c                	lw	a5,0(s0)
8000124c:	00178713          	addi	a4,a5,1
80001250:	c018                	sw	a4,0(s0)
80001252:	00b78023          	sb	a1,0(a5)
80001256:	b759                	j	800011dc <_puts_r+0x42>
80001258:	8622                	mv	a2,s0
8000125a:	8526                	mv	a0,s1
8000125c:	2015                	jal	80001280 <__swbuf_r>
8000125e:	f7351fe3          	bne	a0,s3,800011dc <_puts_r+0x42>
80001262:	b7d1                	j	80001226 <_puts_r+0x8c>
80001264:	401c                	lw	a5,0(s0)
80001266:	00178713          	addi	a4,a5,1
8000126a:	c018                	sw	a4,0(s0)
8000126c:	4729                	li	a4,10
8000126e:	00e78023          	sb	a4,0(a5)
80001272:	b761                	j	800011fa <_puts_r+0x60>

80001274 <puts>:
puts():
80001274:	85aa                	mv	a1,a0
80001276:	8081a503          	lw	a0,-2040(gp) # 90000068 <_impure_ptr>
8000127a:	b705                	j	8000119a <_puts_r>

8000127c <isatty>:
isatty():
8000127c:	df2ff06f          	j	8000086e <_isatty>

80001280 <__swbuf_r>:
__swbuf_r():
80001280:	1101                	addi	sp,sp,-32
80001282:	cc22                	sw	s0,24(sp)
80001284:	ca26                	sw	s1,20(sp)
80001286:	c84a                	sw	s2,16(sp)
80001288:	ce06                	sw	ra,28(sp)
8000128a:	c64e                	sw	s3,12(sp)
8000128c:	84aa                	mv	s1,a0
8000128e:	892e                	mv	s2,a1
80001290:	8432                	mv	s0,a2
80001292:	c501                	beqz	a0,8000129a <__swbuf_r+0x1a>
80001294:	4d1c                	lw	a5,24(a0)
80001296:	e391                	bnez	a5,8000129a <__swbuf_r+0x1a>
80001298:	2159                	jal	8000171e <__sinit>
8000129a:	0000d797          	auipc	a5,0xd
8000129e:	97678793          	addi	a5,a5,-1674 # 8000dc10 <__sf_fake_stdin>
800012a2:	06f41963          	bne	s0,a5,80001314 <__swbuf_r+0x94>
800012a6:	40c0                	lw	s0,4(s1)
800012a8:	4c1c                	lw	a5,24(s0)
800012aa:	c41c                	sw	a5,8(s0)
800012ac:	00c45783          	lhu	a5,12(s0)
800012b0:	8ba1                	andi	a5,a5,8
800012b2:	c3c9                	beqz	a5,80001334 <__swbuf_r+0xb4>
800012b4:	481c                	lw	a5,16(s0)
800012b6:	cfbd                	beqz	a5,80001334 <__swbuf_r+0xb4>
800012b8:	481c                	lw	a5,16(s0)
800012ba:	4008                	lw	a0,0(s0)
800012bc:	0ff97993          	andi	s3,s2,255
800012c0:	0ff97913          	andi	s2,s2,255
800012c4:	8d1d                	sub	a0,a0,a5
800012c6:	485c                	lw	a5,20(s0)
800012c8:	00f54663          	blt	a0,a5,800012d4 <__swbuf_r+0x54>
800012cc:	85a2                	mv	a1,s0
800012ce:	8526                	mv	a0,s1
800012d0:	2e15                	jal	80001604 <_fflush_r>
800012d2:	e52d                	bnez	a0,8000133c <__swbuf_r+0xbc>
800012d4:	441c                	lw	a5,8(s0)
800012d6:	0505                	addi	a0,a0,1
800012d8:	17fd                	addi	a5,a5,-1
800012da:	c41c                	sw	a5,8(s0)
800012dc:	401c                	lw	a5,0(s0)
800012de:	00178713          	addi	a4,a5,1
800012e2:	c018                	sw	a4,0(s0)
800012e4:	01378023          	sb	s3,0(a5)
800012e8:	485c                	lw	a5,20(s0)
800012ea:	00a78963          	beq	a5,a0,800012fc <__swbuf_r+0x7c>
800012ee:	00c45783          	lhu	a5,12(s0)
800012f2:	8b85                	andi	a5,a5,1
800012f4:	cb81                	beqz	a5,80001304 <__swbuf_r+0x84>
800012f6:	47a9                	li	a5,10
800012f8:	00f91663          	bne	s2,a5,80001304 <__swbuf_r+0x84>
800012fc:	85a2                	mv	a1,s0
800012fe:	8526                	mv	a0,s1
80001300:	2611                	jal	80001604 <_fflush_r>
80001302:	ed0d                	bnez	a0,8000133c <__swbuf_r+0xbc>
80001304:	40f2                	lw	ra,28(sp)
80001306:	4462                	lw	s0,24(sp)
80001308:	44d2                	lw	s1,20(sp)
8000130a:	49b2                	lw	s3,12(sp)
8000130c:	854a                	mv	a0,s2
8000130e:	4942                	lw	s2,16(sp)
80001310:	6105                	addi	sp,sp,32
80001312:	8082                	ret
80001314:	0000d797          	auipc	a5,0xd
80001318:	91c78793          	addi	a5,a5,-1764 # 8000dc30 <__sf_fake_stdout>
8000131c:	00f41463          	bne	s0,a5,80001324 <__swbuf_r+0xa4>
80001320:	4480                	lw	s0,8(s1)
80001322:	b759                	j	800012a8 <__swbuf_r+0x28>
80001324:	0000d797          	auipc	a5,0xd
80001328:	8cc78793          	addi	a5,a5,-1844 # 8000dbf0 <__sf_fake_stderr>
8000132c:	f6f41ee3          	bne	s0,a5,800012a8 <__swbuf_r+0x28>
80001330:	44c0                	lw	s0,12(s1)
80001332:	bf9d                	j	800012a8 <__swbuf_r+0x28>
80001334:	85a2                	mv	a1,s0
80001336:	8526                	mv	a0,s1
80001338:	2021                	jal	80001340 <__swsetup_r>
8000133a:	dd3d                	beqz	a0,800012b8 <__swbuf_r+0x38>
8000133c:	597d                	li	s2,-1
8000133e:	b7d9                	j	80001304 <__swbuf_r+0x84>

80001340 <__swsetup_r>:
__swsetup_r():
80001340:	1141                	addi	sp,sp,-16
80001342:	c422                	sw	s0,8(sp)
80001344:	c226                	sw	s1,4(sp)
80001346:	c04a                	sw	s2,0(sp)
80001348:	c606                	sw	ra,12(sp)
8000134a:	8081a483          	lw	s1,-2040(gp) # 90000068 <_impure_ptr>
8000134e:	892a                	mv	s2,a0
80001350:	842e                	mv	s0,a1
80001352:	c489                	beqz	s1,8000135c <__swsetup_r+0x1c>
80001354:	4c9c                	lw	a5,24(s1)
80001356:	e399                	bnez	a5,8000135c <__swsetup_r+0x1c>
80001358:	8526                	mv	a0,s1
8000135a:	26d1                	jal	8000171e <__sinit>
8000135c:	0000d797          	auipc	a5,0xd
80001360:	8b478793          	addi	a5,a5,-1868 # 8000dc10 <__sf_fake_stdin>
80001364:	02f41763          	bne	s0,a5,80001392 <__swsetup_r+0x52>
80001368:	40c0                	lw	s0,4(s1)
8000136a:	00c41783          	lh	a5,12(s0)
8000136e:	01079713          	slli	a4,a5,0x10
80001372:	0087f693          	andi	a3,a5,8
80001376:	8341                	srli	a4,a4,0x10
80001378:	eaad                	bnez	a3,800013ea <__swsetup_r+0xaa>
8000137a:	01077693          	andi	a3,a4,16
8000137e:	ea95                	bnez	a3,800013b2 <__swsetup_r+0x72>
80001380:	4725                	li	a4,9
80001382:	00e92023          	sw	a4,0(s2)
80001386:	0407e793          	ori	a5,a5,64
8000138a:	00f41623          	sh	a5,12(s0)
8000138e:	557d                	li	a0,-1
80001390:	a871                	j	8000142c <__swsetup_r+0xec>
80001392:	0000d797          	auipc	a5,0xd
80001396:	89e78793          	addi	a5,a5,-1890 # 8000dc30 <__sf_fake_stdout>
8000139a:	00f41463          	bne	s0,a5,800013a2 <__swsetup_r+0x62>
8000139e:	4480                	lw	s0,8(s1)
800013a0:	b7e9                	j	8000136a <__swsetup_r+0x2a>
800013a2:	0000d797          	auipc	a5,0xd
800013a6:	84e78793          	addi	a5,a5,-1970 # 8000dbf0 <__sf_fake_stderr>
800013aa:	fcf410e3          	bne	s0,a5,8000136a <__swsetup_r+0x2a>
800013ae:	44c0                	lw	s0,12(s1)
800013b0:	bf6d                	j	8000136a <__swsetup_r+0x2a>
800013b2:	8b11                	andi	a4,a4,4
800013b4:	c70d                	beqz	a4,800013de <__swsetup_r+0x9e>
800013b6:	584c                	lw	a1,52(s0)
800013b8:	c989                	beqz	a1,800013ca <__swsetup_r+0x8a>
800013ba:	04440793          	addi	a5,s0,68
800013be:	00f58463          	beq	a1,a5,800013c6 <__swsetup_r+0x86>
800013c2:	854a                	mv	a0,s2
800013c4:	2585                	jal	80001a24 <_free_r>
800013c6:	02042a23          	sw	zero,52(s0)
800013ca:	00c45783          	lhu	a5,12(s0)
800013ce:	00042223          	sw	zero,4(s0)
800013d2:	fdb7f793          	andi	a5,a5,-37
800013d6:	00f41623          	sh	a5,12(s0)
800013da:	481c                	lw	a5,16(s0)
800013dc:	c01c                	sw	a5,0(s0)
800013de:	00c45783          	lhu	a5,12(s0)
800013e2:	0087e793          	ori	a5,a5,8
800013e6:	00f41623          	sh	a5,12(s0)
800013ea:	481c                	lw	a5,16(s0)
800013ec:	ef81                	bnez	a5,80001404 <__swsetup_r+0xc4>
800013ee:	00c45783          	lhu	a5,12(s0)
800013f2:	20000713          	li	a4,512
800013f6:	2807f793          	andi	a5,a5,640
800013fa:	00e78563          	beq	a5,a4,80001404 <__swsetup_r+0xc4>
800013fe:	85a2                	mv	a1,s0
80001400:	854a                	mv	a0,s2
80001402:	29f9                	jal	800018e0 <__smakebuf_r>
80001404:	00c41783          	lh	a5,12(s0)
80001408:	01079713          	slli	a4,a5,0x10
8000140c:	0017f693          	andi	a3,a5,1
80001410:	8341                	srli	a4,a4,0x10
80001412:	c29d                	beqz	a3,80001438 <__swsetup_r+0xf8>
80001414:	4854                	lw	a3,20(s0)
80001416:	00042423          	sw	zero,8(s0)
8000141a:	40d006b3          	neg	a3,a3
8000141e:	cc14                	sw	a3,24(s0)
80001420:	4814                	lw	a3,16(s0)
80001422:	4501                	li	a0,0
80001424:	e681                	bnez	a3,8000142c <__swsetup_r+0xec>
80001426:	08077713          	andi	a4,a4,128
8000142a:	ff31                	bnez	a4,80001386 <__swsetup_r+0x46>
8000142c:	40b2                	lw	ra,12(sp)
8000142e:	4422                	lw	s0,8(sp)
80001430:	4492                	lw	s1,4(sp)
80001432:	4902                	lw	s2,0(sp)
80001434:	0141                	addi	sp,sp,16
80001436:	8082                	ret
80001438:	00277693          	andi	a3,a4,2
8000143c:	4601                	li	a2,0
8000143e:	e291                	bnez	a3,80001442 <__swsetup_r+0x102>
80001440:	4850                	lw	a2,20(s0)
80001442:	c410                	sw	a2,8(s0)
80001444:	bff1                	j	80001420 <__swsetup_r+0xe0>

80001446 <__register_exitproc>:
__register_exitproc():
80001446:	88aa                	mv	a7,a0
80001448:	81818513          	addi	a0,gp,-2024 # 90000078 <_global_atexit>
8000144c:	411c                	lw	a5,0(a0)
8000144e:	ef91                	bnez	a5,8000146a <__register_exitproc+0x24>
80001450:	10002717          	auipc	a4,0x10002
80001454:	6b070713          	addi	a4,a4,1712 # 90003b00 <_global_atexit0>
80001458:	c118                	sw	a4,0(a0)
8000145a:	00000513          	li	a0,0
8000145e:	87ba                	mv	a5,a4
80001460:	c509                	beqz	a0,8000146a <__register_exitproc+0x24>
80001462:	411c                	lw	a5,0(a0)
80001464:	08f72423          	sw	a5,136(a4)
80001468:	87ba                	mv	a5,a4
8000146a:	43d8                	lw	a4,4(a5)
8000146c:	487d                	li	a6,31
8000146e:	557d                	li	a0,-1
80001470:	04e84663          	blt	a6,a4,800014bc <__register_exitproc+0x76>
80001474:	02088d63          	beqz	a7,800014ae <__register_exitproc+0x68>
80001478:	0887a803          	lw	a6,136(a5)
8000147c:	04080063          	beqz	a6,800014bc <__register_exitproc+0x76>
80001480:	00271513          	slli	a0,a4,0x2
80001484:	9542                	add	a0,a0,a6
80001486:	c110                	sw	a2,0(a0)
80001488:	10082303          	lw	t1,256(a6)
8000148c:	4605                	li	a2,1
8000148e:	00e61633          	sll	a2,a2,a4
80001492:	00c36333          	or	t1,t1,a2
80001496:	10682023          	sw	t1,256(a6)
8000149a:	08d52023          	sw	a3,128(a0)
8000149e:	4689                	li	a3,2
800014a0:	00d89763          	bne	a7,a3,800014ae <__register_exitproc+0x68>
800014a4:	10482683          	lw	a3,260(a6)
800014a8:	8e55                	or	a2,a2,a3
800014aa:	10c82223          	sw	a2,260(a6)
800014ae:	00170693          	addi	a3,a4,1
800014b2:	070a                	slli	a4,a4,0x2
800014b4:	c3d4                	sw	a3,4(a5)
800014b6:	97ba                	add	a5,a5,a4
800014b8:	c78c                	sw	a1,8(a5)
800014ba:	4501                	li	a0,0
800014bc:	8082                	ret

800014be <__sflush_r>:
__sflush_r():
800014be:	00c5d783          	lhu	a5,12(a1) # 4000000c <__stack_size+0x3ffff80c>
800014c2:	1101                	addi	sp,sp,-32
800014c4:	cc22                	sw	s0,24(sp)
800014c6:	ca26                	sw	s1,20(sp)
800014c8:	ce06                	sw	ra,28(sp)
800014ca:	c84a                	sw	s2,16(sp)
800014cc:	c64e                	sw	s3,12(sp)
800014ce:	0087f713          	andi	a4,a5,8
800014d2:	84aa                	mv	s1,a0
800014d4:	842e                	mv	s0,a1
800014d6:	e375                	bnez	a4,800015ba <__sflush_r+0xfc>
800014d8:	41d8                	lw	a4,4(a1)
800014da:	00e04763          	bgtz	a4,800014e8 <__sflush_r+0x2a>
800014de:	41b8                	lw	a4,64(a1)
800014e0:	00e04463          	bgtz	a4,800014e8 <__sflush_r+0x2a>
800014e4:	4501                	li	a0,0
800014e6:	a875                	j	800015a2 <__sflush_r+0xe4>
800014e8:	5458                	lw	a4,44(s0)
800014ea:	df6d                	beqz	a4,800014e4 <__sflush_r+0x26>
800014ec:	6685                	lui	a3,0x1
800014ee:	0004a903          	lw	s2,0(s1)
800014f2:	8ff5                	and	a5,a5,a3
800014f4:	0004a023          	sw	zero,0(s1)
800014f8:	cfa5                	beqz	a5,80001570 <__sflush_r+0xb2>
800014fa:	4868                	lw	a0,84(s0)
800014fc:	00c45783          	lhu	a5,12(s0)
80001500:	8b91                	andi	a5,a5,4
80001502:	c799                	beqz	a5,80001510 <__sflush_r+0x52>
80001504:	405c                	lw	a5,4(s0)
80001506:	8d1d                	sub	a0,a0,a5
80001508:	585c                	lw	a5,52(s0)
8000150a:	c399                	beqz	a5,80001510 <__sflush_r+0x52>
8000150c:	403c                	lw	a5,64(s0)
8000150e:	8d1d                	sub	a0,a0,a5
80001510:	545c                	lw	a5,44(s0)
80001512:	500c                	lw	a1,32(s0)
80001514:	862a                	mv	a2,a0
80001516:	4681                	li	a3,0
80001518:	8526                	mv	a0,s1
8000151a:	9782                	jalr	a5
8000151c:	57fd                	li	a5,-1
8000151e:	00c45703          	lhu	a4,12(s0)
80001522:	00f51d63          	bne	a0,a5,8000153c <__sflush_r+0x7e>
80001526:	4094                	lw	a3,0(s1)
80001528:	47f5                	li	a5,29
8000152a:	08d7e363          	bltu	a5,a3,800015b0 <__sflush_r+0xf2>
8000152e:	204007b7          	lui	a5,0x20400
80001532:	0785                	addi	a5,a5,1
80001534:	00d7d7b3          	srl	a5,a5,a3
80001538:	8b85                	andi	a5,a5,1
8000153a:	cbbd                	beqz	a5,800015b0 <__sflush_r+0xf2>
8000153c:	481c                	lw	a5,16(s0)
8000153e:	00042223          	sw	zero,4(s0)
80001542:	c01c                	sw	a5,0(s0)
80001544:	6785                	lui	a5,0x1
80001546:	8f7d                	and	a4,a4,a5
80001548:	c719                	beqz	a4,80001556 <__sflush_r+0x98>
8000154a:	57fd                	li	a5,-1
8000154c:	00f51463          	bne	a0,a5,80001554 <__sflush_r+0x96>
80001550:	409c                	lw	a5,0(s1)
80001552:	e391                	bnez	a5,80001556 <__sflush_r+0x98>
80001554:	c868                	sw	a0,84(s0)
80001556:	584c                	lw	a1,52(s0)
80001558:	0124a023          	sw	s2,0(s1)
8000155c:	d5c1                	beqz	a1,800014e4 <__sflush_r+0x26>
8000155e:	04440793          	addi	a5,s0,68
80001562:	00f58463          	beq	a1,a5,8000156a <__sflush_r+0xac>
80001566:	8526                	mv	a0,s1
80001568:	2975                	jal	80001a24 <_free_r>
8000156a:	02042a23          	sw	zero,52(s0)
8000156e:	bf9d                	j	800014e4 <__sflush_r+0x26>
80001570:	500c                	lw	a1,32(s0)
80001572:	4685                	li	a3,1
80001574:	4601                	li	a2,0
80001576:	8526                	mv	a0,s1
80001578:	9702                	jalr	a4
8000157a:	57fd                	li	a5,-1
8000157c:	f8f510e3          	bne	a0,a5,800014fc <__sflush_r+0x3e>
80001580:	409c                	lw	a5,0(s1)
80001582:	dfad                	beqz	a5,800014fc <__sflush_r+0x3e>
80001584:	4775                	li	a4,29
80001586:	00e78563          	beq	a5,a4,80001590 <__sflush_r+0xd2>
8000158a:	4759                	li	a4,22
8000158c:	00e79563          	bne	a5,a4,80001596 <__sflush_r+0xd8>
80001590:	0124a023          	sw	s2,0(s1)
80001594:	bf81                	j	800014e4 <__sflush_r+0x26>
80001596:	00c45783          	lhu	a5,12(s0)
8000159a:	0407e793          	ori	a5,a5,64
8000159e:	00f41623          	sh	a5,12(s0)
800015a2:	40f2                	lw	ra,28(sp)
800015a4:	4462                	lw	s0,24(sp)
800015a6:	44d2                	lw	s1,20(sp)
800015a8:	4942                	lw	s2,16(sp)
800015aa:	49b2                	lw	s3,12(sp)
800015ac:	6105                	addi	sp,sp,32
800015ae:	8082                	ret
800015b0:	04076713          	ori	a4,a4,64
800015b4:	00e41623          	sh	a4,12(s0)
800015b8:	b7ed                	j	800015a2 <__sflush_r+0xe4>
800015ba:	0105a983          	lw	s3,16(a1)
800015be:	f20983e3          	beqz	s3,800014e4 <__sflush_r+0x26>
800015c2:	0005a903          	lw	s2,0(a1)
800015c6:	8b8d                	andi	a5,a5,3
800015c8:	0135a023          	sw	s3,0(a1)
800015cc:	41390933          	sub	s2,s2,s3
800015d0:	4701                	li	a4,0
800015d2:	e391                	bnez	a5,800015d6 <__sflush_r+0x118>
800015d4:	49d8                	lw	a4,20(a1)
800015d6:	c418                	sw	a4,8(s0)
800015d8:	f12056e3          	blez	s2,800014e4 <__sflush_r+0x26>
800015dc:	541c                	lw	a5,40(s0)
800015de:	500c                	lw	a1,32(s0)
800015e0:	86ca                	mv	a3,s2
800015e2:	864e                	mv	a2,s3
800015e4:	8526                	mv	a0,s1
800015e6:	9782                	jalr	a5
800015e8:	00a04a63          	bgtz	a0,800015fc <__sflush_r+0x13e>
800015ec:	00c45783          	lhu	a5,12(s0)
800015f0:	557d                	li	a0,-1
800015f2:	0407e793          	ori	a5,a5,64
800015f6:	00f41623          	sh	a5,12(s0)
800015fa:	b765                	j	800015a2 <__sflush_r+0xe4>
800015fc:	99aa                	add	s3,s3,a0
800015fe:	40a90933          	sub	s2,s2,a0
80001602:	bfd9                	j	800015d8 <__sflush_r+0x11a>

80001604 <_fflush_r>:
_fflush_r():
80001604:	499c                	lw	a5,16(a1)
80001606:	cfb9                	beqz	a5,80001664 <_fflush_r+0x60>
80001608:	1101                	addi	sp,sp,-32
8000160a:	cc22                	sw	s0,24(sp)
8000160c:	ce06                	sw	ra,28(sp)
8000160e:	842a                	mv	s0,a0
80001610:	c511                	beqz	a0,8000161c <_fflush_r+0x18>
80001612:	4d1c                	lw	a5,24(a0)
80001614:	e781                	bnez	a5,8000161c <_fflush_r+0x18>
80001616:	c62e                	sw	a1,12(sp)
80001618:	2219                	jal	8000171e <__sinit>
8000161a:	45b2                	lw	a1,12(sp)
8000161c:	0000c797          	auipc	a5,0xc
80001620:	5f478793          	addi	a5,a5,1524 # 8000dc10 <__sf_fake_stdin>
80001624:	00f59b63          	bne	a1,a5,8000163a <_fflush_r+0x36>
80001628:	404c                	lw	a1,4(s0)
8000162a:	00c59783          	lh	a5,12(a1)
8000162e:	c795                	beqz	a5,8000165a <_fflush_r+0x56>
80001630:	8522                	mv	a0,s0
80001632:	4462                	lw	s0,24(sp)
80001634:	40f2                	lw	ra,28(sp)
80001636:	6105                	addi	sp,sp,32
80001638:	b559                	j	800014be <__sflush_r>
8000163a:	0000c797          	auipc	a5,0xc
8000163e:	5f678793          	addi	a5,a5,1526 # 8000dc30 <__sf_fake_stdout>
80001642:	00f59463          	bne	a1,a5,8000164a <_fflush_r+0x46>
80001646:	440c                	lw	a1,8(s0)
80001648:	b7cd                	j	8000162a <_fflush_r+0x26>
8000164a:	0000c797          	auipc	a5,0xc
8000164e:	5a678793          	addi	a5,a5,1446 # 8000dbf0 <__sf_fake_stderr>
80001652:	fcf59ce3          	bne	a1,a5,8000162a <_fflush_r+0x26>
80001656:	444c                	lw	a1,12(s0)
80001658:	bfc9                	j	8000162a <_fflush_r+0x26>
8000165a:	40f2                	lw	ra,28(sp)
8000165c:	4462                	lw	s0,24(sp)
8000165e:	4501                	li	a0,0
80001660:	6105                	addi	sp,sp,32
80001662:	8082                	ret
80001664:	4501                	li	a0,0
80001666:	8082                	ret

80001668 <std>:
std():
80001668:	1141                	addi	sp,sp,-16
8000166a:	c422                	sw	s0,8(sp)
8000166c:	c606                	sw	ra,12(sp)
8000166e:	842a                	mv	s0,a0
80001670:	00b51623          	sh	a1,12(a0)
80001674:	00c51723          	sh	a2,14(a0)
80001678:	00052023          	sw	zero,0(a0)
8000167c:	00052223          	sw	zero,4(a0)
80001680:	00052423          	sw	zero,8(a0)
80001684:	06052223          	sw	zero,100(a0)
80001688:	00052823          	sw	zero,16(a0)
8000168c:	00052a23          	sw	zero,20(a0)
80001690:	00052c23          	sw	zero,24(a0)
80001694:	4621                	li	a2,8
80001696:	4581                	li	a1,0
80001698:	05c50513          	addi	a0,a0,92
8000169c:	24c5                	jal	8000197c <memset>
8000169e:	00001797          	auipc	a5,0x1
800016a2:	81c78793          	addi	a5,a5,-2020 # 80001eba <__sread>
800016a6:	d05c                	sw	a5,36(s0)
800016a8:	00001797          	auipc	a5,0x1
800016ac:	84278793          	addi	a5,a5,-1982 # 80001eea <__swrite>
800016b0:	d41c                	sw	a5,40(s0)
800016b2:	00001797          	auipc	a5,0x1
800016b6:	88678793          	addi	a5,a5,-1914 # 80001f38 <__sseek>
800016ba:	d45c                	sw	a5,44(s0)
800016bc:	00001797          	auipc	a5,0x1
800016c0:	8b278793          	addi	a5,a5,-1870 # 80001f6e <__sclose>
800016c4:	40b2                	lw	ra,12(sp)
800016c6:	d000                	sw	s0,32(s0)
800016c8:	d81c                	sw	a5,48(s0)
800016ca:	4422                	lw	s0,8(sp)
800016cc:	0141                	addi	sp,sp,16
800016ce:	8082                	ret

800016d0 <_cleanup_r>:
_cleanup_r():
800016d0:	00000597          	auipc	a1,0x0
800016d4:	f3458593          	addi	a1,a1,-204 # 80001604 <_fflush_r>
800016d8:	a291                	j	8000181c <_fwalk_reent>

800016da <__sfmoreglue>:
__sfmoreglue():
800016da:	1141                	addi	sp,sp,-16
800016dc:	c226                	sw	s1,4(sp)
800016de:	06800613          	li	a2,104
800016e2:	fff58493          	addi	s1,a1,-1
800016e6:	02c484b3          	mul	s1,s1,a2
800016ea:	c04a                	sw	s2,0(sp)
800016ec:	892e                	mv	s2,a1
800016ee:	c422                	sw	s0,8(sp)
800016f0:	c606                	sw	ra,12(sp)
800016f2:	07448593          	addi	a1,s1,116
800016f6:	26f1                	jal	80001ac2 <_malloc_r>
800016f8:	842a                	mv	s0,a0
800016fa:	c919                	beqz	a0,80001710 <__sfmoreglue+0x36>
800016fc:	00052023          	sw	zero,0(a0)
80001700:	01252223          	sw	s2,4(a0)
80001704:	0531                	addi	a0,a0,12
80001706:	c408                	sw	a0,8(s0)
80001708:	06848613          	addi	a2,s1,104
8000170c:	4581                	li	a1,0
8000170e:	24bd                	jal	8000197c <memset>
80001710:	40b2                	lw	ra,12(sp)
80001712:	8522                	mv	a0,s0
80001714:	4422                	lw	s0,8(sp)
80001716:	4492                	lw	s1,4(sp)
80001718:	4902                	lw	s2,0(sp)
8000171a:	0141                	addi	sp,sp,16
8000171c:	8082                	ret

8000171e <__sinit>:
__sinit():
8000171e:	4d1c                	lw	a5,24(a0)
80001720:	e3ad                	bnez	a5,80001782 <__sinit+0x64>
80001722:	1141                	addi	sp,sp,-16
80001724:	c422                	sw	s0,8(sp)
80001726:	c606                	sw	ra,12(sp)
80001728:	00000797          	auipc	a5,0x0
8000172c:	fa878793          	addi	a5,a5,-88 # 800016d0 <_cleanup_r>
80001730:	d51c                	sw	a5,40(a0)
80001732:	04052423          	sw	zero,72(a0)
80001736:	04052623          	sw	zero,76(a0)
8000173a:	04052823          	sw	zero,80(a0)
8000173e:	8101a783          	lw	a5,-2032(gp) # 90000070 <_global_impure_ptr>
80001742:	842a                	mv	s0,a0
80001744:	00f51463          	bne	a0,a5,8000174c <__sinit+0x2e>
80001748:	4785                	li	a5,1
8000174a:	cd1c                	sw	a5,24(a0)
8000174c:	8522                	mv	a0,s0
8000174e:	281d                	jal	80001784 <__sfp>
80001750:	c048                	sw	a0,4(s0)
80001752:	8522                	mv	a0,s0
80001754:	2805                	jal	80001784 <__sfp>
80001756:	c408                	sw	a0,8(s0)
80001758:	8522                	mv	a0,s0
8000175a:	202d                	jal	80001784 <__sfp>
8000175c:	c448                	sw	a0,12(s0)
8000175e:	4048                	lw	a0,4(s0)
80001760:	4601                	li	a2,0
80001762:	4591                	li	a1,4
80001764:	3711                	jal	80001668 <std>
80001766:	4408                	lw	a0,8(s0)
80001768:	4605                	li	a2,1
8000176a:	45a5                	li	a1,9
8000176c:	3df5                	jal	80001668 <std>
8000176e:	4448                	lw	a0,12(s0)
80001770:	4609                	li	a2,2
80001772:	45c9                	li	a1,18
80001774:	3dd5                	jal	80001668 <std>
80001776:	4785                	li	a5,1
80001778:	40b2                	lw	ra,12(sp)
8000177a:	cc1c                	sw	a5,24(s0)
8000177c:	4422                	lw	s0,8(sp)
8000177e:	0141                	addi	sp,sp,16
80001780:	8082                	ret
80001782:	8082                	ret

80001784 <__sfp>:
__sfp():
80001784:	1141                	addi	sp,sp,-16
80001786:	c226                	sw	s1,4(sp)
80001788:	8101a483          	lw	s1,-2032(gp) # 90000070 <_global_impure_ptr>
8000178c:	4c9c                	lw	a5,24(s1)
8000178e:	c04a                	sw	s2,0(sp)
80001790:	c606                	sw	ra,12(sp)
80001792:	c422                	sw	s0,8(sp)
80001794:	892a                	mv	s2,a0
80001796:	e399                	bnez	a5,8000179c <__sfp+0x18>
80001798:	8526                	mv	a0,s1
8000179a:	3751                	jal	8000171e <__sinit>
8000179c:	04848493          	addi	s1,s1,72
800017a0:	4480                	lw	s0,8(s1)
800017a2:	40dc                	lw	a5,4(s1)
800017a4:	17fd                	addi	a5,a5,-1
800017a6:	0007d663          	bgez	a5,800017b2 <__sfp+0x2e>
800017aa:	409c                	lw	a5,0(s1)
800017ac:	cfb1                	beqz	a5,80001808 <__sfp+0x84>
800017ae:	4084                	lw	s1,0(s1)
800017b0:	bfc5                	j	800017a0 <__sfp+0x1c>
800017b2:	00c41703          	lh	a4,12(s0)
800017b6:	e731                	bnez	a4,80001802 <__sfp+0x7e>
800017b8:	77c1                	lui	a5,0xffff0
800017ba:	0785                	addi	a5,a5,1
800017bc:	06042223          	sw	zero,100(s0)
800017c0:	00042023          	sw	zero,0(s0)
800017c4:	00042223          	sw	zero,4(s0)
800017c8:	00042423          	sw	zero,8(s0)
800017cc:	c45c                	sw	a5,12(s0)
800017ce:	00042823          	sw	zero,16(s0)
800017d2:	00042a23          	sw	zero,20(s0)
800017d6:	00042c23          	sw	zero,24(s0)
800017da:	4621                	li	a2,8
800017dc:	4581                	li	a1,0
800017de:	05c40513          	addi	a0,s0,92
800017e2:	2a69                	jal	8000197c <memset>
800017e4:	02042a23          	sw	zero,52(s0)
800017e8:	02042c23          	sw	zero,56(s0)
800017ec:	04042423          	sw	zero,72(s0)
800017f0:	04042623          	sw	zero,76(s0)
800017f4:	40b2                	lw	ra,12(sp)
800017f6:	8522                	mv	a0,s0
800017f8:	4422                	lw	s0,8(sp)
800017fa:	4492                	lw	s1,4(sp)
800017fc:	4902                	lw	s2,0(sp)
800017fe:	0141                	addi	sp,sp,16
80001800:	8082                	ret
80001802:	06840413          	addi	s0,s0,104
80001806:	bf79                	j	800017a4 <__sfp+0x20>
80001808:	4591                	li	a1,4
8000180a:	854a                	mv	a0,s2
8000180c:	35f9                	jal	800016da <__sfmoreglue>
8000180e:	c088                	sw	a0,0(s1)
80001810:	842a                	mv	s0,a0
80001812:	fd51                	bnez	a0,800017ae <__sfp+0x2a>
80001814:	47b1                	li	a5,12
80001816:	00f92023          	sw	a5,0(s2)
8000181a:	bfe9                	j	800017f4 <__sfp+0x70>

8000181c <_fwalk_reent>:
_fwalk_reent():
8000181c:	7179                	addi	sp,sp,-48
8000181e:	d422                	sw	s0,40(sp)
80001820:	d04a                	sw	s2,32(sp)
80001822:	ce4e                	sw	s3,28(sp)
80001824:	cc52                	sw	s4,24(sp)
80001826:	c85a                	sw	s6,16(sp)
80001828:	c65e                	sw	s7,12(sp)
8000182a:	d606                	sw	ra,44(sp)
8000182c:	d226                	sw	s1,36(sp)
8000182e:	ca56                	sw	s5,20(sp)
80001830:	892a                	mv	s2,a0
80001832:	8a2e                	mv	s4,a1
80001834:	04850413          	addi	s0,a0,72
80001838:	4981                	li	s3,0
8000183a:	4b05                	li	s6,1
8000183c:	5bfd                	li	s7,-1
8000183e:	4404                	lw	s1,8(s0)
80001840:	00442a83          	lw	s5,4(s0)
80001844:	1afd                	addi	s5,s5,-1
80001846:	020ad063          	bgez	s5,80001866 <_fwalk_reent+0x4a>
8000184a:	4000                	lw	s0,0(s0)
8000184c:	f86d                	bnez	s0,8000183e <_fwalk_reent+0x22>
8000184e:	50b2                	lw	ra,44(sp)
80001850:	5422                	lw	s0,40(sp)
80001852:	5492                	lw	s1,36(sp)
80001854:	5902                	lw	s2,32(sp)
80001856:	4a62                	lw	s4,24(sp)
80001858:	4ad2                	lw	s5,20(sp)
8000185a:	4b42                	lw	s6,16(sp)
8000185c:	4bb2                	lw	s7,12(sp)
8000185e:	854e                	mv	a0,s3
80001860:	49f2                	lw	s3,28(sp)
80001862:	6145                	addi	sp,sp,48
80001864:	8082                	ret
80001866:	00c4d783          	lhu	a5,12(s1)
8000186a:	00fb7b63          	bgeu	s6,a5,80001880 <_fwalk_reent+0x64>
8000186e:	00e49783          	lh	a5,14(s1)
80001872:	01778763          	beq	a5,s7,80001880 <_fwalk_reent+0x64>
80001876:	85a6                	mv	a1,s1
80001878:	854a                	mv	a0,s2
8000187a:	9a02                	jalr	s4
8000187c:	00a9e9b3          	or	s3,s3,a0
80001880:	06848493          	addi	s1,s1,104
80001884:	b7c1                	j	80001844 <_fwalk_reent+0x28>

80001886 <__swhatbuf_r>:
__swhatbuf_r():
80001886:	7159                	addi	sp,sp,-112
80001888:	d0ca                	sw	s2,96(sp)
8000188a:	892e                	mv	s2,a1
8000188c:	00e59583          	lh	a1,14(a1)
80001890:	d4a2                	sw	s0,104(sp)
80001892:	d2a6                	sw	s1,100(sp)
80001894:	d686                	sw	ra,108(sp)
80001896:	8432                	mv	s0,a2
80001898:	84b6                	mv	s1,a3
8000189a:	0005dc63          	bgez	a1,800018b2 <__swhatbuf_r+0x2c>
8000189e:	00c91783          	lh	a5,12(s2)
800018a2:	0004a023          	sw	zero,0(s1)
800018a6:	0807f793          	andi	a5,a5,128
800018aa:	e38d                	bnez	a5,800018cc <__swhatbuf_r+0x46>
800018ac:	40000793          	li	a5,1024
800018b0:	a005                	j	800018d0 <__swhatbuf_r+0x4a>
800018b2:	0030                	addi	a2,sp,8
800018b4:	2f11                	jal	80001fc8 <_fstat_r>
800018b6:	fe0544e3          	bltz	a0,8000189e <__swhatbuf_r+0x18>
800018ba:	4732                	lw	a4,12(sp)
800018bc:	67bd                	lui	a5,0xf
800018be:	8ff9                	and	a5,a5,a4
800018c0:	7779                	lui	a4,0xffffe
800018c2:	97ba                	add	a5,a5,a4
800018c4:	0017b793          	seqz	a5,a5
800018c8:	c09c                	sw	a5,0(s1)
800018ca:	b7cd                	j	800018ac <__swhatbuf_r+0x26>
800018cc:	04000793          	li	a5,64
800018d0:	50b6                	lw	ra,108(sp)
800018d2:	c01c                	sw	a5,0(s0)
800018d4:	5426                	lw	s0,104(sp)
800018d6:	5496                	lw	s1,100(sp)
800018d8:	5906                	lw	s2,96(sp)
800018da:	4501                	li	a0,0
800018dc:	6165                	addi	sp,sp,112
800018de:	8082                	ret

800018e0 <__smakebuf_r>:
__smakebuf_r():
800018e0:	00c5d783          	lhu	a5,12(a1)
800018e4:	1101                	addi	sp,sp,-32
800018e6:	cc22                	sw	s0,24(sp)
800018e8:	ce06                	sw	ra,28(sp)
800018ea:	ca26                	sw	s1,20(sp)
800018ec:	c84a                	sw	s2,16(sp)
800018ee:	8b89                	andi	a5,a5,2
800018f0:	842e                	mv	s0,a1
800018f2:	cf89                	beqz	a5,8000190c <__smakebuf_r+0x2c>
800018f4:	04740793          	addi	a5,s0,71
800018f8:	c01c                	sw	a5,0(s0)
800018fa:	c81c                	sw	a5,16(s0)
800018fc:	4785                	li	a5,1
800018fe:	c85c                	sw	a5,20(s0)
80001900:	40f2                	lw	ra,28(sp)
80001902:	4462                	lw	s0,24(sp)
80001904:	44d2                	lw	s1,20(sp)
80001906:	4942                	lw	s2,16(sp)
80001908:	6105                	addi	sp,sp,32
8000190a:	8082                	ret
8000190c:	0074                	addi	a3,sp,12
8000190e:	0030                	addi	a2,sp,8
80001910:	892a                	mv	s2,a0
80001912:	3f95                	jal	80001886 <__swhatbuf_r>
80001914:	45a2                	lw	a1,8(sp)
80001916:	84aa                	mv	s1,a0
80001918:	854a                	mv	a0,s2
8000191a:	2265                	jal	80001ac2 <_malloc_r>
8000191c:	ed01                	bnez	a0,80001934 <__smakebuf_r+0x54>
8000191e:	00c41783          	lh	a5,12(s0)
80001922:	2007f713          	andi	a4,a5,512
80001926:	ff69                	bnez	a4,80001900 <__smakebuf_r+0x20>
80001928:	9bf1                	andi	a5,a5,-4
8000192a:	0027e793          	ori	a5,a5,2
8000192e:	00f41623          	sh	a5,12(s0)
80001932:	b7c9                	j	800018f4 <__smakebuf_r+0x14>
80001934:	00000797          	auipc	a5,0x0
80001938:	d9c78793          	addi	a5,a5,-612 # 800016d0 <_cleanup_r>
8000193c:	02f92423          	sw	a5,40(s2)
80001940:	00c45783          	lhu	a5,12(s0)
80001944:	c008                	sw	a0,0(s0)
80001946:	c808                	sw	a0,16(s0)
80001948:	0807e793          	ori	a5,a5,128
8000194c:	00f41623          	sh	a5,12(s0)
80001950:	47a2                	lw	a5,8(sp)
80001952:	c85c                	sw	a5,20(s0)
80001954:	47b2                	lw	a5,12(sp)
80001956:	cf89                	beqz	a5,80001970 <__smakebuf_r+0x90>
80001958:	00e41583          	lh	a1,14(s0)
8000195c:	854a                	mv	a0,s2
8000195e:	2d51                	jal	80001ff2 <_isatty_r>
80001960:	c901                	beqz	a0,80001970 <__smakebuf_r+0x90>
80001962:	00c45783          	lhu	a5,12(s0)
80001966:	9bf1                	andi	a5,a5,-4
80001968:	0017e793          	ori	a5,a5,1
8000196c:	00f41623          	sh	a5,12(s0)
80001970:	00c45503          	lhu	a0,12(s0)
80001974:	8cc9                	or	s1,s1,a0
80001976:	00941623          	sh	s1,12(s0)
8000197a:	b759                	j	80001900 <__smakebuf_r+0x20>

8000197c <memset>:
memset():
8000197c:	433d                	li	t1,15
8000197e:	872a                	mv	a4,a0
80001980:	02c37363          	bgeu	t1,a2,800019a6 <memset+0x2a>
80001984:	00f77793          	andi	a5,a4,15
80001988:	efbd                	bnez	a5,80001a06 <memset+0x8a>
8000198a:	e5ad                	bnez	a1,800019f4 <memset+0x78>
8000198c:	ff067693          	andi	a3,a2,-16
80001990:	8a3d                	andi	a2,a2,15
80001992:	96ba                	add	a3,a3,a4
80001994:	c30c                	sw	a1,0(a4)
80001996:	c34c                	sw	a1,4(a4)
80001998:	c70c                	sw	a1,8(a4)
8000199a:	c74c                	sw	a1,12(a4)
8000199c:	0741                	addi	a4,a4,16
8000199e:	fed76be3          	bltu	a4,a3,80001994 <memset+0x18>
800019a2:	e211                	bnez	a2,800019a6 <memset+0x2a>
800019a4:	8082                	ret
800019a6:	40c306b3          	sub	a3,t1,a2
800019aa:	068a                	slli	a3,a3,0x2
800019ac:	00000297          	auipc	t0,0x0
800019b0:	9696                	add	a3,a3,t0
800019b2:	00a68067          	jr	10(a3) # 100a <__stack_size+0x80a>
800019b6:	00b70723          	sb	a1,14(a4) # ffffe00e <_sp+0x6ffee00e>
800019ba:	00b706a3          	sb	a1,13(a4)
800019be:	00b70623          	sb	a1,12(a4)
800019c2:	00b705a3          	sb	a1,11(a4)
800019c6:	00b70523          	sb	a1,10(a4)
800019ca:	00b704a3          	sb	a1,9(a4)
800019ce:	00b70423          	sb	a1,8(a4)
800019d2:	00b703a3          	sb	a1,7(a4)
800019d6:	00b70323          	sb	a1,6(a4)
800019da:	00b702a3          	sb	a1,5(a4)
800019de:	00b70223          	sb	a1,4(a4)
800019e2:	00b701a3          	sb	a1,3(a4)
800019e6:	00b70123          	sb	a1,2(a4)
800019ea:	00b700a3          	sb	a1,1(a4)
800019ee:	00b70023          	sb	a1,0(a4)
800019f2:	8082                	ret
800019f4:	0ff5f593          	andi	a1,a1,255
800019f8:	00859693          	slli	a3,a1,0x8
800019fc:	8dd5                	or	a1,a1,a3
800019fe:	01059693          	slli	a3,a1,0x10
80001a02:	8dd5                	or	a1,a1,a3
80001a04:	b761                	j	8000198c <memset+0x10>
80001a06:	00279693          	slli	a3,a5,0x2
80001a0a:	00000297          	auipc	t0,0x0
80001a0e:	9696                	add	a3,a3,t0
80001a10:	8286                	mv	t0,ra
80001a12:	fa8680e7          	jalr	-88(a3)
80001a16:	8096                	mv	ra,t0
80001a18:	17c1                	addi	a5,a5,-16
80001a1a:	8f1d                	sub	a4,a4,a5
80001a1c:	963e                	add	a2,a2,a5
80001a1e:	f8c374e3          	bgeu	t1,a2,800019a6 <memset+0x2a>
80001a22:	b7a5                	j	8000198a <memset+0xe>

80001a24 <_free_r>:
_free_r():
80001a24:	cdd1                	beqz	a1,80001ac0 <_free_r+0x9c>
80001a26:	ffc5a783          	lw	a5,-4(a1)
80001a2a:	1101                	addi	sp,sp,-32
80001a2c:	cc22                	sw	s0,24(sp)
80001a2e:	ce06                	sw	ra,28(sp)
80001a30:	ffc58413          	addi	s0,a1,-4
80001a34:	0007d363          	bgez	a5,80001a3a <_free_r+0x16>
80001a38:	943e                	add	s0,s0,a5
80001a3a:	c62a                	sw	a0,12(sp)
80001a3c:	2515                	jal	80002060 <__malloc_lock>
80001a3e:	81c18713          	addi	a4,gp,-2020 # 9000007c <__malloc_free_list>
80001a42:	431c                	lw	a5,0(a4)
80001a44:	4532                	lw	a0,12(sp)
80001a46:	eb81                	bnez	a5,80001a56 <_free_r+0x32>
80001a48:	00042223          	sw	zero,4(s0)
80001a4c:	c300                	sw	s0,0(a4)
80001a4e:	4462                	lw	s0,24(sp)
80001a50:	40f2                	lw	ra,28(sp)
80001a52:	6105                	addi	sp,sp,32
80001a54:	a539                	j	80002062 <__malloc_unlock>
80001a56:	00f47d63          	bgeu	s0,a5,80001a70 <_free_r+0x4c>
80001a5a:	4010                	lw	a2,0(s0)
80001a5c:	00c406b3          	add	a3,s0,a2
80001a60:	00d79663          	bne	a5,a3,80001a6c <_free_r+0x48>
80001a64:	4394                	lw	a3,0(a5)
80001a66:	43dc                	lw	a5,4(a5)
80001a68:	96b2                	add	a3,a3,a2
80001a6a:	c014                	sw	a3,0(s0)
80001a6c:	c05c                	sw	a5,4(s0)
80001a6e:	bff9                	j	80001a4c <_free_r+0x28>
80001a70:	873e                	mv	a4,a5
80001a72:	43dc                	lw	a5,4(a5)
80001a74:	c399                	beqz	a5,80001a7a <_free_r+0x56>
80001a76:	fef47de3          	bgeu	s0,a5,80001a70 <_free_r+0x4c>
80001a7a:	4314                	lw	a3,0(a4)
80001a7c:	00d70633          	add	a2,a4,a3
80001a80:	00861f63          	bne	a2,s0,80001a9e <_free_r+0x7a>
80001a84:	4010                	lw	a2,0(s0)
80001a86:	96b2                	add	a3,a3,a2
80001a88:	c314                	sw	a3,0(a4)
80001a8a:	00d70633          	add	a2,a4,a3
80001a8e:	fcc790e3          	bne	a5,a2,80001a4e <_free_r+0x2a>
80001a92:	4390                	lw	a2,0(a5)
80001a94:	43dc                	lw	a5,4(a5)
80001a96:	96b2                	add	a3,a3,a2
80001a98:	c314                	sw	a3,0(a4)
80001a9a:	c35c                	sw	a5,4(a4)
80001a9c:	bf4d                	j	80001a4e <_free_r+0x2a>
80001a9e:	00c47563          	bgeu	s0,a2,80001aa8 <_free_r+0x84>
80001aa2:	47b1                	li	a5,12
80001aa4:	c11c                	sw	a5,0(a0)
80001aa6:	b765                	j	80001a4e <_free_r+0x2a>
80001aa8:	4010                	lw	a2,0(s0)
80001aaa:	00c406b3          	add	a3,s0,a2
80001aae:	00d79663          	bne	a5,a3,80001aba <_free_r+0x96>
80001ab2:	4394                	lw	a3,0(a5)
80001ab4:	43dc                	lw	a5,4(a5)
80001ab6:	96b2                	add	a3,a3,a2
80001ab8:	c014                	sw	a3,0(s0)
80001aba:	c05c                	sw	a5,4(s0)
80001abc:	c340                	sw	s0,4(a4)
80001abe:	bf41                	j	80001a4e <_free_r+0x2a>
80001ac0:	8082                	ret

80001ac2 <_malloc_r>:
_malloc_r():
80001ac2:	1101                	addi	sp,sp,-32
80001ac4:	ca26                	sw	s1,20(sp)
80001ac6:	00358493          	addi	s1,a1,3
80001aca:	98f1                	andi	s1,s1,-4
80001acc:	c84a                	sw	s2,16(sp)
80001ace:	ce06                	sw	ra,28(sp)
80001ad0:	cc22                	sw	s0,24(sp)
80001ad2:	c64e                	sw	s3,12(sp)
80001ad4:	04a1                	addi	s1,s1,8
80001ad6:	47b1                	li	a5,12
80001ad8:	892a                	mv	s2,a0
80001ada:	04f4f063          	bgeu	s1,a5,80001b1a <_malloc_r+0x58>
80001ade:	44b1                	li	s1,12
80001ae0:	02b4ef63          	bltu	s1,a1,80001b1e <_malloc_r+0x5c>
80001ae4:	854a                	mv	a0,s2
80001ae6:	2bad                	jal	80002060 <__malloc_lock>
80001ae8:	81c18693          	addi	a3,gp,-2020 # 9000007c <__malloc_free_list>
80001aec:	4298                	lw	a4,0(a3)
80001aee:	843a                	mv	s0,a4
80001af0:	e031                	bnez	s0,80001b34 <_malloc_r+0x72>
80001af2:	82018413          	addi	s0,gp,-2016 # 90000080 <__malloc_sbrk_start>
80001af6:	401c                	lw	a5,0(s0)
80001af8:	e789                	bnez	a5,80001b02 <_malloc_r+0x40>
80001afa:	4581                	li	a1,0
80001afc:	854a                	mv	a0,s2
80001afe:	2e51                	jal	80001e92 <_sbrk_r>
80001b00:	c008                	sw	a0,0(s0)
80001b02:	85a6                	mv	a1,s1
80001b04:	854a                	mv	a0,s2
80001b06:	2671                	jal	80001e92 <_sbrk_r>
80001b08:	59fd                	li	s3,-1
80001b0a:	07351863          	bne	a0,s3,80001b7a <_malloc_r+0xb8>
80001b0e:	47b1                	li	a5,12
80001b10:	00f92023          	sw	a5,0(s2)
80001b14:	854a                	mv	a0,s2
80001b16:	23b1                	jal	80002062 <__malloc_unlock>
80001b18:	a031                	j	80001b24 <_malloc_r+0x62>
80001b1a:	fc04d3e3          	bgez	s1,80001ae0 <_malloc_r+0x1e>
80001b1e:	47b1                	li	a5,12
80001b20:	00f92023          	sw	a5,0(s2)
80001b24:	4501                	li	a0,0
80001b26:	40f2                	lw	ra,28(sp)
80001b28:	4462                	lw	s0,24(sp)
80001b2a:	44d2                	lw	s1,20(sp)
80001b2c:	4942                	lw	s2,16(sp)
80001b2e:	49b2                	lw	s3,12(sp)
80001b30:	6105                	addi	sp,sp,32
80001b32:	8082                	ret
80001b34:	401c                	lw	a5,0(s0)
80001b36:	8f85                	sub	a5,a5,s1
80001b38:	0207ce63          	bltz	a5,80001b74 <_malloc_r+0xb2>
80001b3c:	462d                	li	a2,11
80001b3e:	00f67663          	bgeu	a2,a5,80001b4a <_malloc_r+0x88>
80001b42:	c01c                	sw	a5,0(s0)
80001b44:	943e                	add	s0,s0,a5
80001b46:	c004                	sw	s1,0(s0)
80001b48:	a029                	j	80001b52 <_malloc_r+0x90>
80001b4a:	405c                	lw	a5,4(s0)
80001b4c:	02871263          	bne	a4,s0,80001b70 <_malloc_r+0xae>
80001b50:	c29c                	sw	a5,0(a3)
80001b52:	854a                	mv	a0,s2
80001b54:	2339                	jal	80002062 <__malloc_unlock>
80001b56:	00b40513          	addi	a0,s0,11
80001b5a:	00440793          	addi	a5,s0,4
80001b5e:	9961                	andi	a0,a0,-8
80001b60:	40f50733          	sub	a4,a0,a5
80001b64:	fcf501e3          	beq	a0,a5,80001b26 <_malloc_r+0x64>
80001b68:	943a                	add	s0,s0,a4
80001b6a:	8f89                	sub	a5,a5,a0
80001b6c:	c01c                	sw	a5,0(s0)
80001b6e:	bf65                	j	80001b26 <_malloc_r+0x64>
80001b70:	c35c                	sw	a5,4(a4)
80001b72:	b7c5                	j	80001b52 <_malloc_r+0x90>
80001b74:	8722                	mv	a4,s0
80001b76:	4040                	lw	s0,4(s0)
80001b78:	bfa5                	j	80001af0 <_malloc_r+0x2e>
80001b7a:	00350413          	addi	s0,a0,3
80001b7e:	9871                	andi	s0,s0,-4
80001b80:	fc8503e3          	beq	a0,s0,80001b46 <_malloc_r+0x84>
80001b84:	40a405b3          	sub	a1,s0,a0
80001b88:	854a                	mv	a0,s2
80001b8a:	2621                	jal	80001e92 <_sbrk_r>
80001b8c:	fb351de3          	bne	a0,s3,80001b46 <_malloc_r+0x84>
80001b90:	bfbd                	j	80001b0e <_malloc_r+0x4c>

80001b92 <__sfputc_r>:
__sfputc_r():
80001b92:	461c                	lw	a5,8(a2)
80001b94:	17fd                	addi	a5,a5,-1
80001b96:	c61c                	sw	a5,8(a2)
80001b98:	0007da63          	bgez	a5,80001bac <__sfputc_r+0x1a>
80001b9c:	4e18                	lw	a4,24(a2)
80001b9e:	00e7c563          	blt	a5,a4,80001ba8 <__sfputc_r+0x16>
80001ba2:	47a9                	li	a5,10
80001ba4:	00f59463          	bne	a1,a5,80001bac <__sfputc_r+0x1a>
80001ba8:	ed8ff06f          	j	80001280 <__swbuf_r>
80001bac:	421c                	lw	a5,0(a2)
80001bae:	852e                	mv	a0,a1
80001bb0:	00178713          	addi	a4,a5,1
80001bb4:	c218                	sw	a4,0(a2)
80001bb6:	00b78023          	sb	a1,0(a5)
80001bba:	8082                	ret

80001bbc <__sfputs_r>:
__sfputs_r():
80001bbc:	1101                	addi	sp,sp,-32
80001bbe:	cc22                	sw	s0,24(sp)
80001bc0:	ca26                	sw	s1,20(sp)
80001bc2:	c84a                	sw	s2,16(sp)
80001bc4:	c64e                	sw	s3,12(sp)
80001bc6:	c452                	sw	s4,8(sp)
80001bc8:	ce06                	sw	ra,28(sp)
80001bca:	892a                	mv	s2,a0
80001bcc:	89ae                	mv	s3,a1
80001bce:	8432                	mv	s0,a2
80001bd0:	00d604b3          	add	s1,a2,a3
80001bd4:	5a7d                	li	s4,-1
80001bd6:	00941463          	bne	s0,s1,80001bde <__sfputs_r+0x22>
80001bda:	4501                	li	a0,0
80001bdc:	a809                	j	80001bee <__sfputs_r+0x32>
80001bde:	00044583          	lbu	a1,0(s0)
80001be2:	864e                	mv	a2,s3
80001be4:	854a                	mv	a0,s2
80001be6:	3775                	jal	80001b92 <__sfputc_r>
80001be8:	0405                	addi	s0,s0,1
80001bea:	ff4516e3          	bne	a0,s4,80001bd6 <__sfputs_r+0x1a>
80001bee:	40f2                	lw	ra,28(sp)
80001bf0:	4462                	lw	s0,24(sp)
80001bf2:	44d2                	lw	s1,20(sp)
80001bf4:	4942                	lw	s2,16(sp)
80001bf6:	49b2                	lw	s3,12(sp)
80001bf8:	4a22                	lw	s4,8(sp)
80001bfa:	6105                	addi	sp,sp,32
80001bfc:	8082                	ret

80001bfe <_vfiprintf_r>:
_vfiprintf_r():
80001bfe:	7135                	addi	sp,sp,-160
80001c00:	cd22                	sw	s0,152(sp)
80001c02:	cb26                	sw	s1,148(sp)
80001c04:	c94a                	sw	s2,144(sp)
80001c06:	c74e                	sw	s3,140(sp)
80001c08:	cf06                	sw	ra,156(sp)
80001c0a:	c552                	sw	s4,136(sp)
80001c0c:	c356                	sw	s5,132(sp)
80001c0e:	c15a                	sw	s6,128(sp)
80001c10:	dede                	sw	s7,124(sp)
80001c12:	dce2                	sw	s8,120(sp)
80001c14:	dae6                	sw	s9,116(sp)
80001c16:	89aa                	mv	s3,a0
80001c18:	84ae                	mv	s1,a1
80001c1a:	8932                	mv	s2,a2
80001c1c:	8436                	mv	s0,a3
80001c1e:	c501                	beqz	a0,80001c26 <_vfiprintf_r+0x28>
80001c20:	4d1c                	lw	a5,24(a0)
80001c22:	e391                	bnez	a5,80001c26 <_vfiprintf_r+0x28>
80001c24:	3ced                	jal	8000171e <__sinit>
80001c26:	0000c797          	auipc	a5,0xc
80001c2a:	fea78793          	addi	a5,a5,-22 # 8000dc10 <__sf_fake_stdin>
80001c2e:	0cf49b63          	bne	s1,a5,80001d04 <_vfiprintf_r+0x106>
80001c32:	0049a483          	lw	s1,4(s3)
80001c36:	00c4d783          	lhu	a5,12(s1)
80001c3a:	8ba1                	andi	a5,a5,8
80001c3c:	c7f5                	beqz	a5,80001d28 <_vfiprintf_r+0x12a>
80001c3e:	489c                	lw	a5,16(s1)
80001c40:	c7e5                	beqz	a5,80001d28 <_vfiprintf_r+0x12a>
80001c42:	02000793          	li	a5,32
80001c46:	02f104a3          	sb	a5,41(sp)
80001c4a:	03000793          	li	a5,48
80001c4e:	d202                	sw	zero,36(sp)
80001c50:	02f10523          	sb	a5,42(sp)
80001c54:	c622                	sw	s0,12(sp)
80001c56:	02500b93          	li	s7,37
80001c5a:	0000ca97          	auipc	s5,0xc
80001c5e:	ff6a8a93          	addi	s5,s5,-10 # 8000dc50 <__sf_fake_stdout+0x20>
80001c62:	4c05                	li	s8,1
80001c64:	4b29                	li	s6,10
80001c66:	844a                	mv	s0,s2
80001c68:	00044783          	lbu	a5,0(s0)
80001c6c:	c399                	beqz	a5,80001c72 <_vfiprintf_r+0x74>
80001c6e:	0f779063          	bne	a5,s7,80001d4e <_vfiprintf_r+0x150>
80001c72:	41240cb3          	sub	s9,s0,s2
80001c76:	01240d63          	beq	s0,s2,80001c90 <_vfiprintf_r+0x92>
80001c7a:	86e6                	mv	a3,s9
80001c7c:	864a                	mv	a2,s2
80001c7e:	85a6                	mv	a1,s1
80001c80:	854e                	mv	a0,s3
80001c82:	3f2d                	jal	80001bbc <__sfputs_r>
80001c84:	57fd                	li	a5,-1
80001c86:	1ef50463          	beq	a0,a5,80001e6e <_vfiprintf_r+0x270>
80001c8a:	5792                	lw	a5,36(sp)
80001c8c:	97e6                	add	a5,a5,s9
80001c8e:	d23e                	sw	a5,36(sp)
80001c90:	00044783          	lbu	a5,0(s0)
80001c94:	1c078d63          	beqz	a5,80001e6e <_vfiprintf_r+0x270>
80001c98:	57fd                	li	a5,-1
80001c9a:	00140913          	addi	s2,s0,1
80001c9e:	c802                	sw	zero,16(sp)
80001ca0:	ce02                	sw	zero,28(sp)
80001ca2:	ca3e                	sw	a5,20(sp)
80001ca4:	cc02                	sw	zero,24(sp)
80001ca6:	040109a3          	sb	zero,83(sp)
80001caa:	d482                	sw	zero,104(sp)
80001cac:	00094583          	lbu	a1,0(s2)
80001cb0:	4615                	li	a2,5
80001cb2:	8556                	mv	a0,s5
80001cb4:	2e49                	jal	80002046 <memchr>
80001cb6:	47c2                	lw	a5,16(sp)
80001cb8:	00190413          	addi	s0,s2,1
80001cbc:	e959                	bnez	a0,80001d52 <_vfiprintf_r+0x154>
80001cbe:	0107f713          	andi	a4,a5,16
80001cc2:	c709                	beqz	a4,80001ccc <_vfiprintf_r+0xce>
80001cc4:	02000713          	li	a4,32
80001cc8:	04e109a3          	sb	a4,83(sp)
80001ccc:	0087f713          	andi	a4,a5,8
80001cd0:	c709                	beqz	a4,80001cda <_vfiprintf_r+0xdc>
80001cd2:	02b00713          	li	a4,43
80001cd6:	04e109a3          	sb	a4,83(sp)
80001cda:	00094683          	lbu	a3,0(s2)
80001cde:	02a00713          	li	a4,42
80001ce2:	08e68063          	beq	a3,a4,80001d62 <_vfiprintf_r+0x164>
80001ce6:	47f2                	lw	a5,28(sp)
80001ce8:	844a                	mv	s0,s2
80001cea:	4681                	li	a3,0
80001cec:	4625                	li	a2,9
80001cee:	00044703          	lbu	a4,0(s0)
80001cf2:	00140593          	addi	a1,s0,1
80001cf6:	fd070713          	addi	a4,a4,-48
80001cfa:	0ae67963          	bgeu	a2,a4,80001dac <_vfiprintf_r+0x1ae>
80001cfe:	cab5                	beqz	a3,80001d72 <_vfiprintf_r+0x174>
80001d00:	ce3e                	sw	a5,28(sp)
80001d02:	a885                	j	80001d72 <_vfiprintf_r+0x174>
80001d04:	0000c797          	auipc	a5,0xc
80001d08:	f2c78793          	addi	a5,a5,-212 # 8000dc30 <__sf_fake_stdout>
80001d0c:	00f49563          	bne	s1,a5,80001d16 <_vfiprintf_r+0x118>
80001d10:	0089a483          	lw	s1,8(s3)
80001d14:	b70d                	j	80001c36 <_vfiprintf_r+0x38>
80001d16:	0000c797          	auipc	a5,0xc
80001d1a:	eda78793          	addi	a5,a5,-294 # 8000dbf0 <__sf_fake_stderr>
80001d1e:	f0f49ce3          	bne	s1,a5,80001c36 <_vfiprintf_r+0x38>
80001d22:	00c9a483          	lw	s1,12(s3)
80001d26:	bf01                	j	80001c36 <_vfiprintf_r+0x38>
80001d28:	85a6                	mv	a1,s1
80001d2a:	854e                	mv	a0,s3
80001d2c:	e14ff0ef          	jal	ra,80001340 <__swsetup_r>
80001d30:	d909                	beqz	a0,80001c42 <_vfiprintf_r+0x44>
80001d32:	557d                	li	a0,-1
80001d34:	40fa                	lw	ra,156(sp)
80001d36:	446a                	lw	s0,152(sp)
80001d38:	44da                	lw	s1,148(sp)
80001d3a:	494a                	lw	s2,144(sp)
80001d3c:	49ba                	lw	s3,140(sp)
80001d3e:	4a2a                	lw	s4,136(sp)
80001d40:	4a9a                	lw	s5,132(sp)
80001d42:	4b0a                	lw	s6,128(sp)
80001d44:	5bf6                	lw	s7,124(sp)
80001d46:	5c66                	lw	s8,120(sp)
80001d48:	5cd6                	lw	s9,116(sp)
80001d4a:	610d                	addi	sp,sp,160
80001d4c:	8082                	ret
80001d4e:	0405                	addi	s0,s0,1
80001d50:	bf21                	j	80001c68 <_vfiprintf_r+0x6a>
80001d52:	41550533          	sub	a0,a0,s5
80001d56:	00ac1533          	sll	a0,s8,a0
80001d5a:	8fc9                	or	a5,a5,a0
80001d5c:	c83e                	sw	a5,16(sp)
80001d5e:	8922                	mv	s2,s0
80001d60:	b7b1                	j	80001cac <_vfiprintf_r+0xae>
80001d62:	4732                	lw	a4,12(sp)
80001d64:	00470693          	addi	a3,a4,4
80001d68:	4318                	lw	a4,0(a4)
80001d6a:	c636                	sw	a3,12(sp)
80001d6c:	02074963          	bltz	a4,80001d9e <_vfiprintf_r+0x1a0>
80001d70:	ce3a                	sw	a4,28(sp)
80001d72:	00044703          	lbu	a4,0(s0)
80001d76:	02e00793          	li	a5,46
80001d7a:	04f71f63          	bne	a4,a5,80001dd8 <_vfiprintf_r+0x1da>
80001d7e:	00144703          	lbu	a4,1(s0)
80001d82:	02a00793          	li	a5,42
80001d86:	02f71b63          	bne	a4,a5,80001dbc <_vfiprintf_r+0x1be>
80001d8a:	47b2                	lw	a5,12(sp)
80001d8c:	0409                	addi	s0,s0,2
80001d8e:	00478713          	addi	a4,a5,4
80001d92:	439c                	lw	a5,0(a5)
80001d94:	c63a                	sw	a4,12(sp)
80001d96:	0207c163          	bltz	a5,80001db8 <_vfiprintf_r+0x1ba>
80001d9a:	ca3e                	sw	a5,20(sp)
80001d9c:	a835                	j	80001dd8 <_vfiprintf_r+0x1da>
80001d9e:	40e00733          	neg	a4,a4
80001da2:	0027e793          	ori	a5,a5,2
80001da6:	ce3a                	sw	a4,28(sp)
80001da8:	c83e                	sw	a5,16(sp)
80001daa:	b7e1                	j	80001d72 <_vfiprintf_r+0x174>
80001dac:	036787b3          	mul	a5,a5,s6
80001db0:	842e                	mv	s0,a1
80001db2:	4685                	li	a3,1
80001db4:	97ba                	add	a5,a5,a4
80001db6:	bf25                	j	80001cee <_vfiprintf_r+0xf0>
80001db8:	57fd                	li	a5,-1
80001dba:	b7c5                	j	80001d9a <_vfiprintf_r+0x19c>
80001dbc:	0405                	addi	s0,s0,1
80001dbe:	ca02                	sw	zero,20(sp)
80001dc0:	4681                	li	a3,0
80001dc2:	4781                	li	a5,0
80001dc4:	4625                	li	a2,9
80001dc6:	00044703          	lbu	a4,0(s0)
80001dca:	00140593          	addi	a1,s0,1
80001dce:	fd070713          	addi	a4,a4,-48
80001dd2:	06e67463          	bgeu	a2,a4,80001e3a <_vfiprintf_r+0x23c>
80001dd6:	f2f1                	bnez	a3,80001d9a <_vfiprintf_r+0x19c>
80001dd8:	00044583          	lbu	a1,0(s0)
80001ddc:	460d                	li	a2,3
80001dde:	0000c517          	auipc	a0,0xc
80001de2:	e7a50513          	addi	a0,a0,-390 # 8000dc58 <__sf_fake_stdout+0x28>
80001de6:	2485                	jal	80002046 <memchr>
80001de8:	cd11                	beqz	a0,80001e04 <_vfiprintf_r+0x206>
80001dea:	0000c797          	auipc	a5,0xc
80001dee:	e6e78793          	addi	a5,a5,-402 # 8000dc58 <__sf_fake_stdout+0x28>
80001df2:	8d1d                	sub	a0,a0,a5
80001df4:	04000793          	li	a5,64
80001df8:	00a797b3          	sll	a5,a5,a0
80001dfc:	4542                	lw	a0,16(sp)
80001dfe:	0405                	addi	s0,s0,1
80001e00:	8d5d                	or	a0,a0,a5
80001e02:	c82a                	sw	a0,16(sp)
80001e04:	00044583          	lbu	a1,0(s0)
80001e08:	4619                	li	a2,6
80001e0a:	0000c517          	auipc	a0,0xc
80001e0e:	e5250513          	addi	a0,a0,-430 # 8000dc5c <__sf_fake_stdout+0x2c>
80001e12:	00140913          	addi	s2,s0,1
80001e16:	02b10423          	sb	a1,40(sp)
80001e1a:	2435                	jal	80002046 <memchr>
80001e1c:	c12d                	beqz	a0,80001e7e <_vfiprintf_r+0x280>
80001e1e:	00000793          	li	a5,0
80001e22:	e795                	bnez	a5,80001e4e <_vfiprintf_r+0x250>
80001e24:	4742                	lw	a4,16(sp)
80001e26:	47b2                	lw	a5,12(sp)
80001e28:	10077713          	andi	a4,a4,256
80001e2c:	cf09                	beqz	a4,80001e46 <_vfiprintf_r+0x248>
80001e2e:	0791                	addi	a5,a5,4
80001e30:	c63e                	sw	a5,12(sp)
80001e32:	5792                	lw	a5,36(sp)
80001e34:	97d2                	add	a5,a5,s4
80001e36:	d23e                	sw	a5,36(sp)
80001e38:	b53d                	j	80001c66 <_vfiprintf_r+0x68>
80001e3a:	036787b3          	mul	a5,a5,s6
80001e3e:	842e                	mv	s0,a1
80001e40:	4685                	li	a3,1
80001e42:	97ba                	add	a5,a5,a4
80001e44:	b749                	j	80001dc6 <_vfiprintf_r+0x1c8>
80001e46:	079d                	addi	a5,a5,7
80001e48:	9be1                	andi	a5,a5,-8
80001e4a:	07a1                	addi	a5,a5,8
80001e4c:	b7d5                	j	80001e30 <_vfiprintf_r+0x232>
80001e4e:	0078                	addi	a4,sp,12
80001e50:	00000697          	auipc	a3,0x0
80001e54:	d6c68693          	addi	a3,a3,-660 # 80001bbc <__sfputs_r>
80001e58:	8626                	mv	a2,s1
80001e5a:	080c                	addi	a1,sp,16
80001e5c:	854e                	mv	a0,s3
80001e5e:	00000097          	auipc	ra,0x0
80001e62:	000000e7          	jalr	zero # 0 <__stack_size-0x800>
80001e66:	57fd                	li	a5,-1
80001e68:	8a2a                	mv	s4,a0
80001e6a:	fcf514e3          	bne	a0,a5,80001e32 <_vfiprintf_r+0x234>
80001e6e:	00c4d783          	lhu	a5,12(s1)
80001e72:	0407f793          	andi	a5,a5,64
80001e76:	ea079ee3          	bnez	a5,80001d32 <_vfiprintf_r+0x134>
80001e7a:	5512                	lw	a0,36(sp)
80001e7c:	bd65                	j	80001d34 <_vfiprintf_r+0x136>
80001e7e:	0078                	addi	a4,sp,12
80001e80:	00000697          	auipc	a3,0x0
80001e84:	d3c68693          	addi	a3,a3,-708 # 80001bbc <__sfputs_r>
80001e88:	8626                	mv	a2,s1
80001e8a:	080c                	addi	a1,sp,16
80001e8c:	854e                	mv	a0,s3
80001e8e:	24cd                	jal	80002170 <_printf_i>
80001e90:	bfd9                	j	80001e66 <_vfiprintf_r+0x268>

80001e92 <_sbrk_r>:
_sbrk_r():
80001e92:	1141                	addi	sp,sp,-16
80001e94:	c422                	sw	s0,8(sp)
80001e96:	842a                	mv	s0,a0
80001e98:	852e                	mv	a0,a1
80001e9a:	8001aa23          	sw	zero,-2028(gp) # 90000074 <errno>
80001e9e:	c606                	sw	ra,12(sp)
80001ea0:	9f9fe0ef          	jal	ra,80000898 <_sbrk>
80001ea4:	57fd                	li	a5,-1
80001ea6:	00f51663          	bne	a0,a5,80001eb2 <_sbrk_r+0x20>
80001eaa:	8141a783          	lw	a5,-2028(gp) # 90000074 <errno>
80001eae:	c391                	beqz	a5,80001eb2 <_sbrk_r+0x20>
80001eb0:	c01c                	sw	a5,0(s0)
80001eb2:	40b2                	lw	ra,12(sp)
80001eb4:	4422                	lw	s0,8(sp)
80001eb6:	0141                	addi	sp,sp,16
80001eb8:	8082                	ret

80001eba <__sread>:
__sread():
80001eba:	1141                	addi	sp,sp,-16
80001ebc:	c422                	sw	s0,8(sp)
80001ebe:	842e                	mv	s0,a1
80001ec0:	00e59583          	lh	a1,14(a1)
80001ec4:	c606                	sw	ra,12(sp)
80001ec6:	2b29                	jal	800023e0 <_read_r>
80001ec8:	00054963          	bltz	a0,80001eda <__sread+0x20>
80001ecc:	487c                	lw	a5,84(s0)
80001ece:	97aa                	add	a5,a5,a0
80001ed0:	c87c                	sw	a5,84(s0)
80001ed2:	40b2                	lw	ra,12(sp)
80001ed4:	4422                	lw	s0,8(sp)
80001ed6:	0141                	addi	sp,sp,16
80001ed8:	8082                	ret
80001eda:	00c45783          	lhu	a5,12(s0)
80001ede:	777d                	lui	a4,0xfffff
80001ee0:	177d                	addi	a4,a4,-1
80001ee2:	8ff9                	and	a5,a5,a4
80001ee4:	00f41623          	sh	a5,12(s0)
80001ee8:	b7ed                	j	80001ed2 <__sread+0x18>

80001eea <__swrite>:
__swrite():
80001eea:	00c5d783          	lhu	a5,12(a1)
80001eee:	1101                	addi	sp,sp,-32
80001ef0:	cc22                	sw	s0,24(sp)
80001ef2:	ca26                	sw	s1,20(sp)
80001ef4:	c84a                	sw	s2,16(sp)
80001ef6:	c64e                	sw	s3,12(sp)
80001ef8:	ce06                	sw	ra,28(sp)
80001efa:	1007f793          	andi	a5,a5,256
80001efe:	84aa                	mv	s1,a0
80001f00:	842e                	mv	s0,a1
80001f02:	8932                	mv	s2,a2
80001f04:	89b6                	mv	s3,a3
80001f06:	c791                	beqz	a5,80001f12 <__swrite+0x28>
80001f08:	00e59583          	lh	a1,14(a1)
80001f0c:	4689                	li	a3,2
80001f0e:	4601                	li	a2,0
80001f10:	2229                	jal	8000201a <_lseek_r>
80001f12:	00c45783          	lhu	a5,12(s0)
80001f16:	777d                	lui	a4,0xfffff
80001f18:	177d                	addi	a4,a4,-1
80001f1a:	8ff9                	and	a5,a5,a4
80001f1c:	00e41583          	lh	a1,14(s0)
80001f20:	00f41623          	sh	a5,12(s0)
80001f24:	4462                	lw	s0,24(sp)
80001f26:	40f2                	lw	ra,28(sp)
80001f28:	86ce                	mv	a3,s3
80001f2a:	864a                	mv	a2,s2
80001f2c:	49b2                	lw	s3,12(sp)
80001f2e:	4942                	lw	s2,16(sp)
80001f30:	8526                	mv	a0,s1
80001f32:	44d2                	lw	s1,20(sp)
80001f34:	6105                	addi	sp,sp,32
80001f36:	a83d                	j	80001f74 <_write_r>

80001f38 <__sseek>:
__sseek():
80001f38:	1141                	addi	sp,sp,-16
80001f3a:	c422                	sw	s0,8(sp)
80001f3c:	842e                	mv	s0,a1
80001f3e:	00e59583          	lh	a1,14(a1)
80001f42:	c606                	sw	ra,12(sp)
80001f44:	28d9                	jal	8000201a <_lseek_r>
80001f46:	57fd                	li	a5,-1
80001f48:	00c45703          	lhu	a4,12(s0)
80001f4c:	00f51b63          	bne	a0,a5,80001f62 <__sseek+0x2a>
80001f50:	77fd                	lui	a5,0xfffff
80001f52:	17fd                	addi	a5,a5,-1
80001f54:	8ff9                	and	a5,a5,a4
80001f56:	00f41623          	sh	a5,12(s0)
80001f5a:	40b2                	lw	ra,12(sp)
80001f5c:	4422                	lw	s0,8(sp)
80001f5e:	0141                	addi	sp,sp,16
80001f60:	8082                	ret
80001f62:	6785                	lui	a5,0x1
80001f64:	8fd9                	or	a5,a5,a4
80001f66:	00f41623          	sh	a5,12(s0)
80001f6a:	c868                	sw	a0,84(s0)
80001f6c:	b7fd                	j	80001f5a <__sseek+0x22>

80001f6e <__sclose>:
__sclose():
80001f6e:	00e59583          	lh	a1,14(a1)
80001f72:	a03d                	j	80001fa0 <_close_r>

80001f74 <_write_r>:
_write_r():
80001f74:	1141                	addi	sp,sp,-16
80001f76:	c422                	sw	s0,8(sp)
80001f78:	842a                	mv	s0,a0
80001f7a:	852e                	mv	a0,a1
80001f7c:	85b2                	mv	a1,a2
80001f7e:	8636                	mv	a2,a3
80001f80:	8001aa23          	sw	zero,-2028(gp) # 90000074 <errno>
80001f84:	c606                	sw	ra,12(sp)
80001f86:	943fe0ef          	jal	ra,800008c8 <_write>
80001f8a:	57fd                	li	a5,-1
80001f8c:	00f51663          	bne	a0,a5,80001f98 <_write_r+0x24>
80001f90:	8141a783          	lw	a5,-2028(gp) # 90000074 <errno>
80001f94:	c391                	beqz	a5,80001f98 <_write_r+0x24>
80001f96:	c01c                	sw	a5,0(s0)
80001f98:	40b2                	lw	ra,12(sp)
80001f9a:	4422                	lw	s0,8(sp)
80001f9c:	0141                	addi	sp,sp,16
80001f9e:	8082                	ret

80001fa0 <_close_r>:
_close_r():
80001fa0:	1141                	addi	sp,sp,-16
80001fa2:	c422                	sw	s0,8(sp)
80001fa4:	842a                	mv	s0,a0
80001fa6:	852e                	mv	a0,a1
80001fa8:	8001aa23          	sw	zero,-2028(gp) # 90000074 <errno>
80001fac:	c606                	sw	ra,12(sp)
80001fae:	89dfe0ef          	jal	ra,8000084a <_close>
80001fb2:	57fd                	li	a5,-1
80001fb4:	00f51663          	bne	a0,a5,80001fc0 <_close_r+0x20>
80001fb8:	8141a783          	lw	a5,-2028(gp) # 90000074 <errno>
80001fbc:	c391                	beqz	a5,80001fc0 <_close_r+0x20>
80001fbe:	c01c                	sw	a5,0(s0)
80001fc0:	40b2                	lw	ra,12(sp)
80001fc2:	4422                	lw	s0,8(sp)
80001fc4:	0141                	addi	sp,sp,16
80001fc6:	8082                	ret

80001fc8 <_fstat_r>:
_fstat_r():
80001fc8:	1141                	addi	sp,sp,-16
80001fca:	c422                	sw	s0,8(sp)
80001fcc:	842a                	mv	s0,a0
80001fce:	852e                	mv	a0,a1
80001fd0:	85b2                	mv	a1,a2
80001fd2:	8001aa23          	sw	zero,-2028(gp) # 90000074 <errno>
80001fd6:	c606                	sw	ra,12(sp)
80001fd8:	87dfe0ef          	jal	ra,80000854 <_fstat>
80001fdc:	57fd                	li	a5,-1
80001fde:	00f51663          	bne	a0,a5,80001fea <_fstat_r+0x22>
80001fe2:	8141a783          	lw	a5,-2028(gp) # 90000074 <errno>
80001fe6:	c391                	beqz	a5,80001fea <_fstat_r+0x22>
80001fe8:	c01c                	sw	a5,0(s0)
80001fea:	40b2                	lw	ra,12(sp)
80001fec:	4422                	lw	s0,8(sp)
80001fee:	0141                	addi	sp,sp,16
80001ff0:	8082                	ret

80001ff2 <_isatty_r>:
_isatty_r():
80001ff2:	1141                	addi	sp,sp,-16
80001ff4:	c422                	sw	s0,8(sp)
80001ff6:	842a                	mv	s0,a0
80001ff8:	852e                	mv	a0,a1
80001ffa:	8001aa23          	sw	zero,-2028(gp) # 90000074 <errno>
80001ffe:	c606                	sw	ra,12(sp)
80002000:	86ffe0ef          	jal	ra,8000086e <_isatty>
80002004:	57fd                	li	a5,-1
80002006:	00f51663          	bne	a0,a5,80002012 <_isatty_r+0x20>
8000200a:	8141a783          	lw	a5,-2028(gp) # 90000074 <errno>
8000200e:	c391                	beqz	a5,80002012 <_isatty_r+0x20>
80002010:	c01c                	sw	a5,0(s0)
80002012:	40b2                	lw	ra,12(sp)
80002014:	4422                	lw	s0,8(sp)
80002016:	0141                	addi	sp,sp,16
80002018:	8082                	ret

8000201a <_lseek_r>:
_lseek_r():
8000201a:	1141                	addi	sp,sp,-16
8000201c:	c422                	sw	s0,8(sp)
8000201e:	842a                	mv	s0,a0
80002020:	852e                	mv	a0,a1
80002022:	85b2                	mv	a1,a2
80002024:	8636                	mv	a2,a3
80002026:	8001aa23          	sw	zero,-2028(gp) # 90000074 <errno>
8000202a:	c606                	sw	ra,12(sp)
8000202c:	847fe0ef          	jal	ra,80000872 <_lseek>
80002030:	57fd                	li	a5,-1
80002032:	00f51663          	bne	a0,a5,8000203e <_lseek_r+0x24>
80002036:	8141a783          	lw	a5,-2028(gp) # 90000074 <errno>
8000203a:	c391                	beqz	a5,8000203e <_lseek_r+0x24>
8000203c:	c01c                	sw	a5,0(s0)
8000203e:	40b2                	lw	ra,12(sp)
80002040:	4422                	lw	s0,8(sp)
80002042:	0141                	addi	sp,sp,16
80002044:	8082                	ret

80002046 <memchr>:
memchr():
80002046:	0ff5f593          	andi	a1,a1,255
8000204a:	962a                	add	a2,a2,a0
8000204c:	00c51463          	bne	a0,a2,80002054 <memchr+0xe>
80002050:	4501                	li	a0,0
80002052:	8082                	ret
80002054:	00054783          	lbu	a5,0(a0)
80002058:	feb78de3          	beq	a5,a1,80002052 <memchr+0xc>
8000205c:	0505                	addi	a0,a0,1
8000205e:	b7fd                	j	8000204c <memchr+0x6>

80002060 <__malloc_lock>:
__malloc_lock():
80002060:	8082                	ret

80002062 <__malloc_unlock>:
__malloc_unlock():
80002062:	8082                	ret

80002064 <_printf_common>:
_printf_common():
80002064:	7179                	addi	sp,sp,-48
80002066:	cc52                	sw	s4,24(sp)
80002068:	499c                	lw	a5,16(a1)
8000206a:	8a3a                	mv	s4,a4
8000206c:	4598                	lw	a4,8(a1)
8000206e:	d422                	sw	s0,40(sp)
80002070:	d226                	sw	s1,36(sp)
80002072:	ce4e                	sw	s3,28(sp)
80002074:	ca56                	sw	s5,20(sp)
80002076:	d606                	sw	ra,44(sp)
80002078:	d04a                	sw	s2,32(sp)
8000207a:	c85a                	sw	s6,16(sp)
8000207c:	c65e                	sw	s7,12(sp)
8000207e:	89aa                	mv	s3,a0
80002080:	842e                	mv	s0,a1
80002082:	84b2                	mv	s1,a2
80002084:	8ab6                	mv	s5,a3
80002086:	00e7d363          	bge	a5,a4,8000208c <_printf_common+0x28>
8000208a:	87ba                	mv	a5,a4
8000208c:	c09c                	sw	a5,0(s1)
8000208e:	04344703          	lbu	a4,67(s0)
80002092:	c319                	beqz	a4,80002098 <_printf_common+0x34>
80002094:	0785                	addi	a5,a5,1
80002096:	c09c                	sw	a5,0(s1)
80002098:	401c                	lw	a5,0(s0)
8000209a:	0207f793          	andi	a5,a5,32
8000209e:	c781                	beqz	a5,800020a6 <_printf_common+0x42>
800020a0:	409c                	lw	a5,0(s1)
800020a2:	0789                	addi	a5,a5,2
800020a4:	c09c                	sw	a5,0(s1)
800020a6:	00042903          	lw	s2,0(s0)
800020aa:	00697913          	andi	s2,s2,6
800020ae:	00091a63          	bnez	s2,800020c2 <_printf_common+0x5e>
800020b2:	01940b13          	addi	s6,s0,25
800020b6:	5bfd                	li	s7,-1
800020b8:	445c                	lw	a5,12(s0)
800020ba:	4098                	lw	a4,0(s1)
800020bc:	8f99                	sub	a5,a5,a4
800020be:	04f94c63          	blt	s2,a5,80002116 <_printf_common+0xb2>
800020c2:	04344783          	lbu	a5,67(s0)
800020c6:	00f036b3          	snez	a3,a5
800020ca:	401c                	lw	a5,0(s0)
800020cc:	0207f793          	andi	a5,a5,32
800020d0:	eba5                	bnez	a5,80002140 <_printf_common+0xdc>
800020d2:	04340613          	addi	a2,s0,67
800020d6:	85d6                	mv	a1,s5
800020d8:	854e                	mv	a0,s3
800020da:	9a02                	jalr	s4
800020dc:	57fd                	li	a5,-1
800020de:	04f50363          	beq	a0,a5,80002124 <_printf_common+0xc0>
800020e2:	401c                	lw	a5,0(s0)
800020e4:	4611                	li	a2,4
800020e6:	4098                	lw	a4,0(s1)
800020e8:	8b99                	andi	a5,a5,6
800020ea:	4454                	lw	a3,12(s0)
800020ec:	4481                	li	s1,0
800020ee:	00c79763          	bne	a5,a2,800020fc <_printf_common+0x98>
800020f2:	40e684b3          	sub	s1,a3,a4
800020f6:	0004d363          	bgez	s1,800020fc <_printf_common+0x98>
800020fa:	4481                	li	s1,0
800020fc:	441c                	lw	a5,8(s0)
800020fe:	4818                	lw	a4,16(s0)
80002100:	00f75463          	bge	a4,a5,80002108 <_printf_common+0xa4>
80002104:	8f99                	sub	a5,a5,a4
80002106:	94be                	add	s1,s1,a5
80002108:	4901                	li	s2,0
8000210a:	0469                	addi	s0,s0,26
8000210c:	5b7d                	li	s6,-1
8000210e:	05249863          	bne	s1,s2,8000215e <_printf_common+0xfa>
80002112:	4501                	li	a0,0
80002114:	a809                	j	80002126 <_printf_common+0xc2>
80002116:	4685                	li	a3,1
80002118:	865a                	mv	a2,s6
8000211a:	85d6                	mv	a1,s5
8000211c:	854e                	mv	a0,s3
8000211e:	9a02                	jalr	s4
80002120:	01751e63          	bne	a0,s7,8000213c <_printf_common+0xd8>
80002124:	557d                	li	a0,-1
80002126:	50b2                	lw	ra,44(sp)
80002128:	5422                	lw	s0,40(sp)
8000212a:	5492                	lw	s1,36(sp)
8000212c:	5902                	lw	s2,32(sp)
8000212e:	49f2                	lw	s3,28(sp)
80002130:	4a62                	lw	s4,24(sp)
80002132:	4ad2                	lw	s5,20(sp)
80002134:	4b42                	lw	s6,16(sp)
80002136:	4bb2                	lw	s7,12(sp)
80002138:	6145                	addi	sp,sp,48
8000213a:	8082                	ret
8000213c:	0905                	addi	s2,s2,1
8000213e:	bfad                	j	800020b8 <_printf_common+0x54>
80002140:	00d40733          	add	a4,s0,a3
80002144:	03000613          	li	a2,48
80002148:	04c701a3          	sb	a2,67(a4) # fffff043 <_sp+0x6ffef043>
8000214c:	04544703          	lbu	a4,69(s0)
80002150:	00168793          	addi	a5,a3,1
80002154:	97a2                	add	a5,a5,s0
80002156:	0689                	addi	a3,a3,2
80002158:	04e781a3          	sb	a4,67(a5) # 1043 <__stack_size+0x843>
8000215c:	bf9d                	j	800020d2 <_printf_common+0x6e>
8000215e:	4685                	li	a3,1
80002160:	8622                	mv	a2,s0
80002162:	85d6                	mv	a1,s5
80002164:	854e                	mv	a0,s3
80002166:	9a02                	jalr	s4
80002168:	fb650ee3          	beq	a0,s6,80002124 <_printf_common+0xc0>
8000216c:	0905                	addi	s2,s2,1
8000216e:	b745                	j	8000210e <_printf_common+0xaa>

80002170 <_printf_i>:
_printf_i():
80002170:	7179                	addi	sp,sp,-48
80002172:	d422                	sw	s0,40(sp)
80002174:	d226                	sw	s1,36(sp)
80002176:	d04a                	sw	s2,32(sp)
80002178:	ce4e                	sw	s3,28(sp)
8000217a:	d606                	sw	ra,44(sp)
8000217c:	cc52                	sw	s4,24(sp)
8000217e:	ca56                	sw	s5,20(sp)
80002180:	c85a                	sw	s6,16(sp)
80002182:	0185c803          	lbu	a6,24(a1)
80002186:	07800793          	li	a5,120
8000218a:	84aa                	mv	s1,a0
8000218c:	842e                	mv	s0,a1
8000218e:	8932                	mv	s2,a2
80002190:	89b6                	mv	s3,a3
80002192:	0107ee63          	bltu	a5,a6,800021ae <_printf_i+0x3e>
80002196:	06200793          	li	a5,98
8000219a:	04358693          	addi	a3,a1,67
8000219e:	0107ed63          	bltu	a5,a6,800021b8 <_printf_i+0x48>
800021a2:	1c080563          	beqz	a6,8000236c <_printf_i+0x1fc>
800021a6:	05800793          	li	a5,88
800021aa:	12f80a63          	beq	a6,a5,800022de <_printf_i+0x16e>
800021ae:	04240a93          	addi	s5,s0,66
800021b2:	05040123          	sb	a6,66(s0)
800021b6:	a815                	j	800021ea <_printf_i+0x7a>
800021b8:	f9d80793          	addi	a5,a6,-99
800021bc:	0ff7f793          	andi	a5,a5,255
800021c0:	4655                	li	a2,21
800021c2:	fef666e3          	bltu	a2,a5,800021ae <_printf_i+0x3e>
800021c6:	0000c617          	auipc	a2,0xc
800021ca:	ac660613          	addi	a2,a2,-1338 # 8000dc8c <__sf_fake_stdout+0x5c>
800021ce:	078a                	slli	a5,a5,0x2
800021d0:	97b2                	add	a5,a5,a2
800021d2:	439c                	lw	a5,0(a5)
800021d4:	97b2                	add	a5,a5,a2
800021d6:	8782                	jr	a5
800021d8:	431c                	lw	a5,0(a4)
800021da:	04258a93          	addi	s5,a1,66
800021de:	00478693          	addi	a3,a5,4
800021e2:	439c                	lw	a5,0(a5)
800021e4:	c314                	sw	a3,0(a4)
800021e6:	04f58123          	sb	a5,66(a1)
800021ea:	4785                	li	a5,1
800021ec:	a25d                	j	80002392 <_printf_i+0x222>
800021ee:	419c                	lw	a5,0(a1)
800021f0:	4308                	lw	a0,0(a4)
800021f2:	0807f613          	andi	a2,a5,128
800021f6:	00450593          	addi	a1,a0,4
800021fa:	c20d                	beqz	a2,8000221c <_printf_i+0xac>
800021fc:	411c                	lw	a5,0(a0)
800021fe:	c30c                	sw	a1,0(a4)
80002200:	0007d863          	bgez	a5,80002210 <_printf_i+0xa0>
80002204:	02d00713          	li	a4,45
80002208:	40f007b3          	neg	a5,a5
8000220c:	04e401a3          	sb	a4,67(s0)
80002210:	0000c617          	auipc	a2,0xc
80002214:	a5460613          	addi	a2,a2,-1452 # 8000dc64 <__sf_fake_stdout+0x34>
80002218:	4829                	li	a6,10
8000221a:	a0a1                	j	80002262 <_printf_i+0xf2>
8000221c:	0407f613          	andi	a2,a5,64
80002220:	411c                	lw	a5,0(a0)
80002222:	c30c                	sw	a1,0(a4)
80002224:	de71                	beqz	a2,80002200 <_printf_i+0x90>
80002226:	07c2                	slli	a5,a5,0x10
80002228:	87c1                	srai	a5,a5,0x10
8000222a:	bfd9                	j	80002200 <_printf_i+0x90>
8000222c:	4190                	lw	a2,0(a1)
8000222e:	431c                	lw	a5,0(a4)
80002230:	08067513          	andi	a0,a2,128
80002234:	00478593          	addi	a1,a5,4
80002238:	c501                	beqz	a0,80002240 <_printf_i+0xd0>
8000223a:	c30c                	sw	a1,0(a4)
8000223c:	439c                	lw	a5,0(a5)
8000223e:	a039                	j	8000224c <_printf_i+0xdc>
80002240:	04067613          	andi	a2,a2,64
80002244:	c30c                	sw	a1,0(a4)
80002246:	da7d                	beqz	a2,8000223c <_printf_i+0xcc>
80002248:	0007d783          	lhu	a5,0(a5)
8000224c:	06f00713          	li	a4,111
80002250:	0000c617          	auipc	a2,0xc
80002254:	a1460613          	addi	a2,a2,-1516 # 8000dc64 <__sf_fake_stdout+0x34>
80002258:	0ee80463          	beq	a6,a4,80002340 <_printf_i+0x1d0>
8000225c:	4829                	li	a6,10
8000225e:	040401a3          	sb	zero,67(s0)
80002262:	4058                	lw	a4,4(s0)
80002264:	c418                	sw	a4,8(s0)
80002266:	00074563          	bltz	a4,80002270 <_printf_i+0x100>
8000226a:	400c                	lw	a1,0(s0)
8000226c:	99ed                	andi	a1,a1,-5
8000226e:	c00c                	sw	a1,0(s0)
80002270:	e399                	bnez	a5,80002276 <_printf_i+0x106>
80002272:	8ab6                	mv	s5,a3
80002274:	cf19                	beqz	a4,80002292 <_printf_i+0x122>
80002276:	8ab6                	mv	s5,a3
80002278:	0307f733          	remu	a4,a5,a6
8000227c:	1afd                	addi	s5,s5,-1
8000227e:	9732                	add	a4,a4,a2
80002280:	00074703          	lbu	a4,0(a4)
80002284:	00ea8023          	sb	a4,0(s5)
80002288:	873e                	mv	a4,a5
8000228a:	0307d7b3          	divu	a5,a5,a6
8000228e:	ff0775e3          	bgeu	a4,a6,80002278 <_printf_i+0x108>
80002292:	47a1                	li	a5,8
80002294:	00f81e63          	bne	a6,a5,800022b0 <_printf_i+0x140>
80002298:	401c                	lw	a5,0(s0)
8000229a:	8b85                	andi	a5,a5,1
8000229c:	cb91                	beqz	a5,800022b0 <_printf_i+0x140>
8000229e:	4058                	lw	a4,4(s0)
800022a0:	481c                	lw	a5,16(s0)
800022a2:	00e7c763          	blt	a5,a4,800022b0 <_printf_i+0x140>
800022a6:	03000793          	li	a5,48
800022aa:	fefa8fa3          	sb	a5,-1(s5)
800022ae:	1afd                	addi	s5,s5,-1
800022b0:	415686b3          	sub	a3,a3,s5
800022b4:	c814                	sw	a3,16(s0)
800022b6:	874e                	mv	a4,s3
800022b8:	86ca                	mv	a3,s2
800022ba:	0070                	addi	a2,sp,12
800022bc:	85a2                	mv	a1,s0
800022be:	8526                	mv	a0,s1
800022c0:	3355                	jal	80002064 <_printf_common>
800022c2:	5a7d                	li	s4,-1
800022c4:	0d451b63          	bne	a0,s4,8000239a <_printf_i+0x22a>
800022c8:	557d                	li	a0,-1
800022ca:	50b2                	lw	ra,44(sp)
800022cc:	5422                	lw	s0,40(sp)
800022ce:	5492                	lw	s1,36(sp)
800022d0:	5902                	lw	s2,32(sp)
800022d2:	49f2                	lw	s3,28(sp)
800022d4:	4a62                	lw	s4,24(sp)
800022d6:	4ad2                	lw	s5,20(sp)
800022d8:	4b42                	lw	s6,16(sp)
800022da:	6145                	addi	sp,sp,48
800022dc:	8082                	ret
800022de:	050582a3          	sb	a6,69(a1)
800022e2:	0000c617          	auipc	a2,0xc
800022e6:	98260613          	addi	a2,a2,-1662 # 8000dc64 <__sf_fake_stdout+0x34>
800022ea:	400c                	lw	a1,0(s0)
800022ec:	4308                	lw	a0,0(a4)
800022ee:	0805f813          	andi	a6,a1,128
800022f2:	411c                	lw	a5,0(a0)
800022f4:	0511                	addi	a0,a0,4
800022f6:	02080d63          	beqz	a6,80002330 <_printf_i+0x1c0>
800022fa:	c308                	sw	a0,0(a4)
800022fc:	0015f713          	andi	a4,a1,1
80002300:	c701                	beqz	a4,80002308 <_printf_i+0x198>
80002302:	0205e593          	ori	a1,a1,32
80002306:	c00c                	sw	a1,0(s0)
80002308:	4841                	li	a6,16
8000230a:	fbb1                	bnez	a5,8000225e <_printf_i+0xee>
8000230c:	4018                	lw	a4,0(s0)
8000230e:	fdf77713          	andi	a4,a4,-33
80002312:	c018                	sw	a4,0(s0)
80002314:	b7a9                	j	8000225e <_printf_i+0xee>
80002316:	419c                	lw	a5,0(a1)
80002318:	0207e793          	ori	a5,a5,32
8000231c:	c19c                	sw	a5,0(a1)
8000231e:	07800793          	li	a5,120
80002322:	04f402a3          	sb	a5,69(s0)
80002326:	0000c617          	auipc	a2,0xc
8000232a:	95260613          	addi	a2,a2,-1710 # 8000dc78 <__sf_fake_stdout+0x48>
8000232e:	bf75                	j	800022ea <_printf_i+0x17a>
80002330:	0405f813          	andi	a6,a1,64
80002334:	c308                	sw	a0,0(a4)
80002336:	fc0803e3          	beqz	a6,800022fc <_printf_i+0x18c>
8000233a:	07c2                	slli	a5,a5,0x10
8000233c:	83c1                	srli	a5,a5,0x10
8000233e:	bf7d                	j	800022fc <_printf_i+0x18c>
80002340:	4821                	li	a6,8
80002342:	bf31                	j	8000225e <_printf_i+0xee>
80002344:	4190                	lw	a2,0(a1)
80002346:	431c                	lw	a5,0(a4)
80002348:	49cc                	lw	a1,20(a1)
8000234a:	08067813          	andi	a6,a2,128
8000234e:	00478513          	addi	a0,a5,4
80002352:	00080663          	beqz	a6,8000235e <_printf_i+0x1ee>
80002356:	c308                	sw	a0,0(a4)
80002358:	439c                	lw	a5,0(a5)
8000235a:	c38c                	sw	a1,0(a5)
8000235c:	a801                	j	8000236c <_printf_i+0x1fc>
8000235e:	c308                	sw	a0,0(a4)
80002360:	04067613          	andi	a2,a2,64
80002364:	439c                	lw	a5,0(a5)
80002366:	da75                	beqz	a2,8000235a <_printf_i+0x1ea>
80002368:	00b79023          	sh	a1,0(a5)
8000236c:	00042823          	sw	zero,16(s0)
80002370:	8ab6                	mv	s5,a3
80002372:	b791                	j	800022b6 <_printf_i+0x146>
80002374:	431c                	lw	a5,0(a4)
80002376:	41d0                	lw	a2,4(a1)
80002378:	4581                	li	a1,0
8000237a:	00478693          	addi	a3,a5,4
8000237e:	c314                	sw	a3,0(a4)
80002380:	0007aa83          	lw	s5,0(a5)
80002384:	8556                	mv	a0,s5
80002386:	31c1                	jal	80002046 <memchr>
80002388:	c501                	beqz	a0,80002390 <_printf_i+0x220>
8000238a:	41550533          	sub	a0,a0,s5
8000238e:	c048                	sw	a0,4(s0)
80002390:	405c                	lw	a5,4(s0)
80002392:	c81c                	sw	a5,16(s0)
80002394:	040401a3          	sb	zero,67(s0)
80002398:	bf39                	j	800022b6 <_printf_i+0x146>
8000239a:	4814                	lw	a3,16(s0)
8000239c:	8656                	mv	a2,s5
8000239e:	85ca                	mv	a1,s2
800023a0:	8526                	mv	a0,s1
800023a2:	9982                	jalr	s3
800023a4:	f34502e3          	beq	a0,s4,800022c8 <_printf_i+0x158>
800023a8:	401c                	lw	a5,0(s0)
800023aa:	8b89                	andi	a5,a5,2
800023ac:	e78d                	bnez	a5,800023d6 <_printf_i+0x266>
800023ae:	47b2                	lw	a5,12(sp)
800023b0:	4448                	lw	a0,12(s0)
800023b2:	f0f55ce3          	bge	a0,a5,800022ca <_printf_i+0x15a>
800023b6:	853e                	mv	a0,a5
800023b8:	bf09                	j	800022ca <_printf_i+0x15a>
800023ba:	4685                	li	a3,1
800023bc:	8656                	mv	a2,s5
800023be:	85ca                	mv	a1,s2
800023c0:	8526                	mv	a0,s1
800023c2:	9982                	jalr	s3
800023c4:	f16502e3          	beq	a0,s6,800022c8 <_printf_i+0x158>
800023c8:	0a05                	addi	s4,s4,1
800023ca:	445c                	lw	a5,12(s0)
800023cc:	4732                	lw	a4,12(sp)
800023ce:	8f99                	sub	a5,a5,a4
800023d0:	fefa45e3          	blt	s4,a5,800023ba <_printf_i+0x24a>
800023d4:	bfe9                	j	800023ae <_printf_i+0x23e>
800023d6:	4a01                	li	s4,0
800023d8:	01940a93          	addi	s5,s0,25
800023dc:	5b7d                	li	s6,-1
800023de:	b7f5                	j	800023ca <_printf_i+0x25a>

800023e0 <_read_r>:
_read_r():
800023e0:	1141                	addi	sp,sp,-16
800023e2:	c422                	sw	s0,8(sp)
800023e4:	842a                	mv	s0,a0
800023e6:	852e                	mv	a0,a1
800023e8:	85b2                	mv	a1,a2
800023ea:	8636                	mv	a2,a3
800023ec:	8001aa23          	sw	zero,-2028(gp) # 90000074 <errno>
800023f0:	c606                	sw	ra,12(sp)
800023f2:	c84fe0ef          	jal	ra,80000876 <_read>
800023f6:	57fd                	li	a5,-1
800023f8:	00f51663          	bne	a0,a5,80002404 <_read_r+0x24>
800023fc:	8141a783          	lw	a5,-2028(gp) # 90000074 <errno>
80002400:	c391                	beqz	a5,80002404 <_read_r+0x24>
80002402:	c01c                	sw	a5,0(s0)
80002404:	40b2                	lw	ra,12(sp)
80002406:	4422                	lw	s0,8(sp)
80002408:	0141                	addi	sp,sp,16
8000240a:	8082                	ret
