:0200000480007A
:1000000073700430735040309711001093818185D4
:1000100017010110130101FF971200009382028C57
:100020007390523073F051301705000013058509A5
:1000300097050000938505096300B50217E60000E7
:100040001306C6BF63FAC5008322050023A055002E
:1000500011059105E3EAC5FE17E50000130505BE8D
:1000600097050010938505FA1386418163FAC50050
:100070008322050023A0550011059105E3EAC5FE82
:1000800013854181974500109385C5B06377B5000E
:10009000232005001105E36DB5FEEF007022171552
:1000A00000001305A5FDEF00907CEF104000EF006D
:0E00B000102B014581452920EF00D03801A01A
:1000C0007971172500001305E53B06D622D426D208
:1000D0004AD04ECE52CCEF10A014172500001305C5
:1000E000653DEF10E013A145172500001305053FFE
:1000F000EF10C0019545172500001305653FEF106F
:10010000E000172500001305E540EF106011B70768
:100110000040985BC167631AF76C17250000130550
:100120006541EF10E00F172500001305A541EF1002
:10013000200F17B800001308389E1736001013065A
:100140002627973800109388A85781471305400643
:100150009305F00F130746FEC28621A083C7060051
:100160008506B387A7020507B3C7B702A30FF7FE3B
:10017000E316C7FE71067108630516018347F8FF91
:10018000D1BF172500001305A53DEF106009F3242A
:1001900000B0973700109387E71F17170010130759
:1001A000671F973600109386E64F03A80700C843E1
:1001B0008C47D0472320070148C30CC750C7C1074D
:1001C0004107E394D7FE0563930903D8172800007D
:1001D000130808531947F1454EC09728000093882B
:1001E000A8508547954605467145EF00102617240F
:1001F00000101304241A2289A2850147170F00104A
:10020000130F0FF2930E00091948614E4E833346C7
:10021000070383C805008505B346D7033365070385
:1002200093971600B6978E0705073366C603931695
:100230003500AA969A06B697FA97B29723801701C7
:10024000E31767FC172500001305C535EF00507D47
:10025000973F0010938F0F45014F814E9709001073
:10026000938989ED9703001093830311930200365D
:10027000B388D9017E83338ED301138788FE1A8514
:10028000C6868305070003081700038606008387D8
:100290001600C2952E96B29789872300F5000907AC
:1002A00089060505E39FE8FC938808033103E3967C
:1002B000C8FD130F0F09938F0F09938E0E24E319B6
:1002C0005FFA172500001305652EEF0070751735CE
:1002D00000101305E53D971800109388080C01489D
:1002E00013030009930545FF46869307A6FF2E8753
:1002F00083460700850713070709A38FD7FEE31975
:10030000F6FE85051906E312B5FE3108310593881E
:100310008804E31968FC930700403EC017280000DA
:100320001308884B414719463145972800009388A8
:10033000A84685479546B145EF00301117260010B5
:100340001306460501471388C163130500409377E0
:10035000F700935677408E07B6978345060093566D
:1003600047408E079D8AC297B6972380B70005073E
:100370000506E31EA7FC172500001305A523EF00C3
:10038000306A973900109389E967973E0010938E81
:100390006E68938FC163014F114E930200049388DE
:1003A0000EFF7E83130683009A86014703850600AD
:1003B0000388160083050600830716004295AA9558
:1003C000AE978987B385E8002380F5000507890685
:1003D0000906E31DC7FD91084103E3951EFD110FBA
:1003E000C10E938F0F04E31C5FFA1725000013055D
:1003F000E51CEF00F062171800101308A8FA014579
:100400004143CE85428693884900930706FF2E8795
:100410008346070085074107A38FD7FEE31AF6FE40
:1004200085054106E39315FF1105130808046304CD
:100430006500AE89F9B7130A000297380000938867
:10044000A8CF17380000130828D7854713070002E4
:10045000914641469145114552C0EF00007F03236C
:10046000090083284900032889008325C900032641
:10047000090183264901032789018327C9019719A7
:1004800000109389E9E123A0690023A2190123A4A4
:10049000090123A6B90023A8C90023AAD90023ACC7
:1004A000E90023AEF900172500001305A511EF00A0
:1004B000305797580000938828D017580000130829
:1004C000A8D785471307000291464146914511453B
:1004D00052C0EF008077032E0900032349008328D0
:1004E00089000328C90083250901032649018326C1
:1004F00089010327C90197170010938767DC23A0A0
:10050000C70123A2670023A4170123A607018CCBF0
:10051000D0CB94CFD8CF172500001305E50BEF0003
:10052000305097780000938828D11778000013087E
:10053000A8D88547130700029146414691451145C9
:1005400052C0EF008070032E090003234900832866
:1005500089000328C9008325090103264901832650
:1005600089010327C90197170010938767D723A034
:10057000C70123A2670023A4170123A607018CCB80
:10058000D0CB94CFD8CF1725000013056506EF0018
:100590003049614397980000938808D2179800006B
:1005A000130888D7854761479146414691451145D3
:1005B0001AC0612D03274901832809000328490037
:1005C000832589000326C900832609019717001097
:1005D000938707D3D8CB23A0170123A207018CC789
:1005E000D0C794CB1725000013050502EF00504338
:1005F00097170010938707DA171700101307C7D152
:1006000003A8090003A5490083A5890003A6C90022
:1006100083A6090123A00701C8C38CC7D0C794CB08
:10062000D109D107E39EE9FC930740053EC01307BB
:1006300040058547854697A800009388E87E17B84F
:100640000000130868931306800785450545F52BC0
:1006500097270010938707D4171700101307C7CBED
:1006600097260010938606D803A80700C8438C4736
:10067000D0472320070148C30CC750C7C107410713
:10068000E394D7FE9C4317250000130565F91CC3AE
:10069000EF00103997170010938707C81713001041
:1006A000130343CF17170010130707CC8843CC431D
:1006B0009047D4472320A3002322B3002324C30060
:1006C0002326D300C1074103E392E7FE03AE0700F0
:1006D000A9473EC017D80000130888028147294760
:1006E00097D80000938848FF854613064005854546
:1006F00005452320C301912B17190010130909C7C1
:1007000017170010130707C94A88CA878306040011
:100710009107050423AED7FEE31AF7FEF32700B0D6
:1007200017170010130787C4B38497408145854786
:1007300001462945B306C8008328470094421107A3
:1007400063D51601BE85139627008507E394A7FE9F
:1007500017250000130545EDEF00501B172500007D
:10076000130505EEEF00D02B0144172A0000130AF1
:10077000AAEEA94903260900A28552850504EF00C7
:10078000F0181109E31834FF17250000130505EED2
:10079000EF001029A68517250000130525EFEF00AF
:1007A000F016170400101304248C0C4017250000C9
:1007B000130505EFEF009015104001EA1725000022
:1007C0001305C5F0EF00D02501A01305803EB3B599
:1007D000A40281463385A4021D2BAA85172500009B
:1007E000130585EDEF009012D1BF1725000013050A
:1007F000E5D7EF00F02201A0A54723AAF1807D559F
:1008000082807D15854763E6A7008967DCC10145C5
:100810008280A54723AAF1807D558280054582808C
:100820000145828019C17D55828041113735011003
:1008300022C406C62E84AD2A2300A400B24022445E
:10084000054541018280170700101307A7811C434B
:1008500097360010938606343E95636BD50097F665
:100860000010938626FA63E5A60008C33E858280C1
:10087000FD573E858280011122CC4EC606CE26CA87
:100880004AC82E84B289EF00301A29C533093401D1
:10089000A944639909003DA0050437350110FD28DE
:1008A0006302240383450400E39895FEB54537357C
:1008B0000110ED2083450400373501100504F928A7
:1008C000E31224FF4E85F2406244D2444249B249C9
:1008D000056182807D55C5BF5D7106C012C216C418
:1008E0001AC61EC82ACA2ECC32CE36D03AD23ED430
:1008F00042DC46DEF2C0F6C2FAC4FEC6F322103471
:1009000016D6F322203416D8F322003016DA7325D7
:1009100020348A856D2AB25273901234C252739079
:100920002234D2527390023082401242A2423243A9
:10093000C2435245E245724682561257A257625848
:10094000F258064E964E264FB64F61617300203026
:10095000AA8711C5584D0145D98DCCCF82807D55D0
:100960008280AA8715C917F7FF0F0327E76FB355D2
:10097000B7021307000858C50145FD1513D78500B8
:100980001377F70FD8C393F5F50F8CC31307600CDB
:1009900098C70D47D8C782807D55828001C95C49C0
:1009A00093F70702EDDF0CC1014582807D558280FF
:1009B00001C95C49858BF5DF08411375F50F82800D
:1009C0001305F00F8280B7C7000203A787FF83A734
:1009D000C7FF411106C622C426C2BA86B7C50002A7
:1009E00003A785FF83A7C5FFBA87732600B0E389F5
:1009F000E6FEB7C6000203A486FF83A4C6FF1D8CD3
:100A0000732700B0E369A4FEB304C740B3F58402C2
:100A1000228681461395F500C581D52C33D78402F3
:100A2000B2402244924441013E073A9582804111EE
:100A3000054506C6493FB24013054006410161B76E
:100A4000411122C42A84172500001305259706C6E4
:100A5000EF00007DA28517250000130565977D2511
:100A6000F325103417250000130585974525F32538
:100A70003034172500001305A597492D01A0411119
:100A800022C42A84172500001305859706C6EF00A7
:100A90002079A2851725000013058593852DF32560
:100AA0001034172500001305A5938D25F325303448
:100AB0002244B24017250000130585934101B9A5D2
:100AC000B7B7C4049387074023A2F1808280411105
:100AD0009317450106C622C4D183635105022D47F1
:100AE0006383E7048A0713874182BA979C4391C3C3
:100AF0008297B240224401454101828029462A87DB
:100B0000AE86636BF6008A071386C184B2979C4356
:100B1000EDD3B6853A85E9BF97070000938787F242
:100B2000B6853A85F1B7F32740F13707200CB207B5
:100B30001107BA978043C147E3ED87FA13172400E2
:100B400093878187BA979C4391C38297F32740F19B
:100B50003707200CB2071107BA9780C359BF41115C
:100B600006C622C4E935AA8713844180B70503006D
:100B7000372501101CC0E93BF16593850520373509
:100B80000110C533172600001306C68897250000FC
:100B9000938505891725000013054589852B972521
:100BA00000009385258B172500001305E58AB92BD6
:100BB0000C40172500001305658B892B9706000054
:100BC000938646E89387C1841387818794C39107EE
:100BD000E39EE7FE170700001307A7EA93878187C4
:100BE0009386C18B98C39107E39EF6FE938741825B
:100BF0009386C18498C39107E39ED7FE3706000C05
:100C00008146B728000C05484545F32740F19E076B
:100C1000C6978C433317D8001347F7FF6D8F98C3DF
:100C20002320060085061106E391A6FEF32740F176
:100C30003707200CB2402244B207BA9723A007001E
:100C4000410182808280828082803303B502939E3C
:100C50008601131E0601370F0040336EDE01939E9E
:100C6000850093953701B947336EAE0002453303D3
:100C7000C3022320FF00B7070200336EDE01938713
:100C80000710D98D232ACF01DD8D97070010938798
:100C90006770232CBF003E93370E0040838507000A
:100CA00085072326BE00E39B67FEB386D602B70501
:100CB0000040B387C602B387E702C29783060800E5
:100CC000050894C5E39C07FF0A074697B70600404E
:100CD00083A7080091089CCAE31C17FF85479CC2A4
:100CE000370700405C43898BF5DF232007008147ED
:100CF000171700101307076AB7060040DCCE9052A2
:100D000085070507A30FC7FEE39AA7FE8280AA887E
:100D1000AE873288368546836396062097D60000D4
:100D2000938686D263FFC50A41676375E60A130797
:100D3000F00F3337C7000E073355E600AA9683C677
:100D40000600130500023697B306E540630BE50085
:100D5000B395D70033D7E8003318D600D98D339335
:100D6000D80093580801B3D6150313160801418221
:100D70009357030133F715033685B305D6024207AF
:100D8000D98F63FCB700C2971385F6FF63E70701AD
:100D900063F5B7001385E6FFC2978D8F33F717030E
:100DA000420313530301B3D71703420733636700AA
:100DB000B306F6023E86637BD30042931386F7FFA9
:100DC000636603016374D3001386E7FF4205518D08
:100DD00081455DA8370500014147E36FA6F46147EF
:100DE000A1BF01E605473358C7024167637FE808A2
:100DF0001307F00F6373070121453357A800BA9614
:100E000003C70600130600022A97B306E6406315DF
:100E1000E608B38707418545935808011316080172
:100E2000418213570301B3F61703B3D71703C20662
:100E3000558F330EF6023E85637CC70142971385BA
:100E4000F7FF636707016375C7011385E7FF4297E3
:100E50003307C741B37717034203135303013357D3
:100E60001703C20733E36700B306E6023A86637BE3
:100E7000D30042931306F7FF636603016374D30044
:100E80001306E7FF4205518D828037070001414577
:100E9000E365E8F6614595B73318D80033D5E70028
:100EA0003393D800B397D70033D7E800935808019D
:100EB0003366F7003377150393170801C183935501
:100EC00006013355150342074D8FB386A702AA8545
:100ED000637CD70042979305F5FF6367070163754D
:100EE000D7009305E5FF4297B306D74033F71603C3
:100EF00042064182B3D6160342073385D702B36751
:100F0000C700368763FCA700C2971387F6FF63E725
:100F1000070163F5A7001387E6FFC297C205898F13
:100F2000D98DDDBD63E2D514416763FFE602130787
:100F3000F00FB335D7008E0533D5B60017D70000B4
:100F4000130787B02A9703470700130500022E975F
:100F5000B305E5406311E5020545E3E7F6F233B575
:100F6000C800134515000DB737070001C145E3E57B
:100F7000E6FCE145D1B73358E600B396B6003368D6
:100F8000D80033D3E700935E0801B376D303B39759
:100F9000B70033D7E800331EB6003366F700931767
:100FA0000801C183135706013353D303C206558F7B
:100FB000338F67021A85637CE70142971305F3FFBD
:100FC000636707016375E7011305E3FF4297330782
:100FD000E741B376D7033357D703C2063383E7021B
:100FE00093170601C183D58F3A8663FC6700C297C9
:100FF0001306F7FF63E7070163F567001306E7FFD2
:10100000C2974205C16E518D9386FEFF13560E01A5
:1010100013580501B38767403373D500B376DE00FC
:10102000330ED302B306D80213570E013303C302A3
:1010300036931A973308C8026373D700769893568D
:101040000701369863E00703E39407D9C167FD17EA
:101050007D8F4207337EFE00B398B80072978145BA
:10106000E3F4E8E27D15ADB38145014531BDAA85C4
:10107000814601460145B5AE411122C426C217D4AE
:1010800000001304A4BB97D40000938424BB058CF8
:1010900006C6098411E4B240224492444101828090
:1010A0007D1493172400A6979C438297E5B74111BE
:1010B00022C426C217D40000130444B897D40000F9
:1010C0009384C4B7818C4AC006C6898401496315DC
:1010D000990217D40000130464B697D400009384D7
:1010E000E4B5818C89840149631D9900B240224492
:1010F00092440249410182801C40050911048297F3
:10110000F9B71C40050911048297F9BF5D7122D41B
:1011100006D62A842EDA32DC36DEBAC0BEC2C2C49B
:10112000C6C603A5818011C51C4D81E72AC6712B57
:1011300032450C455418228636CEEF001027B250A7
:10114000225461618280011126CA4AC806CE22CC8F
:101150004EC652C4AA842E8901C51C4D91E3B52305
:101160009C4C804499E326858D2397D70000938774
:10117000A79F631CF402C0408357C400A18BB1C772
:101180001C48A1C7FD59294A1C4483450900FD1785
:10119000B1E91CC463DE07062286A94526857920AD
:1011A000FD576308F502294535A097D700009387BE
:1011B000A79D6314F4008044C1B797D700009387BC
:1011C000A798E31BF4FAC04445BFA2852685392AB7
:1011D00055D97D55F2406244D2444249B249224A2F
:1011E000056182801CC4050963D70700184C63CBD6
:1011F000E700638945011C401387170018C023804E
:10120000B70059B7228626851520E31F35F7D1B7D9
:101210001C401387170018C029472380E70061B7D7
:10122000AA8503A5818005B76FF04FDF011122CC9D
:1012300026CA4AC806CE4EC6AA842E89328401C563
:101240001C4D91E3592197D700009387E7916319CB
:10125000F406C0401C4C1CC48357C400A18BC9C3F6
:101260001C48BDCF1C4808409379F90F1379F90F3A
:101270001D8D5C486346F500A2852685152E2DE55B
:101280001C440505FD171CC41C401387170018C01B
:10129000238037015C486389A7008357C400858B8E
:1012A00081CBA9476316F900A285268511260DED8D
:1012B000F2406244D244B2494A8542490561828083
:1012C00097D700009387478C6314F400804459B784
:1012D00097D7000093874787E31EF4F6C0449DBF6D
:1012E000A285268521203DDD7D59D9B7411122C433
:1012F00026C24AC006C683A481802A892E8489C456
:101300009C4C99E32685D12697D700009387C78503
:101310006317F402C0408317C4001397070193F6C4
:1013200087004183ADEA9376070195EA254723209C
:10133000E90093E707042316F4007D5571A897D7B9
:101340000000938767846314F4008044E9B797C76B
:1013500000009387677FE310F4FCC0446DBF118BDE
:101360000DC74C5889C9930744046384F5004A8526
:101370008525232A04028357C4002322040093F7FF
:10138000B7FD2316F4001C481CC08357C40093E724
:1013900087002316F4001C4881EF8357C40013070D
:1013A000002093F707286385E700A2854A85F9297D
:1013B0008317C4001397070193F6170041839DC25A
:1013C000544823240400B306D04014CC14480145EB
:1013D00081E61377070831FFB24022449244024964
:1013E0004101828093762700014691E2504810C463
:1013F000F1BFAA88138581811C4191EF1727001046
:101400001307477018C113050000BA8709C51C41AE
:101410002324F708BA87D8437D487D556346E804FE
:10142000638D080203A887086300080413152700CA
:10143000429510C10323081005463316E6003363B6
:10144000C300232068102320D50889466397D8005D
:1014500083264810558E2322C810930617000A07CA
:10146000D4C3BA978CC70145828083D7C5000111C8
:1014700022CC26CA06CE4AC84EC613F78700AA84D5
:101480002E8475E3D8416347E000B8416344E0002F
:10149000014575A858546DDF856603A90400F58FD2
:1014A00023A00400A5CF68488357C400918B99C737
:1014B0005C401D8D5C5899C33C401D8D5C540C50A4
:1014C0002A86814626858297FD570357C400631DEF
:1014D000F5009440F54763E3D708B7074020850738
:1014E000B3D7D700858BBDCB1C48232204001CC07A
:1014F00085677D8F19C7FD576314F5009C4091E304
:1015000068C84C5823A02401C1D5930744046384C0
:10151000F50026857529232A04029DBF0C508546B7
:10152000014626850297FD57E310F5F89C40ADDF94
:1015300075476385E70059476395E70023A02401B9
:1015400081BF8357C40093E707042316F400F240D9
:101550006244D2444249B24905618280136707045C
:101560002316E400EDB783A90501E38309F203A97B
:1015700005008D8B23A0350133093941014791E3E3
:10158000D84918C4E35620F11C540C50CA864E8624
:1015900026858297634AA0008357C4007D5593E750
:1015A00007042316F40065B7AA993309A940D9BFE7
:1015B0009C49B9CF011122CC06CE2A8411C51C4DFD
:1015C00081E72EC61922B24597C700009387C759F5
:1015D000639BF5004C408397C50095C72285624404
:1015E000F240056159B597C700009387E7596394A6
:1015F000F5000C44CDB797C700009387E754E39CF0
:10160000F5FC4C44C9BFF24062440145056182804B
:1016100001458280411122C406C62A842316B500E2
:101620002317C500232005002322050023240500DD
:101630002322050623280500232A0500232C050064
:10164000214681451305C505C524971700009387DA
:10165000C7815CD097170000938727841CD4971705
:101660000000938767885CD4971700009387278BC7
:10167000B24000D01CD8224441018280970500006E
:10168000938545F391A2411126C2130680069384E7
:10169000F5FFB384C4024AC02E8922C406C69385CE
:1016A0004407F1262A8419C9232005002322250195
:1016B000310508C4138684068145BD24B2402285C5
:1016C000224492440249410182801C4DADE3411104
:1016D00022C406C697070000938787FA1CD52324E7
:1016E0000504232605042328050483A701812A84F1
:1016F0006314F50085471CCD22851D2848C022852E
:10170000052808C422852D2048C44840014691453B
:10171000113708440546A545F53D48440946C945E5
:10172000D53D8547B2401CCC224441018280828055
:10173000411126C283A401819C4C4AC006C622C422
:101740002A8999E326855137938484048044DC40B8
:10175000FD1763D607009C40B1CF8440C5BF031777
:10176000C40031E7C1778507232204062320040043
:1017700023220400232404005CC423280400232A19
:101780000400232C0400214681451305C405692A61
:10179000232A0402232C0402232404042326040401
:1017A000B2402285224492440249410182801304BE
:1017B000840679BF91454A85F93588C02A8451FD50
:1017C000B1472320F900E9BF797122D44AD04ECE27
:1017D00052CC5AC85EC606D626D256CA2A892E8A46
:1017E000130485048149054BFD5B0444832A4400AE
:1017F000FD1A63D00A0200406DF8B2502254925490
:101800000259624AD24A424BB24B4E85F249456177
:10181000828083D7C400637BFB008397E4006387E7
:101820007701A6854A85029AB3E9A90093848406C4
:10183000C1B75971CAD02E898395E500A2D4A6D22A
:1018400086D63284B68463DC05008317C90023A0E2
:10185000040093F707088DE39307004005A03000CC
:10186000112FE34405FE3247BD67F98F7977BA97A8
:1018700093B717009CC0CDB793070004B6501CC0A7
:1018800026549654065901456561828083D7C50068
:10189000011122CC06CE26CA4AC8898B2E8489CF54
:1018A000930774041CC01CC885475CC8F24062449E
:1018B000D244424905618280740030002A89953FF4
:1018C000A245AA844A85652201ED8317C40013F757
:1018D000072069FFF19B93E727002316F400C9B79F
:1018E000970700009387C7D92324F9028357C400C0
:1018F00008C008C893E707082316F400A2475CC88D
:10190000B24789CF8315E4004A85512D01C9835719
:10191000C400F19B93E717002316F4000355C4009D
:10192000C98C2316940059B73D432A876373C302B9
:101930009377F700BDEFADE5937606FF3D8ABA9643
:101940000CC34CC30CC74CC74107E36BD7FE11E275
:101950008280B306C3408A0697020000969667808D
:10196000A6002307B700A306B7002306B700A30508
:10197000B7002305B700A304B7002304B700A303EF
:10198000B7002303B700A302B7002302B700A301E7
:10199000B7002301B700A300B7002300B70082807F
:1019A00093F5F50F93968500D58D93960501D58D0A
:1019B00061B7939627009702000096968682E7808B
:1019C00086FA9680C1171D8F3E96E374C3F8A5B7BB
:1019D000D1CD83A7C5FF011122CC06CE1384C5FF4C
:1019E00063D307003E942AC615251387C1811C4383
:1019F000324581EB2322040000C36244F2400561BA
:101A000039A5637DF4001040B306C4006396D70087
:101A10009443DC43B29614C05CC0F9BF3E87DC43FC
:101A200099C3E37DF4FE14433306D700631F860099
:101A30001040B29614C33306D700E390C7FC90431E
:101A4000DC43B29614C35CC34DBF6375C400B14799
:101A50001CC165B71040B306C4006396D700944319
:101A6000DC43B29614C05CC040C341BF8280011108
:101A700026CA93843500F1984AC806CE22CC4EC6B9
:101A8000A104B1472A8963F0F404B14463EFB402BE
:101A90004A85AD2B9386C18198423A8431E0138404
:101AA00001821C4089E781454A85512E08C0A685E0
:101AB0004A857126FD5963183507B1472320F9007F
:101AC0004A85B12331A0E3D304FCB1472320F900B8
:101AD0000145F2406244D2444249B24905618280E4
:101AE0001C40858F63CE07022D466376F6001CC02E
:101AF0003E9404C029A05C40631287029CC24A85C0
:101B000039231305B4009307440061993307F54066
:101B1000E301F5FC3A94898F1CC065BF5CC3C5B76F
:101B200022874040A5BF130435007198E30385FC6C
:101B3000B305A4404A852126E31D35FBBDBF1C46E5
:101B4000FD171CC663DA0700184E63C5E700A947F6
:101B50006394F5006FF08FED1C422E8513871700FC
:101B600018C22380B7008280011122CC26CA4AC83D
:101B70004EC652C406CE2A89AE893284B304D6003A
:101B80007D5A63149400014509A8834504004E86DC
:101B90004A8575370504E31645FFF2406244D24496
:101BA0004249B249224A05618280357122CD26CB55
:101BB0004AC94EC706CF52C556C35AC1DEDEE2DC63
:101BC000E6DAAA89AE843289368401C51C4D91E3D8
:101BD000ED3C97C70000938727F9639BF40C83A41F
:101BE000490083D7C400A18BF5C79C48E5C793077C
:101BF0000002A304F1029307000302D22305F102BD
:101C000022C6930B500297CA0000938AEAF9054C4A
:101C1000294B4A848347040099C36390770FB30C20
:101C20002441630D2401E6864A86A6854E852D3F14
:101C3000FD576304F51E9257E6973ED28347040092
:101C4000638D071CFD571309140002C802CE3ECA5B
:101C500002CCA309010482D48345090015465685A8
:101C6000492EC2471304190059E913F7070109C7A0
:101C700013070002A309E10413F7870009C713073C
:101C8000B002A309E104834609001307A0026380A0
:101C9000E608F2474A848146254603470400930537
:101CA0001400130707FD6379E60AB5CA3ECE85A87E
:101CB00097C70000938747ED6395F40083A48900DC
:101CC0000DB797C70000938727E8E39CF4F083A43F
:101CD000C90001BFA6854E85EFF04FE109D97D55BA
:101CE000FA406A44DA444A49BA492A4A9A4A0A4BAB
:101CF000F65B665CD65C0D618280050421BF33050E
:101D000055413315AC00C98F3EC82289B1B732475F
:101D100093064700184336C6634907023ACE034785
:101D200004009307E002631FF704034714009307BE
:101D3000A002631BF702B2470904138747009C43C4
:101D40003AC663C107023ECA35A83307E04093E7AD
:101D500027003ACE3EC8E1B7B38767032E84854695
:101D6000BA9725BFFD57C5B7050402CA814681470A
:101D700025460347040093051400130707FD637409
:101D8000E606F1F2834504000D4617C50000130571
:101D900025E2852411CD97C70000938767E11D8D4B
:101DA00093070004B397A700424505045D8D2AC838
:101DB00083450400194617C500001305A5DF130964
:101DC00014002304B10235242DC19307000095E7C8
:101DD0004247B2471377071009CF91073EC6925783
:101DE000D2973ED23DB5B38767032E848546BA9716
:101DF00049B79D07E19BA107D5B77800970600007A
:101E00009386C6D626860C084E8597000000E7000C
:101E10000000FD572A8AE314F5FC83D7C40093F72A
:101E20000704E39E07EA125565BD78009706000097
:101E30009386C6D326860C084E85CD24D9BF411182
:101E400022C42A842E8523AA018006C6EFE0BF9F04
:101E5000FD576316F50083A7418191C31CC0B240B2
:101E6000224441018280411122C42E848395E500E1
:101E700006C6292B634905007C48AA977CC8B24056
:101E80002244410182808357C4007D777D17F98FFA
:101E90002316F400EDB783D7C500011122CC26CA62
:101EA0004AC84EC606CE93F70710AA842E843289FC
:101EB000B68991C78395E500894601462922835753
:101EC000C4007D777D17F98F8315E4002316F40095
:101ED0006244F240CE864A86B24942492685D244BF
:101EE00005613DA8411122C42E848395E50006C6F4
:101EF000D928FD570357C400631BF500FD77FD1774
:101F0000F98F2316F400B240224441018280856794
:101F1000D98F2316F40068C8FDB78395E5003DA06E
:101F2000411122C42A842E85B285368623AA0180D7
:101F300006C6EFE05F94FD576316F50083A7418165
:101F400091C31CC0B240224441018280411122C48D
:101F50002A842E8523AA018006C6EFE0FF89FD575B
:101F60006316F50083A7418191C31CC0B24022448F
:101F700041018280411122C42A842E85B28523AA80
:101F8000018006C6EFE0FF87FD576316F50083A7C3
:101F9000418191C31CC0B240224441018280411161
:101FA00022C42A842E8523AA018006C6EFE01F875B
:101FB000FD576316F50083A7418191C31CC0B24051
:101FC000224441018280411122C42A842E85B28597
:101FD000368623AA018006C6EFE09F84FD5763166C
:101FE000F50083A7418191C31CC0B2402244410146
:101FF000828093F5F50F2A966314C500014582800F
:1020000083470500E38DB7FE0505FDB7828082801A
:10201000797152CC9C493A8A984522D426D24ECE28
:1020200056CA06D64AD05AC85EC6AA892E84B28439
:10203000B68A63D3E700BA879CC00347340419C348
:1020400085079CC01C4093F7070281C79C40890705
:102050009CC00329040013796900631A0900130B5B
:102060009401FD5B5C449840998F634CF90483476D
:102070003404B336F0001C4093F70702A5EB1306B7
:102080003404D6854E85029AFD576303F5041C403F
:1020900011469840998B544481446397C700B38498
:1020A000E64063D3040081441C4418486354F7009D
:1020B000998FBE94014969047D5B639824050145AD
:1020C00009A885465A86D6854E85029A631E7501F3
:1020D0007D55B250225492540259F249624AD24A72
:1020E000424BB24B456182800509ADBF3307D40036
:1020F00013060003A301C704034754049387160083
:10210000A2978906A381E7049DBF85462286D685CE
:102110004E85029AE30E65FB050945B7797122D415
:1021200026D24AD04ECE06D652CC56CA5AC803C87A
:10213000850193078007AA842E843289B68963EECD
:102140000701930720069386350463ED07016305B5
:10215000081C93078005630AF812930A24042301DC
:10216000040515A89307D8F993F7F70F5546E366CA
:10217000F6FE17C600001306E6A68A07B2979C4330
:10218000B29782871C43938A2504938647009C4319
:1021900014C32381F50485475DA29C41084313F6CF
:1021A0000708930545000DC21C410CC363D8070006
:1021B0001307D002B307F040A301E40417C60000E0
:1021C0001306C69F2948A1A013F607041C410CC39F
:1021D00071DEC207C187D9BF90411C431375060841
:1021E0009385470001C50CC39C4339A013760604B0
:1021F0000CC37DDA83D707001307F00617C600006B
:102200001306C69B6304E80E2948A3010404584042
:1022100018C4634507000C40ED990CC099E3B68AD9
:1022200019CFB68A33F70703FD1A32970347070021
:102230002380EA003E87B3D70703E37507FFA14772
:10224000631EF8001C40858B91CB58401C4863C727
:10225000E70093070003A38FFAFEFD1AB3865641E9
:1022600014C84E87CA867000A285268555337D5ACC
:10227000631B450D7D55B250225492540259F249C8
:10228000624AD24A424B45618280A382050517C645
:1022900000001306A6920C40084313F805081C41E1
:1022A0001105630D080208C313F7150001C793E574
:1022B00005020CC04148B1FB18401377F7FD18C068
:1022C000A9B79C4193E707029CC193078007A3022B
:1022D000F40417C600001306A68F75BF13F8050493
:1022E00008C3E30308FCC207C1837DBF214831BF97
:1022F00090411C43CC4913780608138547006306B8
:10230000080008C39C438CC301A808C313760604C5
:102310009C4375DA2390B70023280400B68A91B74E
:102320001C43D04181459386470014C383AA07000C
:102330005685C13101C53305554148C05C401CC8B4
:10234000A301040439BF14485686CA85268582999C
:10235000E30245F31C40898B8DE7B2474844E35CB8
:10236000F5F03E8509BF85465686CA852685829941
:10237000E30265F1050A5C443247998FE345FAFEB2
:10238000E9BF014A930A94017D5BF5B7411122C46C
:102390002A842E85B285368623AA018006C6EFE000
:1023A0006FC8FD576316F50083A7418191C31CC018
:0823B000B24022444101828089
:1023B8005472617020696E20457863657074696F26
:1023C8006E0D00004D43415553453A203078256C39
:1023D800780D0A004D45504320203A203078256C6E
:1023E800780D0A004D5456414C203A203078256C1F
:1023F800780D0A005472617020696E20496E746508
:1024080072727570740D000031363A30323A3539CF
:10241800000000004F63742020352032303236002F
:1024280048756D6D696E67426972642053444B202C
:102438004275696C642054696D653A2025732C20B7
:1024480025730D0A00000000494C4D00446F776E5B
:102458006C6F6164204D6F64653A2025730D0A0026
:10246800435055204672657175656E637920256CF9
:102478007520487A0D0A00000A3D3D3D3D3D204C3F
:10248800654E65742D3520494E5438204861726474
:102498007761726520496E666572656E6365203D79
:1024A8003D3D3D3D00000000436F72653A205256A5
:1024B80033324920284532303329202B20434E4ED1
:1024C80020416363656C657261746F72000000007F
:1024D8005175616E742073686966743A2025640AC0
:1024E800000000005465737420696D6167653A20C7
:1024F8004D4E495354207265616C20646967697454
:102508002025640A0000000043353A203420736512
:10251800676D656E7473202833322B33322B333258
:102528002B32342900000000434E4E2056455253AA
:10253800494F4E204F4B0000496E697469616C69C0
:102548007A696E67207465737420646174612E2ED5
:102558002E000000496E697420646F6E652E0000BD
:102568004552524F523A20434E4E205645525349F7
:102578004F4E20213D2030783030303130303030EF
:102588002C20627269646765206E6F7420776F72A1
:102598006B696E6721000000433120646F6E65002F
:1025A800533220646F6E6500433320646F6E65009C
:1025B800533420646F6E650043356120646F6E6527
:1025C80020286F6320302E2E3331290043356220B6
:1025D800646F6E6520286F632033322E2E363329C0
:1025E8000000000043356320646F6E6520286F6328
:1025F8002036342E2E39352900000000433564205A
:10260800646F6E6520286F632039362E2E3131397C
:1026180029000000463620646F6E65000A50726516
:1026280064696374656420636C6173733A2025641C
:102638000A00000046696E616C206F7574707574CD
:102648002073636F7265733A000000002020636C8A
:102658006173735B25645D203D2025640A000000DA
:102668000A3D3D3D3D3D2042656E63686D61726B7C
:1026780020526573756C74203D3D3D3D3D00000062
:10268800546F74616C206379636C65733A202575A7
:102698000A000000435055204672657175656E63E7
:1026A800793A20257520487A0A000000546F746131
:1026B8006C2074696D653A202575206D730A0000D9
:1026C8003D3D3D3D3D2042656E63686D61726B2006
:1026D800446F6E65203D3D3D3D3D0A0059020000B6
:1026E8000A0B00009B0000007C000000470500006A
:1026F80045130000DEF5D5E1D627CAB50A03FB1459
:102708009D8D17362638E524DD32323BED3DFF300E
:1027180045FB25D0A7D15904F79FAEEF7851DECD00
:10272800F357473AF910FE443E44B93E064746F48B
:102738002FCB81FC19304EC400E3430B16E91A6114
:102748001D123F0F193B5448FC645373450738A0CA
:10275800BEFD2CF411A919CD1602581A55F6FBFE28
:1027680027355C49D4F4514C6333FEF2DCC9FAB81E
:10277800C8B503A753A6BFF43E2B77E5B4F258219A
:1027880043E4D8FB4E523C1DC3C20000D1020000F6
:1027980008FDFFFF530400007EFAFFFF93090000C5
:1027A800FC070000B5FFFFFFE20000002107000062
:1027B80044FBFFFF85FDFFFFED0700004E0400000E
:1027C80041010000C6070000D8F3FFFFF806FB141C
:1027D800FC1BE90C0A0FFEFEFB04ED03ED000423CD
:1027E8001000FE0C07FEEC02F30EFDD0E2F2F3152A
:1027F800EC1F070316071BECF600ED050C1204226C
:102808001509EF0602FE0D07FE0D061106FDFA1862
:102818000500F4FBFE05041009E9080DFAEA06169E
:102828000CFA07F513FE0BFFF8F6F8150515111C41
:10283800F30D05F215FF02E9061505FDEF07FE4F3A
:1028480003FAF9160304F703FA10F7C4FD1408296C
:102858000720F0031FFE01E4031BEBB91518082934
:10286800F9FCECFDEBF3EAF0FC0809E514EDEE17D2
:10287800F80400FFEF07F9EA04F1F909FA040B1C60
:1028880013FBEE0303FF03F60FFFFEF3FA10FCE45D
:102898000C20FADE2105E3F10C0BF500FA07F1082C
:1028A800F702FD22DDFFF10AF2FDEA08E80D09E76B
:1028B8000D20E8F425F8F0E9F3F9DFFB0101E7E47E
:1028C800F1EBEBF10BF4F8F909F70407030CF7FF48
:1028D8000BFEF0FA0D09150003F3F5F80C05FB08DB
:1028E8001202F300F9F405F70CF2FFE5F310F5CB4B
:1028F800FA180BE427FDE8E8FAFAE61514FFF613D0
:102908002606115AE4FAF5070A01F545130FEFAE4A
:10291800262A19F51907E0F5F20FCF2FFA01E3A4DB
:1029280000E7ED0718EE0B0919FDF00DED0D08E5B0
:10293800FAF1EC140FF816FB09EEEBE6F608EFE2F5
:10294800FEFBE9F3F90213F907F4FCFFEE05E1F1E8
:102958000206F70C2A020DF4F0F5F2090FC6073F3C
:102968002DFC3A35EA00F901E9E20C4001E8EEFDF8
:10297800181A2F0720FB0604F307E029FCF0F6FBE2
:10298800FFF1EE1B15FC230DFEEEE6FC0012FBC06A
:102998000200E4070EEF2819F6FBE70702080AE031
:1029A80009F7F3120EF628FC0DF4F8F61B1908F8CF
:1029B8000A0F1603DF000B1000EE15FED3190635BB
:1029C80019F10613E9F6070DED0AD6B2ED1EFB194B
:1029D80011DE19FAF5F40D0BF00FF1E4F3161321DB
:1029E80008100B0C09F213FEF30BEDFAEFF8020BCB
:1029F8000619F7FA19FE06FBF1F4F20DFBF30E18AF
:102A0800F70BF90817F70EF7EEF40AFA1103180393
:102A180016101BECF9070A08FC000800EF19EC4D2A
:102A28003505DD19D1FB12FFDF07DBEE0D2C162073
:102A380039FC00F1CFFBFC05FF19F5F1040F091271
:102A48000D1D00F115F6FDE7FC1F0DDEF5FE0D1658
:102A5800052401EB240608D90205FEE8F10A01184D
:102A6800FD06F9080F0513FDF10AF6EC0108290027
:102A7800080F22D9F801EBF80FFE0C100AFAE3E769
:102A88001EE9F1FFC8F7D4F2D900F530110C08ECB3
:102A980038F809E4DEEFEE18F20BF920FBF4FDC676
:102AA800F9210ADE16F3DDF4FB06FC05EE140AEA4A
:102AB8001A1CFEF02807EEF40C00FAE7F4021401E1
:102AC800FD0FF6FC15F6FE06F50EF4DFEC0516EC28
:102AD800012114CB0407E503060E0F0709E1C9001D
:102AE80010D33322EE03FAEFE5F0FF650EECE4BCF9
:102AF8001EEF1CCBF105D40B04F81E47EBFBDCB230
:102B08000E1E1D061FF0F7E30DF0F521052502C284
:102B1800151E0CF216FBEDF9FF08F0090611F9CCA9
:102B2800150602F018F8EFF00607EB11FC0BF1FFA1
:102B3800100F2BDC1F03DDEBEB050CE3E0DFFC41A2
:102B4800FCDB2606F8FDF6E4EFED050EF5F7E617D3
:102B580005EC33D91009E40607061D11F3FAE10262
:102B6800FC18170422F909F705FAE7E0FF0801D273
:102B78000A0E16F91208EA01FE0EFC1FFA12F2D527
:102B88000B101A0620EEFF000904FD1B201DE5F4BA
:102B9800F9C2E40CE0F8F40A01FE0D02E127F33073
:102BA8002BE2D10CEEFD40F5DDFFD5E51628F30745
:102BB800FDA8E1FEDDFCFE0FF2110EFD1112070467
:102BC800FBE40615DEF21B14FEFD0AEB0C0D0203F6
:102BD80012FA0F00E9FB070F0AFA0000FFF10911CA
:102BE800F70E0FFDF50EEF08F9E90EF50E041106C4
:102BF800F0CADF07E8EE141115FB250BF119E142C5
:102C080010E1B612DBED30F1CE14D707141E051C07
:102C18000781CFFED6F60B08F70E28221B081506EB
:102C280006041302D7FF26F70E10100A08221CF913
:102C3800231122F6E60FFA19FEF704FF1313170DF6
:102C48000AFA0B0102FB0804FFFEFCE109E91A007D
:102C5800FACA0406CEFDFCFC160920170EF8DAC1E4
:102C6800E8D8FCE4F3F8D1C8D01CDD4308F7FAE74C
:102C7800DEBBE304E8FEEAF9F80D27340DE726CDBC
:102C88001A0B00DFE0FCF3F50A120120030F0FF422
:102C980037102CDEE7F6C60505FA0710FE0B1E0EE8
:102CA80024021DEAE800F40BFBF914F8F8EC280CF0
:102CB800F8EA11F4DBFBEA0E06FB05FBFCEE96F6E0
:102CC800EBE039F91603F2CAE7F5F73E00DAF6D673
:102CD800BCCEF9E20402D0F90CF8110EEEE313EBC6
:102CE800FDFB2ED6F7EED8FCFEED0206FFFA1BE63A
:102CF8001CFA1DD7F8FDC305F3F30D200F0406D504
:102D08001B121AED0400D8070F0E191FF1FE070F4A
:102D1800FFFF08EFE806E720F5081FE1EDEBBA37FB
:102D2800EDFC1008440F0BB313E5E8CCE3F6F2070B
:102D3800DC0207F301F8E7FBF001F3BFF807E61739
:102D480002FA34F41A02FCF9FCEF14CC00F407F090
:102D5800FFFD21E102F4D70D02112601F3F808FA6C
:102D6800100B26E117FBE3FFFA0B1F09EE03D7EB65
:102D7800E703031A1F0AEC0A0E05070F0026F534AD
:102D8800E3ECDC0105F82207D50ADCFFF907DE05CC
:102D9800D8F7DFF727F50902E8FB09000406E7037F
:102DA800ECBBE00BF6F01601FEFC0CF41F24FF0050
:102DB800F3B7DD15D80001050905140E0104F10566
:102DC8000BDEEEFCE701F0080EFD0FF8E9F3EDEE7F
:102DD800E5F9E31716FA14001F03FD07020BE621B5
:102DE800C4FDC60EEE061DDBD413E72403DFF7038C
:102DF800BA14DF0524EF1C06040D07130BF409139E
:102E0800EDB4D929E5F43EF7011315FF150714F5BC
:102E1800FCA2E6FDD100FB0F0EFC220E180B0D07DD
:102E2800F3C5F417E10B0313170A2503FCDF13019D
:102E3800D903DC2604F806FE10FCF6F71DF7DADAEB
:102E4800D009F4F30FF4EACAD418C92E0EE20BF332
:102E5800AB1CE50C050011F10614FBFE0CDF33FC7E
:102E6800E5CBE403EEFF22F10E01071617F315E890
:102E7800F0B7E50DD302F41809F71E1818ED190676
:102E8800EED5E208E6020E0D1003151512021E0C0F
:102E9800F5F6DA2EF0F5130C19F704FDF0E0A70AA1
:102EA800131D37E9110C0ABCE4DDDB17FEF105FB45
:102EB800E92EFBFE03F303E214E5E8F3F3FD2C0728
:102EC800E0EB1F02DEF6DE0909E61303F2DD21FD61
:102ED800C7C1FA09E400E7061407200C0DEF28EC37
:102EE800E3E20702E6FBE61E14FB1CFE050D2004C8
:102EF800EEEBE91CE3FD050FFB0C05F1D2C8934A84
:102F0800343124F746092BBE00DDE5CDE0FA0A1A74
:102F18001827001DFE0301F401F100C4E6FCF71AAE
:102F2800FEFA14E807F3E60EE1EC08DAF5FA120007
:102F3800CAEC01F3F708EB050CF813D807FB1CFCE7
:102F4800FBF217F0ED00ED11FFF82300F3FCE5E0CC
:102F58000E110DEDFFF0FBF5F806EA07F80DEF147A
:102F6800DA27FF0F15FE1924ED07EDFE02EDE7EA5B
:102F7800FE2A08E109F1EC00F4FFE6F8E908EAEDB9
:102F8800FF0CE90E22F21207FA07F8F6FC09E8F33B
:102F9800F001D71218F8E6050BFA0B01ED13E3F26E
:102FA800F9F9F70419FDE106FDF8FFF7E5E6F10385
:102FB8000F2716FC18F100091601F3F61EF1D80EBA
:102FC800EA10F32B010539F5DB07EAFEEEF4EDF81C
:102FD800EA320E050CF219F311F9DDE5F9E7E8F725
:102FE800C909DF1210F619090010F807FAEFE3E52E
:102FF800CCF8D81A18F204E6030C000FFD01F7EB21
:10300800F4FAE2151004FB1111FF1802F9F0F10EA1
:10301800EF23FB0307F102031106F0E523F2FBFCA3
:10302800201701ECFA0408D5EB07E622F2F7FA0CB0
:10303800041503FEFCF327F80505E2DB230616F862
:10304800E604E01608F924E10B0DDF04ECD1F7E8FB
:10305800B907D71604F809F91409FEFAF7E602EDDC
:10306800CD0AE32214F7170413000EF6100AF80C21
:10307800E81FE624F9FC1609F9FD00E4D8D1F51C8F
:1030880017212DD0F7FCFEE1EDD4E5F8ED090CF899
:10309800140302F5F3FB07FF0CE9EAD520FE130938
:1030A800FD09F612F1FD0FEF17EDDF00FAFD11042F
:1030B800D015DA2CF4EF0CF604FEF1D91100220435
:1030C800E506F716FFFF0A09090908F31F0808F9BA
:1030D800DF00CA16EC0E15040C02F004ACB1C93EB0
:1030E800380703CB1CFAF5EAF3B6FDCFD7E60D0E89
:1030F800F4050401DE070F04EEE800ECFF08FB16F8
:10310800FBF0E614EA0D0D16F8F9FEF10F130906A7
:10311800F41EE423F20701180DFEFAE1080908106D
:10312800F80FF219E7FA03040FFE04DF94FEFFFF1D
:1031380004020000EA0600002A03000077FEFFFFF1
:1031480037FCFFFFC8FDFFFF06000000F605000082
:10315800B1FEFFFFC205000094FEFFFFDF0700007D
:103168003B040000E804000039FFFFFF9906000057
:10317800E1FCFFFF3A0100000609000071050000AC
:10318800BFFDFFFF15FDFFFF3FFDFFFFBA00000079
:10319800E2FDFFFFE1FBFFFF7D09000082FEFFFF6C
:1031A800670900003FFAFFFFCD030000F0E928D7C8
:1031B800FB03F5F4EDE9F7FE07FB0A28FCEE1BF626
:1031C800FEEE04D308E9ED31FD1FEAECFCFE2FE822
:1031D800F0EE081DFDE4092A210FFB05EC01DE0FC6
:1031E800F7DDFB0009D9F71EEA1F102200C123FDF5
:1031F8000903EFF0E106FEF7F62003F1F8F7070000
:10320800072700EAFDE4F21A22EEF1EF0A2617F981
:103218000204EE18E6C80A1AF7D0082ED5001EF5E3
:10322800FEFBFBE8FF14FF12DC0C29F2F5D11109B3
:10323800FFFDF9FC000E01FC170B01E7FBF3F31D82
:1032480003F90016F3EBFA161FF7F70DFC0ADE096F
:10325800F205FCDEE826ED20DA0AD3B7EA06FDD748
:103268000106F338D51701F42BAF4D0DF7E8220509
:10327800FCFD0400ED0EFC01E2151BF5FDF908103C
:10328800EE2903D00804FC0500E500F9F9F709EA7E
:1032980005FCF6F7EB03E80FE8F8EB0AFDF514F880
:1032A8001EF300F808F6F81D0EFEF5FBF4E52615EA
:1032B80002F4F2EB0B110DF7021C14F2F90AC82202
:1032C8000A28FAEAFBF406140D0817160EE701009F
:1032D8000EF2F908F1120FECF31C04FFFD0807F8D1
:1032E800F807F6F7F806F9140FF2F2FBF514F2F7FF
:1032F80006FDF00EEA06F316DEECEF1BEAFA06D737
:103308003E24F602F3FAF10106D206E807D511E5E4
:10331800F600F5F5050FE600F2FFD50D04F606EC0C
:1033280021BB031104DD071D1EFFEDE5FFEF01E3DF
:10333800050600F3FEFDECEFFB0BE608F700F903CA
:103348000C01EF050AE8F71712F6F50B03F631DC66
:10335800F8F0F612ECF213F812FC1C1DE903090B45
:103368001DCF0AF116D8061F000FFCF5F8DF05FF80
:1033780003EF03F91122040312FDE5EA1BF9010822
:1033880008C5FD0200F8FC1B06FD02F804EE0FD488
:10339800F0F7001C05D109201DED121C01F61126BD
:1033A80012D6F8E118D9F515CB29F20DF3E0FAFA9F
:1033B80003F9FAFBF900060404FC150AEFEE0B000A
:1033C80003E806F8FD16040DFA03FD0BF9F905DD0F
:1033D800F9FFF631FEEF23191B0423FAF5F3062251
:1033E80007C6FFFDEEE20601FD06F805F9C6121B49
:1033F800F803F8ECFE06FBFBFFFD00F603F8F60BFE
:103408000DD0F90EF406FA1E0F01FAFEF24FC006AF
:1034180005040215D5F5032DB7EDF416E50609DE0A
:10342800032604EE000803DE08E900E1F9D5DB1203
:10343800F7FCFE01241D0518F51B29EB25F4EF10F8
:103448000EFCFE180BFC08ED22E6F101F6CE221A5E
:10345800EEEF0EF91E1FF3051A3AEBBA05EEDE2958
:10346800331D0246DFF3041C35C50622FEF0F215B3
:1034780005F5FEFA0805FE0B04020DFE0F02E11F1A
:10348800FF07FDFD040AF70C0A05FAED0CF103F637
:1034980007F8FD0CF6F3EDFE0CE9F616E2EF14EF73
:1034A8000DF9F4F6FC0A062A08F8DBFAFBBA34FA36
:1034B80008FA0A012412E205082AEBCC0009F611E1
:1034C8001D1A001FE6ECFB4810FA25310C1710EF07
:1034D8000A01F903F0FE0EF5F9FC04F5EA04FF0908
:1034E800FD07FEF20110FF080D0EF4EEFC1EF61D9E
:1034F800EFF2F5FCCAF20109DCF2FF1AD70CFBD097
:103508001812F2F9E0F107F91CDEE9F104E513FC01
:10351800F3F3EFF00D080CFE0EF80AF005060F1491
:1035280019D1F01105E9F50EF804F5FF01F6FBF7DE
:1035380004FFFAFC02FDECF707F1FDF1F3ED11FDD4
:1035480007DBF901F408F40BF8F3F0F5F6F803FBE0
:10355800FA020912EAF90A0BFD0026FAF602E81641
:10356800EFFB09F0F2FEF8090503F000F6EC06009F
:1035780009FC07E70A0CF00717FAF9F8FD01FD1432
:1035880008F2F6170C01F60908F5F6ECF523F3FC3A
:1035980006F2F618F8D7FD1CF6F22D33EF08F725DA
:1035A800E2050BE10DF401FFFB11F212FBE90F0A32
:1035B8000AFC0904F6FE0C02F3F4FAF900081102F9
:1035C8000E170419F417F105FFE80BEAF8130612B1
:1035D800F8F4070E06021F0816132F0A0CFCF21740
:1035E800FBF10AFE0808F6EA2201040BF1ECF805E3
:1035F80004FAEEEA1111ECF61AFEF7DB180A0B19B9
:10360800F3F20C031505EC0CEE040E06F531C0E4DC
:10361800F602FDF9E913F415CDFDF53EF6EEE70CDB
:10362800EC1102E818E306E2030D0EF2033109D1AA
:1036380009FBE92116F2F40A1BF0FDEA16F30EFC69
:10364800FF1F0814140DFA02F2EC0C160DF72728C8
:10365800F4070314320E040428142BEB1401FA0A9D
:10366800221BF50D020DF40F2CF9EFF4F3F7D1003E
:10367800EEF3F6E51F2DDEEBE108DAF810ECF6EBD9
:10368800F22DFB1426F2F0F504093308F901F30EC4
:10369800F703F2090014FD14FAF4020302FC14EF14
:1036A80013E6FE1AFE15F403F4F009FDF5E14428CB
:1036B80009EF03FF3FF9EFE92327FEE42B01E01DA3
:1036C8002C1AFB24F7D5053519091C050AECFFF15E
:1036D8000CF80500E8F1040609131111E803FA11C2
:1036E8000A17FA00FF08F809FB12EC01F11DDDFAD0
:1036F800F7FE0706000AEB3BE0D8F8F8F3081CEDE4
:1037080006F9061E0D12FCE2EAF81723FDEF040283
:103718000105FC01180F14F90B07100001FCF10456
:10372800F5F5060E100DEDF202F7FEF308F9FA0EA4
:10373800F100FDE103FA08EF11F8F2F207F90FFBC7
:10374800F501EF150B19F009F1F4F9F9F3F6021187
:10375800F5FFFF0308170AF2F90FFF000500130C25
:10376800F004FEFB070600F2FE00FAFB0AE2100C6A
:10377800F4FBF3EC0404050200F100F60F0000145A
:103788000DEFFDFAF718FC06FEF703EAEF1CEDEF64
:10379800FCF903FDF0060DFCE3FCF022E9F5071146
:1037A8000E1EF3F9180605FF0211FCDDF4FA15FFE9
:1037B800FFFC06F90DF7F2E6F9E4F1041004E60857
:1037C80012F8EFFF10FE001AF00105D20A0AFBF307
:1037D80009F208FB090C17D4E70CFD2F08ED0FF9C7
:1037E800FC2507CA250E0809E912F0EBF0E22006CD
:1037F800FAFDF6F31CFBD2051EFADEE522F1F021F4
:1038080012EA082100F5FE28F00E0E130A1207FA34
:10381800F6060524FC021318FE200711FCEFE4222B
:10382800F0210AF702C9FE22090CF012F8311C082F
:10383800F3060155D9E5512912EB4A3ADB09F1F8AB
:1038480044BD0AE3EC05FAFA11F8AAD6063F3EF79A
:10385800FB06F86CE6BF591042F56038D30E15FB2D
:1038680034E3FEDD0FEA051E0A01A1FC01F6470B51
:103878000D0BE8FDFCBA16002CEF27EAE0F5001363
:1038880034F3F8F2041C0021F11D0AD2F6FAF7F617
:10389800EEEFF2071004E80903E5EDFB0DFA19FA5B
:1038A800FDFEF3FF0708F70AF5EB04F4F61E5529A9
:1038B800F606075CF7B4631C4E14691FE0070D1980
:1038C80047C9FAE1D8CAFB2B1717A003F2FF0D0D61
:1038D80003010D0EEFFB12FE1102FAF9F4FCF2FFE0
:1038E80007050C0AFE07FEFE08FDEFF9FF20E7E9D1
:1038F800F4FAFC0D07E5EF160003F40C04F61005C6
:10390800F918F80F08FE0801EF0A141AF9F90FFE62
:1039180005F304E61305EFEF0007E8F31BF2F70FD2
:10392800F408FC05061307FFF50011F8F7E61D0972
:1039380003060ADD29F4E9DE0AECECF510F3F319C5
:1039480019D90803080EF418EC0CE9E50604FA0581
:10395800F0F4F7F41A0BECF60308DB0C08F6FF0C8E
:103968000308F7FA05F1EE13F617060E04EA210527
:10397800F6F8F9F01FF907E314FFFFFA0404E20D63
:103988000CECFC010316F614FFF6EBDFFB10FBF45E
:1039980004FFEEFCE1E70FD5D7F80434ECF2D30DC1
:1039A800110FF4D81EEAF3030E131DB9F817FAED38
:1039B8000C00000BEBD9F1ED1FD4EF0AE5FDFB106D
:1039C8000FFFFAF315F6ED17EC0FFCF108E603D636
:1039D800FDF7F9FF0408F20912F2F90902F40EFEE4
:1039E8000FBD010E19F7FB0D020B18FDF4D718EAED
:1039F8000BF302F6F0EBFBD52FF9FA21EEF3070BE8
:103A080002E309D726E5EE3CF834CCF3F729FE0AA1
:103A180008F50A24FAED2D210CD4F12BF3F4261025
:103A28001FF6F3EE0602F4FAFC091BE0F0CC18F7D7
:103A3800F90CF7040C1FFE0A0A280FFD01EEF4002A
:103A4800F61DFDF40EE7F00F0D1A1226F4BD0F1C3B
:103A5800FEFFF0FA2133ED13D061D9D10DF7D9F972
:103A68001543001AE7DAF4092CF2242903E71C139A
:103A7800080708EE010904071201240CF5FF1F14BA
:103A880003F60AEB070C080C0001080D070D0E0BD6
:103A98000EFFF304EFC1E3E307ED053DF9F2ECE6B1
:103AA8000518F1DD191B09FDC135001805BD1F1AE0
:103AB80003F2FBF20EF701E819301FEC08F8FB08D7
:103AC8000011F9E511FEFB191321F717FEEAF10AB7
:103AD80007FF0902F30505FFEE230CF9F807F701C4
:103AE800F31409EC0504F400060E0E00FDEF0505BD
:103AF800F2EE060DE8D9000100EAFC11EFF4050426
:103B08001104FEDD1811ED07D30DEB10FA0807D1EB
:103B180005F3F3FEF2D9E50CEFE1E91CE90806E448
:103B28001E1BF50201EF0823E5F61B08F41705EE46
:103B3800FC00FE06E6E60500FBDE0112E50515F6CB
:103B48000F00FFEF0CF90814F401FDF7031400D07F
:103B58000BF20801F9D8F304FDC4FBFEEAED0EF6FA
:103B680021F9FF0708FB031FDF0504E6070304FB31
:103B7800F6FEEE0A02FBE512FEF2EA0BDF06F3E5BB
:103B88000F1B03FA0CFFF0090FEE1EFFF024FDEDEA
:103B9800FAF8EEEFEBF8000609E6F5FFFE07090A6A
:103BA800F6ED05EB1706FBEAD9F51303FF0211043E
:103BB800F2F5F61600F90AFCFE0C07FEF9F1F7FE1D
:103BC8000C0AF9040707F40DFF010400F0F708F9DF
:103BD800F804EE06FEF10B01F9FEFB00EEFCFD0811
:103BE80007FC07F9FCE8FBFDFEEE03F0FEFC0BFE0C
:103BF800F7F006EC06FB02050D050D05F40403EECF
:103C0800F701FDEB040CF30D001EEF0A000DE9D2DD
:103C1800050A01EFFAF3F305C7FA111FEA030CFBD3
:103C28000309EFDA190507E504FBE5FA05EBEDFEF4
:103C380003F6FFFCEF25F802EB2D1DF90EFEEE0052
:103C4800F1F2F5E71D07F9E40DE7090409C51AF6CD
:103C5800FBF4061206FFF01002271BF508FB0CF810
:103C6800000303F9F4EBF60A09EB031C01F60EFB5B
:103C780004F10AF20310030C151017060BFD0FF9D7
:103C8800F6FC08F0110FEDFF0A140BFF0124FAEF00
:103C980001FA0426EDF310FE14F5120BEBF81AFBEB
:103CA800022104EBF7050410ED20EC0FEFD601021A
:103CB800FD080AE907FEEF15F811F7EBF9FC11F416
:103CC8000CEBFBFDFAF2030106DDF7090500F3F240
:103CD800FB0A0B12F5FC0703FE1E030CFF02FC1186
:103CE800FB0FFAF001F70505131002E6F70311F0D0
:103CF800F107012315E5080414081FFB04F9E43152
:103D08000DF1EFECFEE8000F0519DD11070E09F4BF
:103D1800F7000B13E6E316050AF60BFBFFF601FDA9
:103D2800FDF401FE05010A00FF080BF609F0F40B8B
:103D380006F108F3F60200F411FDEE14FB0406F98F
:103D480005FBF5060319FF0EF019FC09050504111A
:103D58000BFEF10CF9EC1DF8110B1DF202F3FCFC43
:103D6800FDE8F6F3EE12F005FC06E711F402E9FDB2
:103D7800F400FA06F2E8180FF6FE010F03F615F242
:103D880012F70306F60109F6FC00EBF5F42D0A1903
:103D9800F1FFF406040A0CFAEFF40601FEF4FC0045
:103DA8001EE6F80FE42108FE06ED00F101F3F4F237
:103DB800FBFDFC0307FA1DE70E0FF6FBFEF51609DF
:103DC80008F7EF0D0A09EFFA0010EF060017F513D0
:103DD800FBF307E90B0BFFEFFBFD050523F2FA11D7
:103DE8000BE202FDF124F2F0F80FEC1008020913BF
:103DF80003EFF4FBF3111BF310F6FD03FDF7FC0AC8
:103E0800F5F4F30FF314F9F000ECF5ECF201D0201F
:103E180007F6F3F2EC3BFEFAE62310F004F302E6B1
:103E2800E40A09070E1000D522E8F5FC0CF3150C7E
:103E3800F5FBFC120605FF191A09FCEEF2FA040656
:103E48000DF1EF0F02FC091CF3F9F4080B0402EB67
:103E58000CF20A24F8FDFE0D00FF1604EF0208ED2F
:103E6800EFF6FDF215EB04F202D3FCF80BF210F4B6
:103E7800F706FFF3F9F1E301E9FB0210F3FEFEE4B4
:103E8800F8ED030210FBFB08F2DE13EB0701EEFB73
:103E980007ED00091018141201110C17FFF60EF99E
:103EA8000204FF030A1A06F104FBE31EEEFA1A00E5
:103EB800F9F702150B0BEE1007FFF1F608FBDE18F9
:103EC80027FAFF1BFDCCF92F21DF15FB06F40E1096
:103ED800FD0DFC01DDE50EF7F9041B08E902F11FF1
:103EE8000EF601EEF4EEF1170711F700FC0910FBCE
:103EF800FFEE07FB04070BFD06F524F711EE14F897
:103F080003F60808060F06070BF3DF09EF0F01FE9B
:103F1800FAF7FC14111112E2070DFC1DF604F6E77E
:103F2800FFFC08F5130CEE010E17E10E0805F90168
:103F3800FF03FEEDF9FE07EB151200FEFAFF04FB86
:103F4800E2FD0CF909070401F805040109F6FE026F
:103F580003FDF8011803F2F3FA06FB1007FC190732
:103F6800EAFCFC01151708F0040108F7F102FAF160
:103F780008EE07EE0F06FAF4FA02EE010DED22E163
:103F880002EAF10F01130408FC10D713082BE518F7
:103F980004F304DA1A2204DBF505AFFC38F5F9EC72
:103FA800F2FEFAFC0C1608EC280DE404F9FC0EF9F4
:103FB8000601ED0313051306100FF5EEFDF40D10C1
:103FC80007E60007FCEA05130004CE0504F3F20136
:103FD8000AEF05DE2A03F5D602FDC7F814F00C1522
:103FE8000504F6FA1CFD0213FA130519F30C09FC73
:103FF800F3FCF6060FF7020CFDF20AEA0005F909D0
:1040080003FAF707ED06FDFAFBFED6FD0AF300F307
:1040180006F907DB1D00E0FD01FDE3E419FEF626C5
:10402800F231F914FEF90001F7173EFFF1EE2325EE
:10403800FEFA072EFE021EF20FFE15FF1DEDBF430E
:104048002EF7F4F9E4D7020F3011EEFDF52420FC29
:104058000C0CFB54C4142B201AD8192BE9F8E2DBFA
:1040680030E302EB07FC140200DCC5E2F0EA494049
:10407800FDF0F02EBFF34A1209C3331DE8F4E9003E
:1040880047E0FCF4ED04030125F5CBA7F50C00F699
:1040980003F3F515E7140615FA0EFA0DE0F30C070D
:1040A800F525F40007FBFFF6FCEDFA12FA103E3591
:1040B80004F70742E600441A1BFB210BE2F0C62670
:1040C8004BE7F8F3F8E4FE2E04EAD2CDF20DFCFD3E
:1040D800FA0E030AFAF816F7FF060CFDFA06080AA4
:1040E800FEF9FAEE07FA0305F2FFE6ECF2FB160416
:1040F800F205EE07EFF02809041110EDF5FB122682
:10410800D92A08010303EFFA05E41EFB05FA05FFA7
:104118000500F7000C08F70809E9F50FF1001DFC88
:104128000B0506FB00FC0305F4FFF20002FB0DF98A
:1041380002F30007FBEC15F8FC03F30FF9FD060684
:104148000DE9FF1207E5F10EFDE7E512F503FAF9AF
:10415800FAF7EBEF010CEA0914EFF903F2FC0CF99A
:10416800EF02F7FA0705ED00F0FAFA02FEFAF1F2AB
:10417800F102ED120A13FCF81DF80BF817F00CF316
:104188000BD203070F17F106EBFBC70BF6DA13FE8A
:10419800FFF4FBA71C15B2C502EFA42618F201FD17
:1041A800FBE100DD20F1034AF40A0D1EFA1AF6F2CB
:1041B8000C02F0FBF3E3000AEEFAF808F1070BED46
:1041C80014140C0EF9EDFEEBE3E21312020BF3D715
:1041D800F8FF02F3DFE0E817F6C5E610EAF102059A
:1041E8002A2AFEF601F4F112F3FB1CEDFE0B02F68F
:1041F800FEFDF605DBDA1AE823EBF412D9FB10EB27
:10420800000202F309DCF301D8FF05FBFA2CFB01DD
:10421800090A030DF5E61505FFB8F7311FFDF3E5AB
:10422800FFB600E6180AF102DD10E9EA02E708091C
:1042380006F7F1E4EA0FF7F8EBFBFE22F30204F9C4
:10424800F70FFEFF1218090A050CF905F1BC2E0A32
:10425800EF04F5FF1110F4D71A3D293DEA05F207DE
:10426800E90AF7DA1C020830243EFA1E001BF22184
:10427800FBF306FCFB0702F107DFFCF919F705134E
:10428800F8F80218FD2306EE0FF4EEEA0208381AD1
:104298000AF705F10EF62BFD381D1E07DB06FEF9A1
:1042A800D6FEFCFF0BC7FD02040F0802FEEA031F3F
:1042B800010EF7F9F40419F600260B250F00EE128B
:1042C800F3F9FAFA03F7F6FF0818E003FFFD0FF712
:1042D800FCF5FA11FBFD12FAF70315F0FEF5EBF306
:1042E800FA0609F61202F91508F8F7E601FE0CFDC0
:1042F800F7FBFEF7E3FF170BFFF9FBF1E0EF26C62C
:10430800F2EFF1220FD102EC1ADDFAD40912130EE2
:104318000DF8FBFEFDCF02090D04E3F6DF09F0F40A
:1043280004370702E9E9F7FCD5101E0BF203EAF996
:10433800F201F5F605EC1811F7030508D9FE07E9AF
:10434800F720F0FE07F1F0EBE8F318F7F91902D6B9
:1043580000F40408E9C808F8FCE4F603E60401FDE3
:104368001F150BEC00EBF3FCC7E92102FF10011449
:10437800F9F4F80806F70718FC12F105EEEF15DE58
:104388000D27FFFDF806F0F402011409F023FAF2F4
:10439800F0F7F010F6EDF913D8DAF7F7030A03F699
:1043A8002524F0F7EF0FF1F5F2FB1FFB000EEC18D8
:1043B800F3F507FE071DE90FF309FF0709F9FB0AE3
:1043C8001605FBF807FBF7FEF6F2F112FB050F0BDB
:1043D800F9FEED06F2E10E090508F6F70EFAEA18FD
:1043E80010F7EFEBFAFCFD0CE80FF714020CF7FBE3
:1043F800F1F8F008E403F9F211F106160CF705FDDF
:10440800F8FCF80B110509F5F20E0B01F7FE020492
:104418000BF1ECECF803F6EEF7CE0D03EB01180305
:104428000200EFED0A11000CEEE3FFCE02FCFDFEE8
:10443800FA01EDF1041620E40C0A03E517F613154A
:10444800EF20F908111CFAF7071BF515FCF80710FF
:10445800060403FFDE1C15021524150814F80903C9
:10446800E322FB080F01FAE1161F1102EE0BEDF72C
:1044780000FAFD05070E11EFF610100728040B04CB
:10448800E811F3000F1602F20A2EE912FA1108F2E7
:1044980008FDF5060FE80A000BE3E3FBD30804F276
:1044A800FB0A030003E00017FDD00FFBF60805FE2A
:1044B800FA0505FE01151BFF111A09F802F219E7A2
:1044C800E713F109160AF4FB1308180F0FF1020895
:1044D8000CF2F60DEBF20DEAE90D180405FD041BCC
:1044E8000113F4F9F4FAF9040C0406E7F0EF0C0EE2
:1044F800F502F3EC04E90B08ECF0F504EFF0F60A2A
:1045080014EE01EF05D4020D0BED01EBF104EFF809
:10451800F6F9FE1AF8FE021812070B07FF05070541
:1045280008FEFC0EE7FD07FBF2020D0AF809F9097F
:10453800F4F20807FE04F3F00AFF081507EDEDDAB8
:10454800FF03F2FF1210F0EDF20603FF0B14F9035C
:10455800050AF31FEC11F712F8E7F8101DEDFFE458
:10456800EF05FAF1FD14F202F6020E1AFF1AFBF635
:1045780006FBEB0009E901FF0A04F811FDFB11FA3B
:104588000204FAFC05F4F6FEDF070C15F1030CFD36
:1045980007F1FE083018E904FFF7E70A23F5FD14D0
:1045A800FE0206050410F20CFE10E81BFF15FDEADA
:1045B800F5EDF9F41207E9EEFA170A1105030BFEF7
:1045C800EF0F09FB0C0307FCF7F40415FC10FBEBD9
:1045D800FBF702EA1905F8F201EFE6100F03F2F50E
:1045E800F6E7F5F3041A0113E715DE2DF511F0F9D6
:1045F800FC01FC030E1518EF041C0A0704F4F80C60
:104608000A18F308FE0BEE0BF10FED0001FD16F68C
:1046180000FEF0E80204ECE72306F90A22FDF8138D
:1046280017F9010D0622F9FFEF2EF219FDFC02FA27
:1046380009F5F0E9FC1019F31507F5FD21F003F36E
:10464800FF05FCEE091AF6EA06F6C604F9F9F80CB5
:104658000C0409F30A0A24E91015130213F70711C9
:10466800FB0EF4E704E700E90920D11CFB04070A64
:1046780000F10301E50C0DED181304E1FDF50CFB49
:10468800F914EF0800F000F120F31B170806F9FFF2
:10469800FBF9050D05FBFDF1F8F6111310F8E8FC20
:1046A800FF030AF20AF5F40A190D2302F5EE0211C6
:1046B8000AFD0D08FE052D12150400E7FDFC0E1B72
:1046C800FAF7020BF5FFEEF711F8EBF0F6FDFF082D
:1046D800FB0DF603E7F910F6F01617FEFCF80310C9
:1046E8000E0E05EEF8F4FD04070EEE0704F50515A9
:1046F80000FA0702F6F40EF20F010AFE2008E11C88
:104708001C09EF08FAF8F8191134EFFE000CE8F16B
:10471800FB0AEAFE101509F5030E180B0601F90C41
:10472800F1ED03E70004F20F0CFEF318F5FEF600B6
:10473800F6F9EE070A18F3F6F51A0102EC0311F37D
:10474800EDF6F4F20BF9FF01FCFC150FF100FAF994
:10475800F2F3EEF508FB02F3FCF70100010513F98B
:10476800F108F2011514F60AF217FC0F0814F6E422
:1047780005F6FA10F70FFB0A021A0C17FE000DF0E7
:10478800E7F9F2F30516F1FEFCEB12FEF91104D27B
:10479800FFFBFA022B01CE08F5FCE8F311FF0BF73B
:1047A800F9F4F41B0D020212E1FD0C09000C0106DC
:1047B8000BFAEFFEE5FA0805061E08FEE4080903F1
:1047C8000110FCFAF2E0060CF6EB17F2F007FDF226
:1047D8000302FDEA11FCD90BEEE2CA06FBFA12F459
:1047E80000F1FD1B0002FB11ECF30DF5F21FF7EDD4
:1047F800F000F3FF0609FEFD061003050708120C7A
:10480800FB0E03010C0502FE0CE0F5020507FAFD9C
:104818000205F4DD17F7EB1404F9D7E50F061A03C0
:10482800E5F7F31CF32100F4E7091910F1F706EF97
:104838000108F1F60613B3F208E1D6110DFBF6DB19
:1048480004F2FA07FF29FD02E8F3D9050403FBDFA8
:10485800F10AF2FC03090418F0DDFE13FCFFF3086B
:10486800042304EA0A070BF309F9E32404EA18F31A
:10487800F4F4F9F0FEF2EC030827FD0308F0C50A8A
:10488800112700E1F9E00F100009F32300F71AF3EC
:10489800FAF4000101F40F020C12F9FFE8FE0F15FB
:1048A800ED240CEEFFD20809FE0B2E11F9E719F8DA
:1048B8000A06EEE80E02EF05F9F6F90D22EFF80FF9
:1048C80032F200FCFAE1F307FF13C427F810FCFDED
:1048D800F8000C03E4FB0207F6FF0BFDF0FFFBF00A
:1048E8000D11FFF303090DFBF20701FAF4F01708A5
:1048F800F003F8FC1B0000EF1F1302F7190AFC1F56
:1049080006F3F6F0EDEAFB1B0621FD05080A00EEAA
:10491800FF090412EBF70CFDF518F907E30614EC90
:104928000821F5FAF8FCF31108ED140602FBFDEE78
:1049380002EF0810E1FC100EFC0700FCE200EB059A
:104948000C10FC04F5E3071910ED11EB04FBF4FF60
:10495800EF04EE05EC01FDFBFE0E0AFDEDFC090D72
:10496800EA10F20110E70601F3FA0A01F70AFB045C
:10497800F6EFED1CE0061B1AE7150614CEFC0CE456
:10498800FE2603ECFAF0F2F612D5140704E006C38B
:104998000701EDD4F400B20BDEE4B3FAF408F7D45F
:1049A80004EF03310BF4024DC8D61B07F4E716F2E7
:1049B800FCFB02F52301F31D0814090B06FED913AD
:1049C800FD1B0AF401F5ECFFEB19072008221BED8B
:1049D800FF06FC02EFB7FC11F9E60CEECEEDFEE89F
:1049E800071C0BEDECCF080BC0142B1FF104FF11B3
:1049F800F505F10905DE0D20020E02FAEE06DF0DBF
:104A0800F914FDF9F0B8F5FCEE0828FDF4070CF5EB
:104A1800050BFCFA03E5EC07DCD2EA1512F9E11202
:104A28001100EFF5FEEE011EC70B01F3091316FD89
:104A380009FEF505F4F128F70BFB0202FEF721F059
:104A480003110C13F2EDF4ED01E51704090FFD4312
:104A5800F4F9FFCBE31F31B42BF91AF30F091E0940
:104A6800D206F31614F3FCDA57EC04E1FD0FFEFA54
:104A78000709050D01EE090E03F5F623EDF907F018
:104A88001FEEFB07E2EFFEF9CEE9F909FFD8FF2197
:104A9800F60C09081011FA14161EF7CA3A0ACF596B
:104AA80005E4F649D0CEFEFF230CF604041902F9FA
:104AB800FAFCF3E2080FF7E506D4DE14020010F55D
:104AC800FDF8F5050213FD00E7020108F4F11607E9
:104AD8000F0E040FFB0404F904160CF90AFD030376
:104AE800FC04F2FB1608030019F2F3FDFA04FCFDBE
:104AF80006F906FDF6EC0326F111F0C8FB07ED30C8
:104B08002A38F433E2CC02DA001527F80BDC171543
:104B1800FC070C051F04FE011E2621DB29F6EE22E8
:104B2800FA03FAF700E205E815011C060C00FBFE83
:104B3800F609080916F3FB03020913E906F8EAFE69
:104B4800F20BF301F60EECF9020E1300F800F9D59A
:104B580007FB01F125F8E61BF208E3F1FE06E4E1A4
:104B68000315FCF20615FF0DCEFB1F0BFAEC11170F
:104B7800F7FDF31715FB08030D0D21E906F7F5F608
:104B8800EE000A18EFD2EDE71FF52005F5FC05D574
:104B980007EEF50239EDE20E0401E00DF9FEE0E55D
:104BA80006020CE6F51DF103E1FBFD1203FD0B0CFB
:104BB800F105071004090418ED08FE0E02F503F6C6
:104BC800EDF402F8FC0703F408F011F8F50BEBF527
:104BD800F7F0FA110E0010050FFCF702F309E6F2E0
:104BE800E9F8FEF5FE24FEE9DEFF1118F70DED10D9
:104BF800F702F20AFBF80E23EFF60418DBF5FFFACA
:104C08000DFDFF00E8D107F9F6DB0F0BFD1CEC0DDD
:104C180001FD000BF1FE1106F2DFEE0711F71E038E
:104C2800110EFAF9F91CFFD8FE0107EA0B2AF0FC6D
:104C380006F3F80DF5020E1A040A22DBF506FAC986
:104C4800F4190C2EF90C00D611D601FA00FD0C1837
:104C5800FFF7F7EFF3FE10EE382127CE1B08FC3ED6
:104C68000204F825E5F3EFE92BF503F7FB1CE2FB5B
:104C7800FCFAFB000EFEF5F2EDF52A0FF5071ED241
:104C8800F012F3FC1D1F05EBFBF506E7FCFCEAEF51
:104C9800FDED0808F5F91537F6F802F70801FC29C3
:104CA80023DCFB0FD2E7FBFCF6070516F107E8EC5F
:104CB800FEFAFDF7F107F2D9FEF700ED1E062BF913
:104CC800FE210107242608E502030B10FAFDF9F07E
:104CD800F9F4F215F5F40E04EE141012E9F6EC16D8
:104CE8000A0AF3F7F9F5F2FB100AF3F60913E502DD
:104CF80003F9FB0BF4EE0415FC04E8091102FB06AA
:104D08002903F8F4E305F305EB03E20904EDFBF0EE
:104D180003F9F80F0A011219F30DF8F7EFF205E29B
:104D2800F600F300F901FF0212EB15F100FD091B73
:104D380002FDECFBFCFD02FC051B161819F1EF1730
:104D4800F7DDFFFAF4E9F1FB0D19070309F506FB96
:104D5800ED09F8FBFD11EB0401EBF50D00FA0AE48F
:104D680002FA01F00513F708EFFC08F5EFFBFE0D5A
:104D780006F50403FDE81C20120F16FEE6FEE0020D
:104D88000BEB0514F0BCECE7FF07010B01040AFF6D
:104D9800EE07F10CF0FDF10DF1DDFC1214F8FED474
:104DA800EBF5F1FDFB13F5F1FE1604FCF2F0F40F40
:104DB800F0F2070502070C13FF0D03ED08FA02E1F4
:104DC800F0F1091104FFF0E50C1113F1EFFC0819DB
:104DD800F9F2F5160609EE05FFFE0C00030512E5CB
:104DE800F104040E020FFF07030F07F80412DB009B
:104DF800FAFE0907040DFF14F8FF061401FF02D894
:104E0800F9FA0CF0F0F4F1F0000C1814F80DF7F2C0
:104E1800F108F0000B08F1F415F006092B0908D386
:104E2800E507F7161A3FFBE6F00D0E210319EE17FA
:104E38000A0BEC1CF408211C0C0817D6060ADEE63F
:104E4800F6FAF22FE10501D103EDF907050EF70A8D
:104E5800F2EEF0FF0AFC1D0600090FEF05F4E12051
:104E68002311FD25D306F4F410F7ED06FA1CDDE650
:104E7800F90AEF10ECE6EF21F2F0FCF4DBFC21BEBE
:104E8800F11F050808E9FCC806D11D0E0AF004F553
:104E9800F9FEFBE9F9FBEB23F8FD1D120CF3ED0815
:104EA800F1E2FBEE020C00F00B1E151F050D0A02C5
:104EB800F903F8EE01FD06EF1819F3030AF9F715DF
:104EC8000124070909F8070410070B0FF80311FE5E
:104ED800F8080105E3F4110907FD14FEF1F5FF13C5
:104EE80005FD02F3F309FD1B10F9FAFD0507F7F8B4
:104EF800FCF4FAE70F06E30311E9FB251A0011EDAC
:104F0800D80CFDE61627F9F5F014E50CFB00020BAA
:104F1800F5FBF4F80E0F0B0CF9F808FCF0F7F7FDA9
:104F2800F5F4FC15F5ECF00504F10EEF0005F60AB2
:104F380005F5F50D01020E1B0F101708EC09FA17FD
:104F480000F0F8FEFAC803F219F60CFDFEEB121099
:104F58000000ECFFF2F7FF06FDF4131507F5101338
:104F680000EAF9F10DF6F40F111402F406F4E7F76C
:104F7800F001F40802020D17FE14FC00FAFDF10B13
:104F8800FBF709F3E9BB010016FF20080BF00C1032
:104F9800F2F5FD08F10009030A21F9E6F2F5180017
:104FA800F5F7FC15FFE5ED0202F00CEDF70FE3F75E
:104FB8000707F606F1000C1BF814F2F6FCFFED11DA
:104FC800F60CFAE901C904E4FE181D10F9E106F629
:104FD800F10A0BF6E308100BE71D02ECD900F61FE7
:104FE8000012F00CEDB2EB1E11F60DF00508F6E913
:104FF8000500010EF504FF090210F8ECD8F6F5F3E8
:10500800ED13F4F80DDE00EFF5032322FF01FF0A8C
:1050180004F6F20D13F107EE24FCFBFBEAEE170C85
:1050280000F60A01FD0504FEF3FAFAF2F20302FFA4
:10503800050A060DF0120420F10BEAF7F606E3FE66
:105048000713FF17D9DCEF0BFA000418FCFEF3EF87
:1050580008F4ED11E1EE0629DD11E701D407DEDCE5
:105068001EFD0B23E3F0F50D06D904FFF412C6C4A8
:105078000BF2FC0BEAE7E535E714FCE4E3FEE2D9C2
:10508800203C08FBF7F40BE7F7FF4820FD11F4F08C
:10509800010A020110F1E0200AF9020BF8ED11FDF6
:1050A800DD0CF30204EFFBE7E01C243CF817DCCA34
:1050B80000FC05EBF714D827CC03D807EC0A01C28B
:1050C8000E240807FF0B0904FBE1071E0BF0100A6A
:1050D800F90E0FFFE90911EEFB0A03F3E9050510C4
:1050E80006120DF205F6F30604FFF7FAF5FBE0F3F6
:1050F80003F0F7EA0C01E808F7F4ED13FC0827E4DD
:10510800F814F6FD12110708E5020120FFF4FFFC70
:105118000906F5F5FA010C030207020AFDF7EE117C
:10512800001802EFEBCC08ED06101A1DF218DDF39B
:105138000DF00614E8E31031E903F005E3F7DA05AA
:10514800050407EAF4C9F9E5F6011E1AF1090A0887
:1051580009F0060104FC17110E1F07FD0403082CB3
:10516800FEF906F712CDEF0A12071302F60CF7F252
:1051780005F1040C04F2F31AEF0607F20BF9C60F57
:105188001610EFE9E2CAF2DEF9172A28060E13050F
:10519800F30800E9EC220821F700DBD51A04BF2246
:1051A800020DF014F3EFED0206FC13FA55FCFFFFB5
:1051B8001A00000096010000EA0600000DF9FFFF42
:1051C800FAFEFFFF680A000001020000BBFEFFFFB5
:1051D800C9060000240700007B010000F2FDFFFF64
:1051E80009FFFFFF5DFCFFFFDC0300004B0500002B
:1051F800410600003B040000C8010000F601000061
:1052080026FFFFFFB5FCFFFFAC00000073FDFFFFAA
:1052180056FCFFFF79000000060700006FFCFFFF47
:10522800B1FFFFFF3A0100004F0200000809F92111
:105238000EF701F80DEBE5150B250619EB12EB0C33
:1052480002F4F920F50101F903F3F9D9061C382F06
:105258000EFDF505D410162CE82F00F3DF28FC42CC
:10526800252804F1F808E61009120BFDF6EBDB1807
:105278000CEFF61729E8D8231C1CF1DBEFE2D0F974
:1052880006CE0029ECFB130C07D7F503FE0F040923
:105298002D0DF504161FE609FE010F32FFF0170267
:1052A800FB21FE2125F41A08041CFDE00B08F50873
:1052B80000EE0EFAF50A08120424F80BF5020207AC
:1052C80010E4F50F0CF41B16FEECFB1AF70AE00DC0
:1052D8001209FB0419051016FC0904FBC8CC2ED6CC
:1052E80022D4FC0611F821090024F852F5F3E8F954
:1052F8000BF50A031606D9032224FB0C1AD701FC66
:1053080011EEFC0E08EE2BE3F7DBF3E006090E03C3
:1053180015F9EEEA04F4F2F8FC15F8FDF7F5FFFFCD
:1053280004E3F010EEF0FCF9FC0BFD1BFAF0DEEFE5
:10533800F90BFE1EFD04CAFD0F0FFBF823FAF31349
:105348000EF2F90EEA0421E80700FB1FFD13F01A1C
:10535800F5F9021303EB14070915020717FBEDFC17
:1053680003FFF205F9F903F602FE0E0B04FFE30151
:105378002F04ECF70AFADE0918240304EAC800EF40
:105388001BF50323FD0004130015FC0DFBEAF4F3E1
:1053980016F60C1009E1F43EFE1CF2F7CEFEF70EED
:1053A800FBFC0622F2F3F5EE0CE40608F0FBF2082B
:1053B80006F50D0D12F8FB110B0C07FFF4F3F606BA
:1053C80006FA0222F4FC09F1FB04F8FAF3F3011DD2
:1053D800170BFF0D0BF2F236011102FDE30DF4205D
:1053E8000307FC20FE0B0C0FF802EED305E302F9CD
:1053F8000BFC1907FEF30D25081B06E4F9F5FC055F
:10540800F7E5FE0BF4EFEEF907D2FC01F3FF161CEB
:10541800FE0909ECE3091932DC12092CEC24F52AFF
:10542800F820F2EF1607EEF7F40BF0C9F0ED0600DE
:105438000B06161AF2F8F815EEFAFBF00EFFFF1538
:10544800FBE6F30C0600E5FCF4E5EEED08FF1116AB
:1054580011070E16E408162FDEF80403FB1AE60FF0
:10546800EE1301EE19FEED1303FDF9F4FAEFD9F688
:10547800FA09121804F50519FBFAF0CCFB0DD8044B
:10548800FAF6FCF4F4F5D014F2D7F5FBFC32A6EDED
:10549800F9F5BCF4FEC7BE0D162FF30AF6DAE8FFDD
:1054A800033C042704082FE3021703F4F8E01DE186
:1054B800230705FA0C022C20112AFAC70AF9F90069
:1054C80015F9FCEDF602BEFFFEF2FD200CD506FC38
:1054D80026022C19F6F15818161D06C30503CCF23E
:1054E80033D501C9DA07E730F2EE063705D2E8EC22
:1054F8000CFC10F116E8031909FF01E919FBFC0877
:105508000CF6FFFBED02F6EB02F8F70F0CEFE822C2
:1055180017010F060B15F3FDFD19090CF6F7F8FD39
:1055280008F4F10DEDF8F800F105E5E4FDDA060DF3
:105538000AF7180102F20F37021205CDFA07F3ED48
:105548002FCBECE7CB09160E04080A310E00ED0349
:105558000DFF00FB0CFCFD0E01100AF707F2FF041B
:105568000907FC0709FAF7F10D06F6EE0010A5FF8A
:105578000FFCDE06F9F0BEF21A3B0AF919C3E40A79
:1055880003F50431E8EE1EFDFFF9EDE709DF081722
:10559800FE0910040506191DEE0CFFF9020AE107C1
:1055A800F3F4F80E0BFBEF0BF0E4F5EFF800F40260
:1055B8000D0A0B0B1800F80BF7F6F4E9F4F7F0FFF7
:1055C8000EF9EA08F7FDFB0F0AF1F7FBF604F0FD08
:1055D8000EF9FA1EEA02EC10E0F30A0105ED0813D1
:1055E800F206EAFB03F60C12F204EDFBF1EAFBFF0C
:1055F800FB08210A0C0D0522EFFF08ECEFF5FEF37E
:105608000AEFEC050605DE060AF807F5070C2BE895
:1056180002F2E8FDF110EEE1FED7F6220C0D2B2187
:10562800E52FF7F2200BFCF2051AFFE201EEED027E
:105638000F02140511FEFF120809FFE6EFF1F4F15D
:10564800FBFE03F507FDF213EFFF0310F2F914DC7C
:10565800EF000B0AE8FA06E8F6C9FB030DFE19107D
:10566800FA1CF4F628F6F506EEFDFD13F7E201073D
:1056780006F903F706021E1BF9EA03EEF616FA010D
:105688000CF8FFE10A04E20DEEF8FA0BF03FF3D450
:10569800EEF4C9CEFFD0C4E4FE2AFE3AD1EBFE08F0
:1056A8000125F0050CF02EDBFA38EE1AF4143B074E
:1056B800CFFA260CEF1C1E1FF2E605FFF416271082
:1056C800120805050C05E00F0B1103EDF5C421F1D7
:1056D80012042F050FEF37152B2CEFDD29E0D7F932
:1056E800EAE602E4FDF1D32DFADC120B03F424FB05
:1056F8000505FEEA2AEAF6153EFFECFFF6FE1DEF69
:10570800FCD9F804F3F6E8F5070F0207EE01EDE41B
:105718000FF50B11F8F3F509FD0EF4EC0EFBF2F999
:10572800F604FDF9FF00120BF7F104F201DE34F57F
:1057380004F31AE40B21230B17DA03F710FF1405FF
:105748000FCFEBE505F2DA32F5FC05200E0AF1FB86
:10575800F106F7F40409EC1DFEFE0F10FF03080C18
:1057680010FD030D0CF90C13FC020DFA0615EEE200
:1057780001F2F207F8E4EE0BE723F2FEF612ED0E63
:105788000622F1FD060207D8F416FD00F6E904101A
:1057980006090C1BFE0C17F6EDEDF2F10AFAF304FC
:1057A80007FFF8F109F3E91801E2F1F4FD040DF13E
:1057B800060403070407180A02FF08E102FFFAE3D8
:1057C80013F5F2FD05F1F2FA07E4FEF9FB0AFCF322
:1057D80007F00C010BF800F2FE0005F3080BF7FCCC
:1057E800FCF4ECF5F8FE01F3F0FBEEF7FCF90D1212
:1057F800FF030DFA0BF701FDF1E7F3F4F5F201F8F9
:1058080010FAF1F2F0EEE61A01F2FF030316E8FCD3
:1058180001FAF6E911EBEFDF19FEFD07FEED05FDD4
:105828000622F70A09090AF1EF1DFDEEFDF20C0D3B
:105838000D061CF30D10FE1618EB0206F7020FF901
:1058480003F7FAFCF5ECF7FEFAEBF1F9F212EFFBCD
:105858000BFAEBE921DED8F424FD0615F8EF12EF78
:105868000401F6030EF50BE5010CECFDFBD043F645
:1058780006FE28EDFB222B12EEC6F00CF326F211E1
:105888000AE4F3DB1D0BC01607F7F30CEF0C17EF58
:10589800E8F4F5E3DAF5FDF0E3EA041CDE0E1E2178
:1058A8000513030313F510180223F82109FACD1480
:1058B800F1F11832E50220EFB7D9001511DAAB2063
:1058C800D52CEFFF1907FD21FEF4F3DA03F0FA0DEA
:1058D8000002232FC5252401CF18FA160DD3DF4A5D
:1058E800CF35F01934F6D22FF70414D6F7DA042698
:1058F80002FE47092C4C110810C4FC0C1901F3FFD7
:10590800E9C7F911E203EC0FF6E2EBA3FFFF0B0D79
:105918000B0310F104F90D180A08F60800100CE042
:10592800F8FFF308FEFFFDFB0205FA0804DEFC1190
:105938001D083731D54347ECD3EC0C1E27EAB14498
:10594800D32E08EC22FCC547F6F5F4DD09FDFE1A56
:1059580004F3F8FEEB130316EBF40A09041001092B
:10596800FAF6FDFFFD03040BFE14F502090E2700ED
:10597800EA0C0DF0F1FC070700F6EB17F92D0F0FF5
:10598800080DEAFC29F80F08F119FF0C0CE81000C3
:105998000C0301F62008160906F1FFED071414F1AF
:1059A800F8F4EE09F1EBFBFC07EAFCEAF2E10CF68D
:1059B8001EFD21EA0D0D0002F6E7F3F51718F0FDBC
:1059C800F3EE030F0B08E71FFBE6F7FFF00419EDF2
:1059D8000CFD0EEB080F0DF90FF9FB0405090DFE80
:1059E800FCF4F5F5F5F0F708F510EC0D03DD070DFF
:1059F80003011DFC0D050AF00BF2EDF71E11F1FD78
:105A080003FFFA05ED01ED17EFDEE7E70C15DC17EC
:105A18002003E51111E7DBDA1F1BF7340DCF1CFB60
:105A2800FA090612E2ED1FF20E18F0D405F7161D5A
:105A38000209050D04070A03E9F0F817F5181F0F06
:105A4800E2FDF619160C12FA0919EFEBF9EFFC0E44
:105A580010F8082502FB072FE71C08EBE4FBFCFB0A
:105A6800F8F8021DEC0BECF1F9F401EDF5EB0F0E73
:105A7800F7F7151D06E5F513E401FF100C2FE61FD7
:105A8800DD0B0320ED01FEF7FF01FBDC0303EE0F46
:105A98000906F2011903F2EFF20A0319F402F519E3
:105AA800F322EC311CF82F07F21208050401140F39
:105AB800F3FA01110B07FF07011704F315FAD111C7
:105AC8000DD8EE15E904F10EEFDEF10B0BD9FDE16F
:105AD8000FF4F2D3F7FEEC1D2A31F5CA22C3EB0E00
:105AE8003CA8FCF9BAF4DE10F1D2183308F5040921
:105AF8000AF60C1B072F17F3090503172212FD01DD
:105B080005FEF71B03F3080FEFEBF3F00C04EF0AA5
:105B1800EF07FCC0F3E3F8F4F8DC06051729082BB7
:105B2800FC1AF609EEFAFB000828F1CA05DDF2F0C6
:105B3800F6010DF9071710FD0CFAFDEC2F0EF30E08
:105B480004D80711E8FCE507FFD003070B05E911A6
:105B5800F206FF0E11EA050B050F09E906FCECFC3D
:105B680008FDF114FCFF0CF9FC0C04FD0804FF0B04
:105B780016FD05E9F8F10733FE0003FFFE17F80CE0
:105B8800F81AFE13EFFBE6EEF819FDEB0A1405E729
:105B98001BF2E7EC0AE2011BFFFEFF20D700150FFE
:105BA800F4F3ED16F9F9FEE6FC1800040AFAFB0F07
:105BB80017EEF1F006F9F006F0FBFB01FC051B0AF5
:105BC8000CF80C2305040BEF0A1500FB000CF80376
:105BD8000CF709FB1D0C0823FE04F40FDF0809E984
:105BE800F8F7F20E13F80BFEF91D02D0F50BFD0DB8
:105BF8001FF7FFFF02F6F900FC05FE0101F205019F
:105C08001404FA09FF070BF6051802060405031920
:105C180027EF00070E1E010007FDF80AECF10FDC64
:105C280003F9F3FC06F800F7F012F1DBF2F8EBFFEA
:105C3800FB05040AFCF4FDE1F9F7F11FF9FE020384
:105C4800F0110305FCF6220908F4FE1FF1FD020F0E
:105C580009F3FA08F2040A12F5E80709FCF10AE662
:105C6800FFF0011707F4FE1A0A04FF0C0AFBF410F0
:105C7800E5F3FF00EEFB03EEF7F2040B0B07FF1151
:105C880009FBEF1BF900FBFCFDECFFFA050AEFFE30
:105C980021F4D50918F4E60C163FFAFF08D1EBFDFC
:105CA80006FDF50701071FDF04F7F8C40CEBD9FA66
:105CB8001209040EFFF9FCE60C1303D512E300EDFC
:105CC800F6EDFE17D4EE0AECF3F600020BEE0CF438
:105CD800F60E17F1000D1B0D0801FDCE19DFF7FFB9
:105CE80015CFF7EBC0FDBEF507FA0D0AF9E5E9E5B2
:105CF80001F6040505E805F3EF06FBEA280DF509AA
:105D0800ED0201FEF002EBF300E303EDF50E0E16D3
:105D180092040BFEFEFCECF90CF7EE0909250707C7
:105D2800E8210211FCF9160D0A09010E0EEFFEF822
:105D3800190324E402F906290916EDD122FC08EE1C
:105D480017DF0405CEEDD4F7F3FEF806001AF505C3
:105D5800F90CFDFBF8E204130B0D03F809F109092E
:105D6800130EF80FFCF802FC0302050BF9F0081DEE
:105D7800E5F0190BE718FF06F2FEFDF7041FE5082A
:105D8800E70BF5031405EE0C0706F5F70BFE030603
:105D980001FFFFFFF607F8FEFBEDF6120A00060EFC
:105DA800F0FE00FA00EFFC0DF8FEF6F5F2080D0023
:105DB800D5F006FDEE0006F0FDEAF4FB0F0D01112B
:105DC800EC07F00A0AEDFB07F0F9F20DF204F318FC
:105DD800F002F919F513F9ECE2EDFD080AF7EF0BFB
:105DE800FA06FCFA03F9021BF5EDFA100AEDFF10AA
:105DF80004FE03F91002F2F203FEFE030601ECEDC5
:105E08000201081AF90407EFFAF10009F8F801F994
:105E180027FC0E0E13EC04F6FCF8FC0AEA08EEFD6B
:105E28000700F2F704F11812FCFFE91502FF150646
:105E3800EAF706F800EC05E9F9F303121B0EE6F899
:105E4800F91B00F70705F505F6EFFB03F80202FC5E
:105E580000080DFE050304F8EAD706FA1007F90D45
:105E6800091303DEF6F6FB1BF6F3FF08F1E8F4026C
:105E7800000405F805EE0EECE8F807EE0FF8E7EE7B
:105E880003FE03F70BFAF50A04E30BFF03F1CBDB80
:105E980010F8E4170CD7F7E2100206D812E709E663
:105EA80007F6EE1CF8F711EEFEEA011FF0F1F00715
:105EB8000A0B1902FD120C0DF0E00309F5FDF3F4CD
:105EC800FFFFEF1AF007F015FCF5F609FBF2EBF30C
:105ED8001BF607FAFFE311F80010FCDBFEED12F0E9
:105EE800EE0AFF18EF0DE301F31F1805FBF2DE11B0
:105EF80024FFF20B17F2E106111AF2060DF00CD985
:105F0800FCDFF42DEA0311F2090CEF000A0A09E894
:105F1800E6F0F6F0E4F207FCF00DFB0404EDE71000
:105F2800F116F5ED03FA02E9060EFE1100EE210462
:105F380016FA1FF5FA231C1514F6FCF8E9EA27F2FD
:105F48001AFCF0FE0009E32A061CEB2A0A15EA19D6
:105F5800EEFB160AFFF2021603F3F1041500ECF744
:105F68000A0C0A0806F10E0CF60DF209FDEC04F60F
:105F7800F5F70910FCF51BF1FE030C040AF7FD0DFB
:105F8800F1EF05EC0703EC0505F9EEFAF00DFEFA62
:105F9800E0FDF40202E2EAD8FA16F61E16FDEAFD62
:105FA800EF140412F6FAFF0E05EEEA06F2FA1302EF
:105FB800ED04FBF901F00FF708FDF90D0607F6F8F7
:105FC800F70DEEFB090705F0F8FDF3FD050BFCFDE9
:105FD80012FAFDFE13F410F6140EF100F9FA0CFB98
:105FE80016F7F903FD050BEAF70002030C0007F3A7
:105FF800EE0BF401FDFE0EF41912F8FF0014F3F98C
:10600800E904FD2002F810F6F7F8F102FF181AE784
:1060180009EFF3DF08F4F5D9120109120F09EDF5BC
:10602800F4FD0A04F5F709F0F5E7EE16080F1EF57A
:10603800EFF116EFF405000500080627EB0F01F253
:10604800DFF1F8180A060218FDF70611090833FCF3
:106058000AF300F5081102080900F50C0E170FF2F3
:106068000E000803EEF3060904E6EE02F90AF8EE5C
:10607800F7F301FB06FAFE0D0203F90EEE0BE6E15B
:10608800E5FE0204FEFA0813020AF018F8032202D9
:10609800F8F9FEF3FF090B04FEF5F5DF04100F0213
:1060A80011E500FEE7EDFEFBFAF9EEFBF8EDE80B73
:1060B8002A0A14FBEE0F12F5F6DB04FF2820E40D84
:1060C800FE1C0AF8F107DC4A08E7F113FFD4B90A05
:1060D800FC0A0907EF0808F0EF04F21402E7EBFCEA
:1060E800D92FFCF80902E019F5F1EFFEEFC2B11C57
:1060F8002B02582DF91CD513FCED00D041FDD5DC41
:10610800DFF6F419D8F7F63802CBEFE0FF19ECFD0B
:10611800FE0B060B17EE0202071AF1F9E7F307ED7B
:10612800F7FC0410FD0013E00516060CF2BFD72893
:1061380019F42108E3090CF9EBFDEE0420E0D51170
:10614800E22401DC06F7DB3DF1F1FDFE06F2EE0389
:106158000901FC120BFEFA040600FEED12020FF50F
:106168000019FEFE0D010DFBF307F5EAF8F6EF0C3A
:10617800F80202090F08FC10040AFAF8F8FCFDFB03
:1061880000F5FA01F8FF0BFE0900EE00F31C0CFC09
:1061980009FBF7FB0B0AFD040D23F404FD10F2FFC5
:1061A800F60BFA0B11FA0BEF0709F602F6091005C0
:1061B800F401F0FEFEE5EB09020E0001E2FBFBFA3A
:1061C800D801020D22EFFEFC0CFDE51905F904F6D5
:1061D800F9FA01F8100403FF040CFE0DF3040A0594
:1061E80009EF0504020B0DF6F7F2010DEF1519ED95
:1061F800FCEFFC08F9E413EFFA0CFA0E061FE50AA7
:10620800D904F512170AF9FF0B08F50B070E32D05F
:1062180012F5EAD106E3CFCC1101F42806111BFAD6
:10622800FFD7FF31EFED2017FEFAF80AFCFBF5F96E
:10623800D309F4D60D12E9EB05E8011A05EE07F1CA
:10624800EFFA0509FBF6FFF4F6150614FC03EDFB5F
:106258001BF7F9F21CEEE628FD090312DDDF02EF59
:1062680005040815FF001ADD0B2902F10212E80ADD
:10627800D60716050DFDFDEBE0C2F205FC2605026A
:10628800DF0909FDFBF70BEEFD0301E8F41BFAE358
:1062980015F3FBD001CFE1FFE315FD14D9F5DA10B2
:1062A800C117070520FFF4E10B1D05EB01FBEE17F5
:1062B80034F0FA210007F4FC0C1705F9ECEF13F79A
:1062C80023F70A1BEAF6FCE7FB0CF302F4E5012EC0
:1062D80045FCFA0DEFFEFDEBF21DF3E12BFFFE1D71
:1062E800020CFC25B0EEF5FAF4FBF3DDF111F00C2D
:1062F800F2F5041B030BFFF506FF05F3EA1709ED9A
:10630800E4FEFA1911F228100600F327FEE50A0741
:10631800DEF53E0402262DF703CEF30E260F10F706
:10632800E707F6F7DCF0FE0700F2F411FBEFF90BD4
:106338000EF8FF15DF07EBE30111FBFC1015EF1258
:10634800F1F8001703070005F602ED090D0FEC013F
:106358000E0CF708F8FBF5060DFF0DEC20EAE9F442
:10636800050EFBF9F1FFFAF900F60DEE00E1E2D3B4
:1063780007F6160924E9FD03FCF6F5F8EAF114E539
:10638800CC0704240AFF1CCFF202F00B010110FB1A
:10639800C503F6C9F010EDF0FCE2F20A121029F973
:1063A80004FB06F6E80706FB0610ECFFF50FF604FB
:1063B8000502EFEA0515EF000FE4F802020000F00D
:1063C800FA050714090B0CFDF10B06E8FB06090B8F
:1063D800E5EEF7C2FFFDE2FBF6E60416E7EDF9028B
:1063E800FF10F90C02FB09FD071A02EAFEF4F30795
:1063F800E3F203E9051D07F61EFFFBFE18030F076E
:1064080013FCFD11F7F60DF4FC08F8F8F50CEE0591
:106418001C01E4DF131DE6FF060DF521E7DBFCEEAA
:10642800330508FD13EB25FE051CF7EFF90DF5FE06
:10643800F007FDFBF4F5FF08F5FFEB040108F30C8A
:106448000808F1F3F1F4F61808FEEEFD04F2020A6A
:1064580006F3EAE7F50FECFB02F5F31DFC0DDD0E84
:106468000621F3150909FC0A0003F7FCEF21F016D1
:10647800BDF108FDF0FB08EB0CE3F606082114F06B
:10648800E014FCFC19F91303041200FFF9F2F5FFFC
:10649800360415253817F7191D0A04F7F3D9FCE94E
:1064A80002E4F8260D05250703F0FBC805EFF810F0
:1064B800FBF9113613FE11EFFBFD0901112006004F
:1064C800F3050014D7FE1003F1FA00F7FEFDF01DE6
:1064D800F0F51B3600F904EBF3E70EE8131817CFB5
:1064E800E6F70223BCF514E50EF60C130819F5FBC4
:1064F800EEF80E23F1EF15F20311FAF41F1A11EF5B
:10650800EB19FC0DF9040B01FA11F5FCF0120C0C57
:10651800F5FFFAF01505E81D060A0514010113FD3B
:10652800F9F8F3DE0E0601ECFF18F401FE0EF90D82
:10653800F80C151E09FC12F408ECF1051D1114E6FF
:10654800F20AED2FD7FA00FBF00BEA020510FD0165
:10655800F0F807FAF8F40A0500F3FEFB02F5FDFD72
:10656800F2F4F6F8FEF40E13FC020F0BF9E0FE1637
:1065780011F4F2F9F7F2EB06EC0801F310E8F3F581
:10658800FFDFF6F60A08F705FBE7F905F81506191F
:10659800DDF00CEAEA060402F7EAFA0CFC0308103C
:1065A800FBFC08EF0EF7FE120913EB09EF1014F8C5
:1065B800E2FEEDE2FEE9FCE8F2FBFF021C0308F94B
:1065C800020EECFBF605FBF30514FEEAF5180A0DBE
:1065D800F3F901E4F2FFF8EEEDFFF60FFBFEF20926
:1065E8000814FBF20EF50E0A09FC04FAED06200465
:1065F800CEF0FBF3EC1AFFFBF106F90CFE130D1CB1
:10660800EE0BFB020BF3F9070414FDF9F50B14F973
:10661800FCF20AD6F211070307FCFF090304DF1591
:1066280005F2F7EFF6F4FE0B0CF0E904F40C110296
:10663800EDF3F3FB06F50402151301FD08FA0F0A42
:10664800170AF41405020609EE16F1F7FB1A1003EF
:106658000409EFD90E0205EC0F110605F2F9EC1347
:10666800FC08FCF8EEFDEB01FAF4F8F7F7FF13105D
:10667800CDF0FA04F3F9FBF309FEF812070BFE0359
:10668800F204FCF909060A1409F9FA0DF6EE00FA03
:10669800110504FEFEFD1E0AFDE708E90815DB0FDB
:1066A800FAF4EE0DF507E9F5F6E9FC1004FEF92217
:1066B800250903FCFDEE0E01FFF5F6110F03EEF4BC
:1066C800D8FB0B1EF901FC020005F3FD09EFF819D0
:1066D800E0F9031BDFE3FBDBE1D80104FF1AE6F571
:1066E800C326F60DE2FDEB050306F0120B08ED20BC
:1066F80008FE062726040DF31706F8F9F0FE16E73C
:10670800EBED062BFC021910F0310A06FF1DF4F41C
:1067180001F2FBF901F2FD130801FFFE0EFAFE1269
:10672800FA0600EFEE0501010819EEEFF6EFF01E8C
:10673800F7F62922F10B1E01FCD5F507F11AF5F140
:10674800E209EC23FEF80300FEEBF9240909F01135
:10675800F4FB0518F2FBF313F0FD06051703FF0E13
:106768000B09F205FF070F12FF0D06FD0200F900E5
:10677800FCF41207F0011301DEF7F3021315F40A13
:106788000214FDF609EFEF180BF8FA08F0060304F7
:10679800E305F6EFF2F4FEF51409FF1B0C020016F0
:1067A800FA1CF3EA03EB0D05F111FF14FF0B0707C1
:1067B800E90B07F6150312F20903FF07F7090707A4
:1067C800FCFE0704FDF9F9FE02FEF7FAF1151EF5C5
:1067D800E7FC01F00D031900010BFA090F07020687
:1067E8001001F3FA0C07F807F806FA03F016FD0093
:1067F800C503F1FC0A05F8000A05F118F9FA17FBB8
:10680800030AFA0510031EE9EF27F118041638E702
:1068180010090EF2FF0312070C03EC0FE60F1AFB28
:106828001C13080210F8FFF1EF02FCF1F3F5FDF478
:10683800E5FC01FDFFF5FFF80F09F809DAE0FE169F
:1068480003F2FBE7F5F11E0AF71D0627071C31CDF9
:10685800F8FD08FBF604F40DFC14F60C00F805FE30
:1068680016ECFC010C051B020AFAF119F4050603E3
:10687800EEF2EF0619EAF103241BFE05D9E50DF443
:10688800F801EE16F7FE05FCF210F11E06FF29F8D6
:106898000FF60FE9172326FD0BFF08FEF70300008C
:1068A8000BF0F1F511F102F100E7FDF2F50714FF25
:1068B80004FFF811EFE5DCFEF2050D1C130DEBF1FA
:1068C800F1ECE907EEFC0DFEFB0104E1EEF7EF1138
:1068D8002501FAF3F9FFEB021411FB021AF1F5F4A2
:1068E800FAF40730C102F6FA0401FDED04FBF70ED5
:1068F800EDF8F0F2FCFFD004E012F7F511F8020C05
:1069080003ECF4FACC08F109F400FF010A05F908D0
:106918000F01F8FF1D240D0700EEFDFFF6EB130431
:1069280010F601E60BEC05180210000B05F6FAFF4D
:106938000DF4FDF7E2FBF209E702F50E2218E7066F
:10694800070C0214DFF4FE1EF7F90D03051AFB020B
:10695800EEF9EF0806E8FF1CFF0606FC0405FE0B2F
:10696800110CFBF907F3FEF8050B0E0307ED0E10EB
:10697800030114E9030D18FDF7ECFEF6171C0410CB
:106988000D17F3E81305E40A08FA06FCEF01FFFF08
:10699800FB0AF50409F6ED131F09EE05EAF41903DD
:1069A8000E0B06FBFFEB12EA0721EB1B080AE5F4C6
:1069B800F507F5DC02EFE615130DF2F7DAE60A1132
:1069C80011F504E602081000F12DFD22F705ECEDA3
:1069D800F2FBF4F20DFD0407FE1B060AF0E91207AC
:1069E8000906FD1C03F90101081CF20C010EDCF478
:1069F800D7FBF9FE08FAEB0617290AFBF3D6EEECEB
:106A080008FB05EB09F30EE30014F21CFAF434CE8C
:106A1800FAFCFFE50AF9FC26D908EF26CF18FEF69E
:106A280019D6F026F205FECAF608F4F008FF39E98F
:106A380007F1F8E7DFFCE5FCF8E3F8111B06FD16A3
:106A480010F1F2010AF1FD100A02F8F80705021325
:106A58000AEEE7C60725F103FAEE060B0C051A2025
:106A68001804FAFEF4F2060EF50B07D8F1EE08E06A
:106A7800C4FA04D7E010ED02C8D9EEFD1B071701D0
:106A8800FC0DF2F1FDF9FA13F70C0810EFF6F3C854
:106A980008F1DDBAF9F0E909F209F60ED0EBEB28B6
:106AA8000A1607F600ECF5D6F117F10A05FBEB0A12
:106AB800DBFB19F922170FFB03E9FDE40AEB17F2D8
:106AC800DDFB09F90809F801FC0CFC1204F3D533C5
:106AD800EBF5407F3C1F1CD430D207C324FA0DB716
:106AE800A1E8F320CAEEF916FEE3F41FEF110FED4B
:106AF800E800FFC4FAEEFC12E80FFAFCE801E60E23
:106B08001705EFC71002FDF90704ECFA0BDDF8F7DB
:106B1800D4FF2827C9022DFAEBB5F2111712E2D8D3
:106B2800FA0503D00AFD043509F2022FF81407F616
:106B3800DDF9F8EA12F7FFF010F005EAF6000CF0BC
:106B4800EEF5FDEF0CFEFBF4F410FE06FD16DA156B
:106B5800EDF8060CFCE31203F8070E0114FAFEEA3E
:106B6800F509F3FAF2F7FAFAFEFD0DFFF1F9EAEF8B
:106B7800C1FE060DE91506EB01CBF308FB1918DE7B
:106B8800311CF311F2F9080DF9200713F1F212F88C
:106B980012F303FDF902FC04FEE202F433FE0CE3F7
:106BA80006F1FCEAE7EEEB2009F9FB1400F80F0602
:106BB80006010407E6FF0508F5E8F4071204F3EEFA
:106BC8000FF000FC1301EF03EFEDF5F000FB3AE0E6
:106BD8000D07E0C2F612E917FCFA0119F8080DFDD5
:106BE8003407FF190900FAD600FEF8E106F615EE9B
:106BF80013F4FF10E5FD09FEFDF301F517EA07EBB5
:106C080003EA01EDE7F1F301F9FA0503FF0734148C
:106C18001F04ECBBFA02FAFC0111F40DFAE9D21FC9
:106C28002DFF04010AF4FEEC08F7EBEA08F1110263
:106C380017F60E1205EFF80DEA0707EDF9FDF40552
:106C4800FEF9EBF8F3FFF5F3FD08E9F505030B0290
:106C5800FFFD00E0FC00F9F60707FDFEF7F3060963
:106C68000F0D0803030106E8FF040008EF060205FC
:106C7800DD04F0EBE2F1E00CDEFCF1F50BE7F709DF
:106C8800080702C81B09F911F416F60EFEF2CB0428
:106C98003FFEF0F221FCFF100BF3F5DB08ECDAF80D
:106CA800FB00F92911FFEFF005E60CE1020EFA03EB
:106CB80000F9090C0922240501F2F2E01DE905D2C8
:106CC800F2F306FBEF01F9ED03FE0111EFE2E747EE
:106CD800AB0D3644042C23DAF7DBFED6311115DB75
:106CE800E6F50FF9EEF8FD2C00E9FC31FC09F7E4B4
:106CF80011FDEEF71109F105121FF7F317E917F265
:106D0800EC16F101FAF1F7EA0208EEEBFBF102F0FA
:106D18000F02E20EA80AE309B3F206150C09AE0E3B
:106D28003505FFEC2DF6EA02F1FAF4FC0516F1132D
:106D3800D20A06261F2104FA0F04F7FD100F19E6E0
:106D4800EA08000FFE051807F4FFEEF9FA05E80255
:106D5800EA000803FDFCEF090AFDF3F9FDFD04F55F
:106D680000FE020AEE090CFEFB0F06EE06FE0D0EF3
:106D78000507F1FBD1F7DF00E4F4F214FF12D92282
:106D88001501F00626FAE312EE10F800ED020EF8EF
:106D980013F611F7EC05EE13EF08FD080EFA09FFDC
:106DA8000F09EC060BF1F8F3FC01FE0AFEF5010BE6
:106DB80004010E0AEA07F2F7D108FF080412ED07EA
:106DC800031301E903F3081EF6FF0009F6F41DFAA0
:106DD8000E0502EE13F6EF160D11EE09050BF6F788
:106DE8001FEC04FA0703FFEC00F9F1EAFDFE0CF7CB
:106DF80005EF11F7D8FDFC11DBFF02F905EBF7F6FB
:106E08000E0FF2E6FF0702FAFEFE0013F20610E983
:106E180017FE02EB06FC01EB170907F7F8F5FAED88
:106E28001C1E02F8EF06F7DD030B00EE000209E86E
:106E380001F7130AEBFC1500D9F1F7F1080CFEE491
:106E4800FB0706F107F6FBFEF5F2FA0EF80613FA51
:106E5800EF04050F19FE1AFB0F030A05F5050AF0E2
:106E68000EF801FAEFF0FEF000FCFD18F62401E23E
:106E7800F0F8ECDBF6F4E100F002FC0904F304F8A6
:106E88000317FEE8F8FD05EB011B03F5FD18110BD0
:106E98000BF9180C05151E050AE7F0E8150629EE8A
:106EA800FF09070FEA00EEE302F4E8DDEFF9F80165
:106EB800D3EE0915FD051DEA11EAF2050202F0DA22
:106EC800F906FCE7ECFB020607F8013A0AE8E810C5
:106ED800E3F9F909EEF806CF06DD030204EFF2E460
:106EE800EDF8F3DC0EF4FD0FFAF7F81FFF05F6F0E6
:106EF8001A0AF2FF1BFA020614F6FCFFFBE412DF83
:106F08000F0BF80FE7F718CFF40EEDFCF9EE270199
:106F18002709F900BD07EF18C1F9F8F5150A0E079A
:106F28000CFDFC0B1405E6F208EE02DA0909E82864
:106F3800C1F90D02140E01DB22FF0B1CF60415002B
:106F480004FF010C04030103091EF3010D02E3040D
:106F5800FCF9F7FBF607F904F3090F0901F0FA0E3B
:106F6800050C04FAF5001014F2160E00F4131E2195
:106F7800FEFDED0AEF00070EF60FF716080626FDD0
:106F8800FC15ED240C05FAF1F9F8F4DCFAE60AFA36
:106F980013FEF706E8F5060AF00DF9EDFDECE1FD44
:106FA80003FE05E90CF6EBFC05F20204FBF5080EFE
:106FB8000E070A08EBF6F907D0F7000403F8050DE9
:106FC800080C02E41FF80A04FAF9FB15FAFC06EAB1
:106FD800F4F3F607070002F4091804FBFE07EE0DA8
:106FE800F406F7060A06F805F1E8F6F9F6F9FFFCE3
:106FF8000906E804D7FEFA08DCFCFEF508FFF305ED
:107008000303FFCB10EF07FCF90E0D1402FBEEECA7
:1070180004F11B171B0A110B120CF3F9F9FAFEFB0A
:107028000FEDFD100D0107050BE4ED0EF0FCF6F871
:1070380005F0E6E9EEEEF00BEDE907E1EFFD0D0CEA
:107048001806F0EDF8EFF7F9F711FA0606E6FAE593
:10705800E5FAFCFB00EFFB18F71BF9F6ECFFDFFD88
:10706800F7EBF00A13FB10F207FCF0150102F6EE3D
:107078000809F400FF03FE04100C0602F0F12DFDD0
:10708800240CF4F5FAFA10E90422FAF5F6FB25FACD
:10709800F0FD2811120527E901010B0E150A02FB64
:1070A800EBF5FAFA08F60E0C03F80006080D0EE6E2
:1070B800DB08F5F5F5FB0509161302FEF50ED1F20E
:1070C80017F8F0D8F9FBF5F4FC06EA29030CF6F0FA
:1070D800E506EE0EFDDAD4080A200D01DED1D6F859
:1070E8001B0101E7F7F90FD9030CFD09FE1AE6EABF
:1070F800F2FACDD1FE0CE91C05FAF9EFF5CC0FEB4D
:107108004C0C0BD2C6F20AD80329F6CDF70F201182
:107118001FF1F30CDD161801CAF7F5EC1110212048
:10712800261C00FEFDFDF0F7F702E7EFFA17F6F070
:10713800F806E6F918E4DCFB2A27F209F2E3E3F49F
:1071480033F5F9F5F4F628C8051BFDE4021BF9FA36
:1071580005071110FEE6F6050503FDF20800F70223
:107168000707FFF6EE071511F41304F4032615F7C5
:10717800FBFD040203F509FF01FFFC1AF60E1E0DC4
:10718800030B05150A040D010701000BF4EEF4F2D8
:1071980010F6F103E10C05FFEAF2F1F713FF052001
:1071A8001B11EFF204F3FB0AF90702FFF104FC10CC
:1071B8000708D9FCCCF8D61AC3ECF5EEEDD61212B6
:1071C8001C2DF6EAFEFDEE01FD27F3FD0AFCF8147E
:1071D8000EEFFBF10B140D05F3F0F7EFFCFD0A249D
:1071E800050E030F08FDF116F913F50EF302F10A67
:1071F800FC02ECF4C80ADA1ADB04F8F117E1FE31F4
:107208002B1006BDF205E30A0710F4F7F508FA1C7F
:10721800F9F600F9010AD92ADCDCFAEADCFDF50006
:1072280002FBF827FAF1F5EEF504091E43FDFFFF0E
:107238009EFCFFFF9401000002000000C90A000044
:10724800E1FAFFFFD3FBFFFFA1FEFFFFB90100003A
:107258001A0000001903000042FFFFFF3BFEFFFF7A
:107268007204000079FCFFFFA70300006B08000010
:107278004008000078000000340100001E050000EE
:10728800190300002DFEFFFF9B00000064060000AC
:10729800B4FEFFFF1CFEFFFFC6FCFFFFFD0500005C
:1072A80044FDFFFF5F02000006FDFFFFF1EFF70757
:1072B80014EDF504E2DDDF04F7F406F3120CF90728
:1072C8000BF40601F40A2FF91C0416080CEFF5F369
:1072D800F10814F2F81BF4F0050EFA010B151F095A
:1072E800F2FEFDFC2ED0F6F6FC080DC80BFD1204CC
:1072F800F8F207F806D3FC0509ED0CF00116D407DF
:107308000C12FBFAFB2725F5110AFCFFF10CE6E944
:1073180017042903D708E4F1F5F1F61B07FAEC186E
:10732800F8E0F50FF3F727F7F5EE1101FA0608F084
:107338000AEB1301140D200404FEF803F612FA06F2
:10734800F516F420FF0D0BF70EF80202F9F335FFDE
:10735800EDFB12FE2A1621EFFC140404CCE2EBDF4D
:107368000E03F61D36E1DFFFCD04E702F002FFF55C
:1073780012ED1B08FEF400FD00F50BF608FBE60B0A
:10738800161FFB14EB0D25F016042D03F5F008016C
:10739800F3FE06FF100DFE13001FF6FBFAF5060DAF
:1073A8000B04FEFE1FFF0A02FCF6FDF6FF0201FCBD
:1073B80007FEF7040EF63007F801FB011306050176
:1073C80007110D10021407F22706041A0EFA0E0709
:1073D8000209F3F222F30707FC04FA0903F902F1A0
:1073E800FC0CF710F413FCFFFE0FF910FC0C02EE76
:1073F800E9F90FF4F426DE39030A0CF2F9E0F8197A
:107408000AF8F5F923101DFCF4F1F50DFEF023FF41
:10741800FEFC04FB0C06E50EFBFA07F9FF0FF0EB88
:107428001817F90AFA0B27EBF8FDEAF5FF030DEE3A
:1074380009F7FF0200F1EF1EFAF3080308FFEE0C4C
:10744800FB12F7090A1317FB0E0B0E0801FDE603E2
:1074580015EE05F3C4F5CB0DFA09F7F11023FB017E
:107468000904FE18EFFF35060BF00B0804F90DF0C0
:1074780014FB04FB07020716FFF7FDF7F41DFCE7F2
:10748800FE0CF3FD100BFDF8FCEFD6FBFDF8DEF467
:1074980027FB1EFFD70BE904FDFC0005141A031097
:1074A800FAFDFA1901E531F0030221EFF0F7E5FFE3
:1074B80001FD0AF4FA1A070005FD09F411FB0E167E
:1074C800FF12EE110FFF08EFFA0503FF08F1EB05B5
:1074D80016023AFFD30EF20D060E08160A1CFF0D0F
:1074E800FF0EF70DF6EC2EFDEDFAF0E20B09FBFBB3
:1074F80002EBFD0BFF07FBE9EF0D0CE50917021086
:107508000B23F9220B0E14F602EFE0FA0CF1D9EB7B
:10751800FC070CF7E21AE70F06170C0B16C4FDFC64
:10752800E911FEF4E9120BF213023630FFFF270BC4
:10753800E2FA2FFA0F190236F513F2E0F40415F304
:107548000F18FCE3052403F1D8F4C701030B31F24B
:10755800D0F921F527F81019EF21FBDEED1505F11B
:10756800030208F5280B04FBD203B1F2F7F010F878
:10757800E40B0D020D130A2BFD0FFCF30DFE050E97
:107588000D0C0607F5230EF1F9F9E910F1FAF501EA
:1075980021F406F3E9E9F70402F701040011ED0A02
:1075A800F8FBF725FF0E1CF3FEF911EFF40C2FF38F
:1075B800E70B0DFF1BEE1F1DFFFDFBF5E31614FA8D
:1075C8002B15031D260C02EC01F1D0DAF9F600FEAA
:1075D800EFFE0B030613E6060805FEF2FB05070798
:1075E80012030106EE11040202FCFD0F0905C9F998
:1075F800EAFD06FAF5160A0807F3F21017D3F91987
:10760800F7130211F92409091EF831FB02F50BFDE5
:1076180003F412F5F101F6FAF30EF900000C021664
:10762800FC060A1100F60BF6FF03E103FAFA0BF861
:1076380006F6EEFD1504080AFC08EFFFF619091016
:107648000E00F605FD0E030502F90708FEF8DBF645
:10765800F0ED19010902FEDE05FFF40D1807130508
:10766800EE1D0C10040A12F708F803FC08F9F703DA
:107678000FE90409EDFAEB17F30308FDEB1CFB1007
:10768800FEF90B0B050E03F5F7F2D1EE0C07E1F34B
:10769800F0F92305F91C0011FAFB08190FD9150C8C
:1076A800F50DF7F806FDE5FC04031EE906F5020DE5
:1076B80004F207F0FF01F912F1070AF5F60406FAD9
:1076C80000FCF5FD04110BFDE2EDD4090706F1F10C
:1076D800EDF91EF80C15190EF61B0B0316DB0D0140
:1076E800EE2208EB0CF3F3F9F20807F308F503F7B9
:1076F80000F20BEC0605FD0CFCFB05FBFA0C09F58A
:107708000514F3080AF80101F9F8D8F40206EF00A5
:10771800020915F1081E19F2FCF90D2401D00AF727
:10772800FC3A031500F114E32EF4550BF603F8F0B8
:107738001201F107C91DDBFA0020FF12230708F622
:10774800F9D2071E2FE403F5D504D5F0F10221087C
:10775800CF110C08EEECE8FDF6EEF7E7F909FA03AD
:10776800160109D7F64407FAE301E6F80A023005DC
:1077780001FFF6F913FC011208F8FFE804EF17DF20
:107788002901FC09F015F4F90DEFD01AF9F7E50411
:10779800FCF8F2F106250C00020208FFF50400FFD0
:1077A800F5100006FE121107F3F6F90101FC3FF38C
:1077B80006FC14FD06F924FC0B06FCFC141909F15F
:1077C8001F1A1008250D0206F1F6FACEF70AF9FD80
:1077D80000F209F8F8F8000C011202FC06F011009A
:1077E8001A040E070E0705F321FBF9000505F3053A
:1077F800E51005F010411EE3F119F8F7F5F013EB69
:10780800ECFC071C1AF9F1EEFBF30AF9F6FFF6098E
:107818000F010107F413F5F3FB09F9F607020BFB57
:10782800F718F8FAF50406F10A01E0F7FDF00DFF84
:107838001006FAF00B010DF7F00FFCFE0412EEFF34
:107848000A0E010FF9FD0404F3F1FE04EFFD13F62F
:1078580013EBEBF11FFA10FAF2F200FD02F810FB3D
:10786800120B09F0FEFFFAE908F702F5FEFE0EF723
:107878000BF4FF080AE8FD03EF00030002FDFB110B
:107888001405090AFB150CEC0CEEDE0BEF08EEF5FF
:1078980010F517FBF4DFE7440AEF091510DD04F6CD
:1078A8000A12F3F7ED180FFF060AF51DFBF30AF8A5
:1078B80013F801F7EFE6EE080AFB060F191508069C
:1078C80014F1F514FD0B0FF701F2FE0D06F710F297
:1078D800F8FAE4FD1AD4043600DDEF06FFF4F1E00F
:1078E8001E01F5D7DD0705EA23001225F20615F07B
:1078F800FD020DEFFC11EAFFFE21FC08011D040A40
:10790800130B032226FCECF4F8F4E1F2F3FB030A70
:10791800F4F30C07220615260F13F41C18E9EFF8E8
:1079280010150A0818CFDBFA13EE09E00CF6C8FDAB
:107938000DF014FFEA02B6120DFC082D62EFE438D0
:10794800D6C508CAF1032DF125FD16FCF3019DFDEE
:10795800DE1B04F0A819BF12F6FF080752E9E1443C
:10796800CDE215A1F31330F8F80135DAF006DFF3AC
:107978004BFC1CF2A117BFEA06DCF5FF39EB083512
:10798800E2AEF434090E2C10F3F5C61D060511EE0F
:107998001B09EBF2F00503E301080902FF04040CDC
:1079A80001F3F60510F701ED06F2011003FBBFF92C
:1079B80006F50006C4ECC80A02F70F0D4B0CE75990
:1079C800DBEFFD9B000C4309030619B0F6F3FBF748
:1079D800F509040A020B05030AFAF6FAF8FA07F899
:1079E8000F0FF41407F8F8FF020AFA09EFFFF3F48F
:1079F8000FF602F3E707ECF2FA04080DFC12EF00A9
:107A0800E8FCF41121DF0AF3070017F7F8F901067B
:107A180015F4030804E4EBF408F0F4FC03000EF892
:107A28000EF5EFFAEA0814F30F05F51801F30EF155
:107A380011FA02FCE7DFEBE4F5F2F508FF2506FC96
:107A48001013EF24030617F20907F202060A0B0ABD
:107A580010F304F9F3F2020D02F405010914FCEA2B
:107A68000919FD1306F101F70500FEF904EFFD06FB
:107A7800190109F3FCDCFDF801F9F1E9021002072C
:107A88001907FA13EF0C0C0B1007F51AFAFF0DF390
:107A9800210215FEF3D9C818F6CEF70329EFF90825
:107AA8001218092EC71130091FFF2F2007F8FE02F0
:107AB8003204FEFFD804E6E4F9F4001A1817070F99
:107AC80019F5F21407F3FCFE21F3F50FF1F313F3A4
:107AD80009FD1802DF0BD711FFF10302EAFF06FECA
:107AE800FE01FFFF010C17EBF1FADFF3FFF0FFFBDC
:107AF800050EE30AEADCCAFCF1EE09E82326F5FFE5
:107B080016EFFBED000A340F21F1F5FC05F8F50638
:107B1800F1041D04DE0DD9DCF306EF1E1D0EF3156E
:107B2800E2F5040102E33309F7F02607EF0EF50A40
:107B3800F1FF21071112101D030DF8E402F21FF4E2
:107B48000CF50DDB150DF102FB06FBF7F8001AEB3F
:107B5800A5F51900300A4739042FFEBAD9E710F005
:107B6800062CFEDE1C0EE702E8F0FAF7F905ECFF3A
:107B780007F5FF0201EA0FF8F4E3F3EDF715FDF757
:107B88000F03F81302FC05F101FD18F9F6F2E0F60F
:107B9800FCF2D6ECF1E8FBDA0D10FAF51DF610153B
:107BA80012E2FC13FCFFF8FE2B09060B01FDFDF6A3
:107BB800F80502EB160114FA07F7F5EF120FFA0EA3
:107BC80016FCFAF9EDF90A0118F51F06F3FAFA0995
:107BD800FCFFF7F60EF30E0C0AFE05EA08F7F000B4
:107BE800F70E0002E10EF5F8F80C0AFDF10400FCAE
:107BF800F5EF10FDE50BE01A0510F8FEFF10011077
:107C080005FFFB06FDF01DF204060010F1FB0BF268
:107C1800EA0EFCFDE601D5F0F106F505FA08F70EC7
:107C280005E5F82C20EF18EFFF07F4F6F40008FA42
:107C3800FBEB00F8FAFDEC01FCFBEFF2110CFE0E79
:107C480009FE03260A0A0D0009FBFF0504060900C0
:107C58001DFA0108E5EBD0EEF8FDFA00FF17EE205B
:107C6800110D032AF91118FAF40BF20B06010D0095
:107C7800F8010307FB13ED070318F0FDF4EFFD020D
:107C88000AF5FEFD050C0BF30E01F7F90B00EA01EE
:107C98002AFA20EEFE19EFE403EC0007F703FEFDD5
:107CA800F712FF1DF8FE01FDEFF1F0010B06F401DC
:107CB800FCED05F0FB040B0B08FEF10912FEFFF9C1
:107CC80001F90803070408EC1602120EF1F9FD0188
:107CD800F4EE1105070BF4F9F6F2F5FDFCF8FA15C8
:107CE800F2190C1D020009F9FAF8FCECFCF6E7FFA2
:107CF800FEF7E90501F502F7090D05FFFB0EF8038C
:107D08000EF402F60E0405ED0906FD040802F7005C
:107D18001A1239FFF017EE190CF5FEFF00D805FF0F
:107D2800230FF506E22619FC17F0111FFC09F602CD
:107D3800E500050115090605F9E9EFEEDFDF04E7BF
:107D48000407FAF1F208F7FCED06E7EFFBFBFFEF9B
:107D5800D6FB0EF803010623EF010DECD9F8080550
:107D6800EE03FFF614FE05FEE6EEEAFC06F9FC0754
:107D7800F5F60108191406FEFFECF1FB15F40B01EA
:107D8800FFEAEFF1E50EFE0004EDF0F3FCF0F4017C
:107D980013FBDBF7F3F0E4F60607F71C2305FBFB00
:107DA800EFF50500F6EAF40F0CF60A0C0AF80AEEED
:107DB800FEF91CF30AFA0821FFF7F5F3E2060C08AE
:107DC80001F7070BF8120BFFED03BBFC0C08F409D5
:107DD80003FFEFF20BEDE41200FC08050901F10FB7
:107DE8000FFA0D11FD06F60414FBECF8FFFFE6068A
:107DF80006F912FEFF0F04090716F3172DFF0A06EE
:107E0800FF1801120E0501010F0702E80008EAF346
:107E18000A02F1F2EAF8EBF10706FA1BFFF7011F75
:107E2800EDE9F3020A05170909F004F9090A0CF249
:107E3800FFEDD2060BFCF8EEFD000A0809FB04046E
:107E4800130002F1FBFDEFFD15F40607F00BF0FD42
:107E580012F90BF4F00510FCF70CF7F919F6ED0719
:107E6800F708FD0BFEFCF8F617FA0000F6F5EEF43D
:107E7800FFEDD7FA0900F4D9F1F3FF100F14ED065E
:107E8800EDF2F1F6FB0F0FFC01020916F40CFA03F0
:107E9800F0FB04FA140E04FCFE10050E0FF5F8139F
:107EA800F40BFA00F406F9EBF60BF710FBFCEFF312
:107EB80014FAD4F3FFF700E4F3030412171700EBE6
:107EC80012FFF8E7F9FF05F10306F8F204F10FF1E4
:107ED800FF06EFF8220600EFF200F8EEF90518FAAF
:107EE800F610FAECF112FAF10B0BFE0604FF01FE94
:107EF800FE01EDFC13F800D60AF9FB05F306EE17B0
:107F0800EC0EF8F4EEFE16ECFFF4040BF9FC18F393
:107F1800E9120EFC3A292111F61100F1F0E20CEDFC
:107F2800171A0AEEEF14F3F40004EC14F4FE170E1B
:107F380008F5EA0102050FDEF317FF14FD22F00D24
:107F4800E4E4FC0E10EB00FF02FAEDEC0BF50DF982
:107F5800FFEFE3F8FC0DE90C0DF2F3FC0AEEF5F97E
:107F68000EF5F2EEFF0512F411F5CD0FFAF4060046
:107F780005EDF707FEF7F1080AF3F7FAF10A18FF1B
:107F88000900EE17E41F12F80F0AF213F9F1EEF4E4
:107F9800FB13EA05061E07F20418F7011B050EFE7F
:107FA8001408FBDA05F8E1ED0BF2FF090BF60C08F3
:107FB800F7001207F8F4F121FD0B03EE080F030593
:107FC80000170A1923FC120A0205E6F3FAF103F86E
:107FD80017F1070DF2FAFBFEF40E0BF9000C0F1562
:107FE8000A02FF00FDF416FCFF0D0BFE0500F8F772
:107FF8000D0001FF1303EF0E0502F9171709070D0E
:1080080004E9F2F5FE14F1EC0003F70301EFFEF3C7
:10801800FEF9C3F101FD15EBF80BFBFA080CF4F2BD
:10802800FD1204E5F70FF7F21AF60AF7EFF20BF66E
:10803800FCF8E309FEE508F4F605F709F8F701E7A7
:1080480005FDFFE300FFFB0AFB040100F9F213F74B
:108058000EF9FDFB0BF1FE02FB0C0AFC09F910EB13
:1080680007FFEFF9F504EBF008F2EB0EFD070A073E
:1080780005F5C7F20AEF07E0FAFFF708F914F1006F
:10808800F1F2FEE0EC0401F20B00180B0A052408DB
:1080980000FCE5041CF225F6FE09F3EDF80407C020
:1080A80011130CEED91FDA08FFF41514070908F6A6
:1080B80002FAE6F4E8E0FFC500F8FC17F813F2044A
:1080C800F804EDEE14EC04110C0A2A05F10B14095E
:1080D8000D06EAECE8D40D0FF8F0FDF5FC0B14E200
:1080E80023FEF805FB07DFF801FEF70BFE0717086C
:1080F800E6F1EEFDF7F6FEDFF1FDF6050415F717DC
:10810800E70EF5FE02F601FDFF0617FBF9F10C0577
:10811800FDFA0E0216FD1408FE07F4ECC4040AF476
:10812800220FFC180F03DAF00E00E8F6EF03FE0D3D
:1081380017F214F0EA060213040803F531FF0E29BA
:10814800FB260313F616E8F31DFB2707040202FCBF
:10815800F71000FDFC0CD3E206E7F11C38F4DB183D
:10816800D4D1F7DEFB00150702EF0F09F5F0E6EFB3
:108178002D0418F3D00BC2C9FDDA0C1E4204FE42CE
:10818800DB020127DD3844F30809EF2202F408EF87
:10819800FC11FEFA080E0DDFF7F30C10EBF4FAFCF5
:1081A800FC0CFAD9FCEE0FF2F108150802F9F9F8FF
:1081B800FAF9220504FAD0060905092449F8F2411A
:1081C800FA0901E90324150110F1F7F8F109F102A0
:1081D800030E00F3F404EC0E03F401E6030CFC02B6
:1081E8000EFD0901F90707F908F70C07F309FC095F
:1081F8000FF308EFFCFD060100EAEF12EEF1FE15A1
:108208000D0B0006EC0E07FAE10BE20C06EF07F97E
:10821800FF07D7EC08EDFCD5EFF8F0FAF5FEF4FC13
:10822800F804EEFAF1F10DF1FAFE09020B08070461
:10823800F1F5EDFCF7F2ECCB0105011FFB0BE403B4
:10824800061AF3F70DE3100C120614EFFDF8170ADF
:108258000C030C0304F8FEE8FCFEF505050DFAFB1B
:10826800F6F904F806FAFEF401F4F60EF2FEF4FE4E
:10827800FDF2D40B02FAF5C60803FD17091CF10D2F
:10828800F00CF9EA1504FAF306F1250003060D05CA
:108298003814C6F0F5E31AF702FDF9D9030408E328
:1082A8004914FA3C0E1BE6024EF62730EFFBFEF0AF
:1082B80026EEE5F9F1EFFDED0D05FD1014F4FD0FC7
:1082C800F8EDF0F802E6FCFCFEF414F9F1FF05EE17
:1082D8000109F9F5D1FBE9FEF6FB07F907F4E320FC
:1082E8000711EF3E14F11BF5E9F9EE1709EF09F450
:1082F8002BF3E9F9DEE8DAE0F9ED08161921EB0BC2
:10830800FD02F5060DF3140AFA09F7F809FFF9F763
:108318001EF70101F115DFE9FD040916111CF5F638
:108328000D34FCDF030513FD11F6221700031002BC
:10833800FA063D0007FFF7110AF106E7EDFC14EE17
:108348002A20F6FAF51507EB05F1FC11F109F9F801
:10835800EA051EF601E5074BF4F4F4C10CEF25F22B
:108368003CFD00DCE630F9FE3FF1EC02F10A19EFC2
:108378000BFD15EC06F4FED9F1EFF7110C06F1FF31
:10838800EF1D0BE6F8F1F7F700040720EE0606FDEF
:108398003305F2FCE9EF09FB0FD60411F3F2E3040D
:1083A800F1C206FCF9DF01FBF2F607EE03FEF2026A
:1083B80000FD07FA0AF80E160204F7EE0109FE039B
:1083C8000020FFE209FCEF00220701F90BF1020E81
:1083D8000BFC0E060B05E8020AF908EF08F3F6FD98
:1083E80017FBF11C0217F7FF0E0C05FC04012CF219
:1083F80011EE090305EFDDE103CAF118DBFAC0FE4F
:10840800F0D6F2E9FC092EE9DDF3FD0307FD0609C4
:10841800FCF2DBF5E70510F70805FC0EF6F40C1383
:10842800F2E6FD2014DDF103FEF0FDF3F1F5FA00AC
:108438000500FE05E9F5F6FD08FFF307F808EF0269
:10844800F3F0F10BFF0917F0F6FB0F03FD0400072B
:1084580004F9F101E505FEEC04FEFF0B0DEE041D29
:10846800EBFFF11B19F60E070B060CF606080E0BB0
:10847800FBED00090F191810FE0B02ECFDFB1509A6
:1084880007ED00070DF0F1F602FD0E12050AE9F7F7
:1084980007FA17EF09FCFBD60119021217F1F61AB1
:1084A800F510012C0A0E0708F2FD08070200FD0569
:1084B800F0F7FEFE170D1F1C021F01F0070321062F
:1084C800FB190AF61608F30302080806F1F1DBF4B3
:1084D8000CF3D90B05F712E8F30DF00411F1F81CB1
:1084E800F902F10D20FDFE0106F51BE802FAF8FF7E
:1084F80014F0CFF208EE0E0609070A00F709F5F89E
:1085080007FBF3EE09F0E4F82700090E05F7FCF382
:1085180028F7290BEEFDDA09FD0201F3F9FFF90549
:108528002117000ED2363309FBFAE93AF2F512FBAD
:10853800130013F6F70A19F6EEEDF9EE05F7F9024E
:10854800FBEEFBEAF016EEF0EDF3F2F702FF0DFD9D
:1085580006F923F0FBEA16E408BAF4F9EDFCD8EDC5
:10856800F0CBFEDFDC13E4EFD9FDDAE4F504F9F52E
:108578000F1D12F6F70A0C18F2080AF9050BFDE5AB
:1085880012FAF0DFEB09E500FBF3EF09FB020F033A
:1085980020EBE2FBF503DE10F0F8F20012F9FA0C1A
:1085A8000DFF0A17010415FE0AFE0603FE0415F264
:1085B8001BFBF2F605D90AE304D60CEE0407E5E145
:1085C80003E2F1DEE4FFF401FD060205F7FDFAFB24
:1085D800F4F702FCFB06E9050307FFF21009EF0DAB
:1085E80007060EFB00F9F9FD06030109F8FD03EF84
:1085F8001E00EDF50F08FC02000A0D0B1CF6131304
:10860800171DFF1AFF111CF311EFEAF6F3F8E8F44F
:10861800FCF50305FAFC1217FE08020501F7010133
:10862800FDFBF7130EFAF6F50FFDFB04F2FEF00062
:10863800FFF1DC03FF0A1B09FA0EF3F204E61CEC57
:1086480014030DF4FFFDDFFE0DF51709FD01FE0C07
:1086580013F4EFF704031301FD13F00718FC06FCED
:10866800FCFCF2E907FBE6F60DF90613FBEFFBFA53
:10867800F8F9DCF10703081EF916FD0218F208F3F1
:10868800FBEC05F81BE5F3061CEE1607F3EFFAED15
:10869800FE0A00FDFE120D10F50901FB0D1E18F86B
:1086A800160F0BE2180EF5F00C00250BFDFD09F86E
:1086B80013F1E4FFFEE7181BEEF8F80809F309E1E7
:1086C8001CFF07EAF90A02FC18F1F41E030AFBFB77
:1086D80007F1F3090E0311FA0701F0E7FF0D0EE8A1
:1086E80029140A06100AD9091D090619FEEE08F10F
:1086F80004F4D4F607E01F05F200F10407F8F303C9
:108708000002F0DFF402F50A19F308F9050708EE8C
:1087180018F910F91801090A11070CEA110C1A07BF
:1087280012E3F9021312F5FFFB07EC0CF5F801FA56
:1087380024F206040EF618ECFFE6FA1CFE2404F6F2
:10874800FB01EE06F31CE8090AFD2309070E04FCE9
:10875800F0FAEEEE16FB1BD204E80209050BDBEB80
:10876800F0F3F7D5E5FAFE04040008F6060015F262
:1087780001071EF4FEFCFBD9EDFDFD04DF08DBE973
:108788000108F80A0E020000EAF905E6F9EF0C0400
:10879800FEFEF2051010063001F5FFEE0BFD150088
:1087A80016FE0405E70603E60F090DFCF1F6FC05C5
:1087B800FF07F0F400E804AFF1DEFF12E51AD5FE7A
:1087C800DCEAF90B07F41D01DAF81BE4060AE70EE8
:1087D800FEF4FAF20D08EF0DF11CF6EC02E808FCC5
:1087E800F3170B01F4F3FB0C100CFD07F90AFF0556
:1087F8001509F304FAFCF600FE13F3FE131E040435
:1088080000F5FAEC06FAFA0117F215E1F90CFC0783
:10881800FA05DFF314F30F060717FF0210F80BF63B
:10882800240208EE02F5FAF22EFE220A04000AF7E4
:10883800FEF1CEFE0EFA02FC0307F4FC0603F2F387
:1088480001FD02ECFEEEF1EF0C0BF5F7F30AFE0268
:10885800FEED0006F7F0030D0105090909FBF7ED28
:108868000BF8F8F9E6F609F204EF090308FE01042B
:1088780011FAC50619F60211FCFBF90BF803EEE52F
:1088880019EC05F0F3E3F50616FB1316F3FCEB02FF
:108898001EEE050AFAF6FE10FF10F6FBF5FF13D2DE
:1088A8000AFDFC171BF2F30303F5001604FE07F597
:1088B8000AFAEFFA20F0FA0AF4FEFF1AEBF4DEF2F5
:1088C800140D00F91EDE15FE02000A0A02F9EEF187
:1088D80006F5F705F0FEDFFD0525FF0509F10FEFA9
:1088E800FE06ED2316E3F4000401F90DEF0CFF0377
:1088F80003F4F9F512F712F7FDFA0CFEEA0DE9F3A5
:108908000E1107F1FC0B13F710050D14FDF2090108
:1089180011F207EEE9070BF6F014FAF8F30906026C
:10892800FAEEEE18F8F2F3FAE408E70AF60AD9EFD5
:108938002AEEFF0B0FFDF8E00AFD07F70C052007EC
:108948001600FE210EFDF0001FFF0C2000FCEF04B6
:1089580005F51E0AFB18160EF0E505EBE8F80B07FF
:1089680009EBEE0AFD07EF081B0B010B0A0BFA0FC8
:1089780004FCF70510FB1DE6F90302D6E4EF100925
:108988001E1E000F1916E8053CF508E300FA1BFA4D
:1089980007F6FFEEFFD60412FEFDEFEA0209F5F135
:1089A8001B160706FE0E04FFF3FAF7F407F7E204B6
:1089B8001AF113F7F9FE0EEFF412F4FBFE01FC0EA8
:1089C800130B08FB1501ECFC29FB33F2F60AF60140
:1089D80002000FFFFF05F2FE070401F40B08010F68
:1089E800FAFAFD1BF704FE071AF4F6FF06F8050D60
:1089F80002060BF3FEE21A07FC10F700102014031E
:108A080022240600F9FE0BFD14FDEFF0F20401F537
:108A1800F7FBFFEE140FF50AF1F202FDFAF1EB0C89
:108A2800FC0202FCF20700010AF5FE00F40A11FE3E
:108A3800DD05DEFA1CF8FE0F03FEEF14EDEADF0594
:108A48000D20FF0210F812F501ED18EAF8F41800ED
:108A5800F5060BF60EF600FFF90A0315F305F30702
:108A68000D0100FE0B061EF002FF0E050907100897
:108A7800DE03E3FF260302150509F2F800D3DC0341
:108A8800080304DD000FFFF7FCF20702FB000C07E8
:108A98002201F9070612F6E5FB240006CD10F8FAC4
:108AA8000FCEFF3E4CC606FB000310EE0309D3F5BC
:108AB800EF05FAF6F40D1309F812F3F70BF01E0D93
:108AC80010FDF71A12FEF4EA2CF8FD09F6F3EFF898
:108AD800E9F7DD00D40AF6FCF30CF6110EE11907EC
:108AE800F1E5FF1117ECF4F2FCF303EDFF07F0F5E5
:108AF800EE05F3F2EA0F1DEB000D070B05E8F71280
:108B0800CEE4F2160FD2F2FB09FA0DC1F2F103FC22
:108B1800141205FDE127F2E906200308E8E4F4FE53
:108B2800080CFE0314EEFC0604FB0CFEF6FC0C001D
:108B380010EEE5EFEFEF09DB07EAF005E5F9080EBF
:108B4800E3FAEE07F20B1200E30801F4040350F90C
:108B5800321500F31BB019C60BBFFDF9C910F5CBD0
:108B6800FFF2F4CCB42CFF0ACA00DF0500F0EBFEDC
:108B78000407C6F207130A080113F40722001A03B0
:108B88000D17EC0A1DDFEE0611081CF904F10DFBA8
:108B9800FBF22C04F81716DAF3020A2DDA0EE60DAA
:108BA800B406070434E0F3E8D107E6B6F6F421ED9D
:108BB8001205E00721FC14DFF9160806ED190EF678
:108BC800251209F704F8F2FAFDF5FA1BF2F106038B
:108BD80000F9F3F61603E81007F1FEF8FB15020C8E
:108BE80019EE0708F70DF6000C0404FBF9F1FF096C
:108BF800F00C1FFDEA1C1CE3F811F217E1E2E61C79
:108C0800CCF8FE1B2ECEE4E5D9EFD6D7FC0C08F540
:108C1800DAF22007E80C261109F9F2F2E0E810016F
:108C2800EDE70804FA05E2EBEAF6E1E5F60BF9F3FD
:108C3800FBEC230CFDFC0F0AF7F5080C0AF6F90803
:108C4800F4FCF91310FE0804FB04F40AFCFAF3041C
:108C5800EAFD0507F100F60E0A11FAFEF3F109091B
:108C680002F4042E07F2F8FD1DF6F916F0F90B0EC2
:108C7800DD020FF0EF04140BF700EF14EEF10C0B0C
:108C8800E7D8FB0C06FFF701E6F8EFE5EEFDDEEEB0
:108C980001ECD6EEF6FF0009F510F3FD130D280BD5
:108CA80022F1071D0000FA0F29F20C0AFC02090B39
:108CB800E6F116FEF9FFFA02F6FA0706EFEA14FDE6
:108CC80004EEF613EC0C06F2F5FEF20709F0F1FCDF
:108CD800FA02E6050DFAFB12FE0CF7000C0604EC8E
:108CE800FFDDFFF205FD00FF0CF8040B020A04F09B
:108CF800EBEC0107FD0CFB03F8040C080DEB10125C
:108D0800E815020316E3FCF104FD1BD901F20DF985
:108D1800040426F20C17FFD100FBF4EA1E1B051E03
:108D28000711F1EFD72F160403EFF8270704010501
:108D38000FEBE2FEE20211E4FA01F40EDFFA00EEB4
:108D4800D6CDF2E4010F08FFD205DD020B0522E9BA
:108D5800FAEFFCF709E924E2F3EBFD09E00E08E875
:108D6800E6FB0DEAFCFAECF2CEF4C9E7F5F303F6FC
:108D78000EF3DBF40607040F03FD05EB040502D22E
:108D880013DDF6ECDA29F9F8EAF506090BF3D40451
:108D9800E40235F70B33FF010B1E042C06F5FC1E0D
:108DA800D4090B2A30E5F3EF01EE17CEFB0C17E7D9
:108DB80007FBECF603DE1BEEFEEFFB02EC1A06D413
:108DC80000ED02EEF21506F6FCF3FB0905FDFBF6D5
:108DD800FB040C03020BFCFF070D0B04FDF2F20E63
:108DE800F808FD12FF0B01031209080DEF0BD7F16C
:108DF800E10621F6161902F4EF260917200A1223B4
:108E08000D2FFA1D18EBFD1022F009FC02EF07F0F8
:108E1800F4F2FFF3020A000CF6000809E205040A5E
:108E2800F1ECF20511FDF7F8FAFDF00101F3FCF29F
:108E3800FF0408F3EFF50515FA00030E0BFD0A1001
:108E4800EE1AFE14F800FEEB13ED18DCF4F0FC0249
:108E58001DF711F4140FF81000F9F9F9FD0BF80CCF
:108E680008FC0D04010BF706190B0718FCEFF903B2
:108E7800DBFC22FBF1070E0F0DFDFE15F3EDF905E6
:108E8800E1ECFF1114FCFDFDEBFF05D60605EDEC4A
:108E980015050F050013FC13EFF809EEFB09FBE8B5
:108EA800F8FBF5F8E30BED04F1FE0318EFF11007FA
:108EB800F3F41C04FAF9180A06F0F5F7FAFAF9FDC2
:108EC800DBDE06F40104F4E0EAFA02E9F2FE08F156
:108ED800FEFBEBF114EFF20D05FA09040501EDEFC5
:108EE8000CE6FCFBEA04FFF2FCEFF517F0F3FDF8E3
:108EF800E6FCE9F7070F031EF615000011E607FC6C
:108F0800F70B0DEF0801F2F610F103EA000703F280
:108F180021F0FAEBF00D080DFE0307F501071CD14F
:108F2800F9D0FE05E417EDFBF0EEE7080005FFEDCC
:108F3800FD02F6EFDE1610F0F711011DF8F3E00858
:108F4800E8BFF4F411F4EAF9DE07E8FBF909FF01D8
:108F5800F8FCE7F5FB0219F7F214EF13F9F2100425
:108F6800F201FDF11607F809FE07D8070B00010406
:108F7800FEFDFFF5E51511F40EEE0701DDFB00E03F
:108F8800E5D1F60F04020003E5F8E5F30209CE0087
:108F9800EE0042FFF9302113F217F5DCF9F8321E22
:108FA800F0FD081522E8D9F6120AF8E1F0FB00F600
:108FB8001604F0EE17F7090406F0F315EC15FEF5A4
:108FC8000F05F2FC02F4FA0F21FD13030E07E90066
:108FD800FAF9FAF7F1F2FE05F206F7FF0EFD070DB2
:108FE800F910001A0408060E07FAFA0505F0EEF063
:108FF80002FB0CF912201314F0F8F7F4FD161EF317
:1090080013FFFD03EEFCF1062D04F617F7F6FF003B
:10901800E3ED12FCFA17F715F802FD0BF0EEFB046E
:10902800F30A031D05FF0DF8F9EFFEE5F70508F64D
:10903800D3EE04F0F6140202F6FDF41706F307FD6A
:10904800F01409FE02DC03F7F5FAFBC509060FF177
:109058000DFD09F0FD00F81A06FBFEF009F00710F7
:109068000E1C09FAFDFB05F10F0312F7FBFD08F9C9
:10907800CEFE19020D070311FE110504FFE3F4FFEC
:10908800EC00FD0C0CE611EFE8F9FFB3F9F50CEF75
:10909800F3F01CF6111BF6EB0FFF0000EEE8EEFBF9
:1090A800ECF7F8080EEC1A00D307F9F30302F108FD
:1090B800CDEF1D050A01241103F600FFEAE7170AA0
:1090C800FB1209190CDEEAF802F9FFBAFCFB150AD3
:1090D800DFFCFBFA030F06F8FBF9F30DF7FDDD04DF
:1090E8000419F8FC0FFE16EAF2F322F4FB00FBED7C
:1090F800EDFF15FDF20B090EF60CFCFCF8DF06F788
:1091080000DE08F6FBE7EFFF020509E8F6F81A05A6
:1091180017F9E0FCF1D1E2E60BFBF91D140FDFFDB6
:10912800FAEDF3E2EAFE26EBF002F11AFD05F9F298
:10913800F3050FF70B2205FCFA160C18E7EDE40A05
:1091480012F2EE181EEDF500F6F116010DF3EE0819
:10915800F801F8F00712E91A041EF70BE1E9F1111A
:10916800F6D7F10A1CF9F70B0100F40407F1D7014F
:1091780009F618FFE62D213C0106F2ECC9DF1106BD
:10918800FCBEF5142DEBC7F5FA06E5F3EFEEDFFAB2
:10919800030710FAFE0F310A092504E50DEA2FF43A
:1091A800F4E7081106EBE6E4F503E1BF09FBEBFF82
:1091B80002F2FBF3FF1AF91CFDFA0CEDD5E7F9F200
:1091C80018C2FD0D0101DD01FF08F0100CFCF709C4
:1091D800FDFEFBF406FEF00002FBFCF5FAF6FBF9D7
:1091E80012FAF60BF9FA0AF70FF5F20BF5F9100176
:1091F8001401DE0813F50704F305F7FE00FC0CF173
:109208000BEA05FDEDEF0AFE00FA1205FFF6FA0B70
:10921800DD000800FB071111FC0FFAED0AF20D1230
:10922800F20FF2101DFEF4E8020AF9C2FC03ED0881
:10923800CBFF29EE012C0810FB0500FCF6CF1F0818
:10924800D9FD080912DBECF6F8F8FBBE040202FDB2
:10925800F90513FE08FA16FEFA01F9060509F3F2F4
:10926800021CF60D09FD0BFEEFF204DFFB06E40B12
:10927800CEF51EF902122C2DFE09FCF301DB2B1C86
:10928800FE1DF1221DF0E0EC05F400ADF605FEFB35
:10929800D9EE36FB1C0B22E5FEF5FC03D51DF22D9D
:1092A800ED1BF23336E60808F40AFCCCE8010000AE
:1092B8004CFAFFFFA2FFFFFF9D000000F3FFFFFF36
:1092C800B303000097FCFFFFBBFDFFFFEF070000A3
:1092D800E3060000510C00008DFDFFFF40FDFFFF7D
:1092E800220100000B010000C0FDFFFF03FDFFFF8E
:1092F800EEF8FFFF6A060000F2030000CBFBFFFF59
:10930800AEFCFFFF24070000EFFDFFFF02F7E32B91
:109318000531F7EBD8FA03E6F117FE0AF7DA1CE88D
:10932800E8E213F31CBFFD1D0CF909EC0A1EF0F26C
:10933800D93A200AFCD9E525DCE21D04101B1F0ED2
:10934800040EFC11B40BE3E9F3E8ED01110918F878
:1093580004F51EF8DDFCBE25E931071FE5EC2902FE
:1093680023070105FEEFFBFECBDFFF0C1C0036C90F
:1093780006F0010BDD281BEC18FAF300FD0400FFD2
:109388001C00FE0416FE36D6FBB0EC29CAF1FD021D
:1093980037F60407061CEB1626FFF7091A132913DC
:1093A800F3310402DB0D010A22FFEB07F5FB11E89C
:1093B800F2F6F5FBF8FA091BF7FCFCF9FAE1F3F30E
:1093C800F5FD050D060DED0912F2FB08084062F8DF
:1093D800F40700F3D73801011DEBCFF50CFF0FEDB3
:1093E800181007F0050E0A09FE170B00F60D0C12EF
:1093F80008F3F6FF08FE0CFC0B03FA03F02B041825
:10940800F60F0C2CE9D003EA06000CFBEF0FE53051
:10941800FFE5F3090F07F6FA0200F9190AF7D7DA98
:10942800DC0CFB01FBFA000A12E71B00FD0BFF0234
:10943800EC03F6EEE8FCE6FEF60B08FDF3E6F4FCBA
:10944800F1E812F606DFC926FB21F0FDF4E1DDE9BB
:10945800E3251C0203C50FF8D7FC300502FCF7E230
:10946800F9EEE9FDF7EEE8D9D6061602FB0914F67F
:1094780008F919F313D1C826043102E11EE3FFF7F6
:10948800E8401A000398FD16DDEC1DE6F3F5FDD45F
:10949800F60505FD02000509E0EB1FF2FAEDFCF503
:1094A800F5FDF6E8F6B1D607F922040425F0FAFD31
:1094B800E922340A07BAF121DFFE25FF1DE21ECD9D
:1094C8000410ECF5F60CEFEAF3E317F2F307EBE51B
:1094D800F8EA14FBF03BE82DFE3AE931F0F60120FA
:1094E8002821C0FAF517011DF807D2EEFCD024D3C5
:1094F800FBE5EFEBF9E3D2F805FA20FD05170E1CA2
:10950800273119FAF8FB57D2F5D00212FB05DF0A0A
:109518000B0B2EF90D17E60F0DFB110EEF023CD3C6
:10952800EDFEF914DD06F4F515080B0B0423F9E438
:109538000818F2F5FD0AE117F425F305E2E91DF430
:10954800FE0E10F1F7E7FA09DCF512FC14186F06A5
:1095580006CA05E4C211E41515160CF2F0F7E9ED98
:10956800081D07F2F11203FE0C18F3F5EEFEFF2AB0
:109578001E000F0A09F4020AEA0FF7F6E841FD2C6B
:10958800EE34F232C7F70AF818FBF5FFF30CEC03D8
:10959800FEF9EEFEFBEEEAF7F3FD0701F7EA08E84D
:1095A800E309180408EC0109E4F9110417E2F9F0D9
:1095B800F8FC01050F010EFCE5E30BF308F6F905CD
:1095C800050507F3FAF6F7F6FF20EAF1F40B0E02A9
:1095D800F9F9010909FBFCEAF40F0CFE0FEC03D2C0
:1095E800F2F203010DECFAEDE3FC130505EE02F2CD
:1095F800FDF311FAE0FFC001FA1B05EA17080F187E
:10960800FFF7F7050215EA020FFCF0F211FDEAF781
:10961800F2FFF504FDE200F0F2F61D03F20E01ED93
:109628000D04FFEDE4DBDCE9F80DF2171008FD107E
:10963800FEDFF305F523F50C1D0D040214D610C347
:10964800EFF2EDE80EEFFE0AF3F71402EFFA08E680
:10965800090806FD122BC538F824FB011F16EC0E6D
:10966800263BB9FE0827071D1DF3EDFDEE110CE2A0
:10967800F0E3F8DD0CC5FE34191458F4FEF1191E98
:10968800ED17EBF3D10138F2F20CFD15EDDFD60042
:109698000B043900F504FB0CE50C1905F90004DB93
:1096A800F1E8F6E4E7F7DB301E180D0509292AE191
:1096B800171EFCFD1B07F9FFF808EC090AFF09F063
:1096C8000DF01F06F511090EEB10D7F9F3FA18F98A
:1096D800FC01ED07FC2802272AF70FF80B280AFEE1
:1096E8000AF0020504FD07150207F9F1ED0815084F
:1096F8000408F0F80808EEFCFDFFFE0D211FF9052F
:1097080009F0F5151BFBEB06171A0FF1F515EF2AF3
:109718000305DE07FAE000E1F40BE5FF06F30D01AF
:10972800F3EB22FC05060903F6F915EE13E6F1E85A
:10973800ECFC02FB17F90910F4F31AFA070912F402
:10974800F9FCFDF307EAF9EEECFCFA000816160D31
:10975800FD01F8FA0B0908F401F709F2F7E7E9DD6A
:10976800E9F9FD00F9E416F9E6E209FAF10E03F960
:10977800ECFCF903F4EEDAFA03FE0C090FEB1E0811
:109788000E07E6F7011FFAFE06EE0FF101EEEA01F9
:109798000605F9F1F8E627FC0C0BF7FCF0F11CE0E4
:1097A800E9FB03010FEBE00F010FF20CFD0C0718AA
:1097B80005FEC5F2EE0B20EB1CF309F40EC1EABC62
:1097C800F7DF09DC0BF7211EE9E132FDF6F7E715B3
:1097D800ED07EC05FA02181105F100FC00060CFB78
:1097E8001508F7050518E72727ECFF05D1C5E4118B
:1097F8000340F8291CDD4AE01DE026F1F3E91521B4
:10980800DEF5010092D423130449063512C307FD7F
:1098180003E43DFCF3C00C44C6E90AFEB8F925E5AB
:10982800001CF1F9F4DE4F0DEB144FEEF7BD13F603
:10983800B008F6F82214F606F209EA0F03F2030F4D
:10984800081B010303EA12F6FDFBDC0494A3171AB4
:10985800EB5CF24EF5EB0F000DC8400A10D6F21281
:10986800D6FD25FCF2030700F40DFC0CFD060303EE
:109878000DFBF201F9F1FDEEF6F80C081DF2EA0C09
:10988800E9000B0220F3051008240DFBF9DF07148B
:1098980003FEE2F11CFDF5EDF10C0206F5FA2600D7
:1098A80001FB12F30703FFE2EF010AFDF7FFEA02EB
:1098B800ED1301FC06E71AFDED030408EFF808ECC8
:1098C800EB05EFFBFDEDE0FCF9FBEDF509021807F0
:1098D80001FCF4FEFF0D10EE0BF3FCF1F602F9FCAF
:1098E800041C0303FF011F0AFBF0F607F4FF08EC52
:1098F800E80A0DFEFBFEB833F133F203E7EE10F68B
:109908001009CEF501172DDBE2EB00FFFFF6D716A5
:10991800040C070307D211F6E01B0DF8F0D409FA7E
:10992800DDE0F6E704FFCDF80AFBFF0F0FE0F4C017
:10993800F71D21FFFEE2FA19EEFA1F00050E0C17BB
:10994800FB2A0209FEE2FBE8CE4316F2FDCFF6DC65
:10995800E0DA07FD00E9E510FE3AEA3E09F50EF304
:109968003313FBFCF00AFD0FD3E0250BF9250501A5
:1099780006FAF1CCD21E01FEF9ECF6F4F6F9020F64
:10998800253125FFF30E5DE0FCDBFBD0B337DB2A86
:109998000FB6C4F8021AD603513AFFF916FDF01FA4
:1099A800FA0A0004E10812070100FFFA07EBF9DEE2
:1099B800EF05F3E7E11B1507F416EEF61FF5FD10AA
:1099C800FF2E100AF1FAECEDE4F6DFFC140D21E9A4
:1099D800FA19FFEDFA2F22FEE9ECDFEE0DFA04EF9B
:1099E800080DF70307F802F80A06000CF0F2F70A68
:1099F800050B05F8F70C100B1602FEF5FAED070A31
:109A0800EF1F06FCEBE2CD080A312006FAF4FFFB53
:109A1800DCEA0D06F9180AF0F10CF907F5C8CE14BE
:109A28000E301A0702D0F7FDF8DCE2F3FF000AFC5B
:109A3800EA0A0B07F9E9E307FB120CFF03F5EDFB54
:109A4800FEEB0A03F1FEE4F4FA05FC1BF9CD03036F
:109A5800000D18F4EDD213F2CDCEF7EB0516281051
:109A68000409F700EBF2E31AF81B18EEFBF9F10210
:109A7800010EF7F2FCED9B0100FDF0FEFDE202078E
:109A8800050B15F1EDEA170BF9DAFA0105191FFEB6
:109A9800F80AEC19E81310E810F4F9EDEF1400F4E3
:109AA800F5EF0204F1F3D7EB0015000CEFF7FA001D
:109AB800FED708F0F000ECFE0EFE20FF160C05099C
:109AC800F4F803FDFB1E090BDE0F070AF5FA01DFA8
:109AD80003F5F8EB170CCD35FC220909DFF7F90679
:109AE8000C10F8F303EE15F704FBF7EAF025FAEE8D
:109AF8000204FB17FF19F4E718E00A09F80EF1FA57
:109B080021080AF9F6EA2FF100FCFDDFFDF0C4F6A2
:109B1800FFFB1DFCF8F6EB0A1B1A0703001706F6F5
:109B2800F1FCEE020D1B0A07FBFA0FF2060502F222
:109B3800E202EDFEFE230818031AF70CFCED13F2FF
:109B4800181DF5FA01F8191ADDF6FEFB05E00FD429
:109B5800F2F3F0E8E3F0E30EEDF825F10CFA04E98E
:109B6800FB1DF9F2FFFD020A060FFF04F70114209E
:109B780008EEFEFD03080A0108130CF4F2FEF9F4DE
:109B8800F21407E4F5F505EA050801FE06E50511F6
:109B980000051EF302070C08F8FFFE0BF3F2121A79
:109BA800F30D11FF08E1F300FBE70F070F0E1B0A87
:109BB800F9F5E9F70D10F610FA0506FBF10EF0ECD1
:109BC8000F0AF6FEF6FC1514F300F50DEBF0090389
:109BD800E3F207F605FCFC04F60C12F80A1721FA62
:109BE800F012F9161409121AF4FF15FB0107000305
:109BF80009FC02F907F0FFE604F2FC38F30E231023
:109C080017DFEA0BED1BF1FE130F03010FFA1E0F0E
:109C1800FCF3010D06281406FD04F5FD05F7050CF7
:109C2800FDEFFAFF11E7F2F0F8E601FC13130B0F52
:109C3800E5D7EFEEF316FAFA06F811EE10F3FEE1A7
:109C4800FB0AF3210E030A0CEDF60CF10502FBECFE
:109C5800FBE5F9F30E01E5D0F8DE05010A1BE52462
:109C680017FFEEF6053102E2261CFBFCECFDEEF8D0
:109C7800F5EEF026F8F8F1FBEDF60EF3FFEAF01733
:109C8800FBFBF607EAFCEEEDEC0B0BF2F6D5D8D1B0
:109C98000E02FBF90C0207041219E3F20117E0099E
:109CA800F706FA19E2E9F6E10D0D01F7FB0CFBEDF9
:109CB800001BE5F10619250FFCF1FCF3061505DF7D
:109CC80000F7F9FCEF0DFC1A09F8EEF0FFEDFFE8DC
:109CD800FA00ECF0E2C7CDEB12E803F50CFBFDFE51
:109CE80004170101FB0C0C09FA18F2FCF1FE20071D
:109CF8000FF208F90BEC0800FB0103FE02EDF9CDA9
:109D0800FAEEF9F0210A0EF6F7F830090607F40220
:109D1800FBFB00F1FD180D00010AFE1CFB151C00E1
:109D2800FEFDE102F10AFF031BF30C071CFA13ED19
:109D3800FCF3EFF90818000C000C0008F4080B00FD
:109D4800040AF9091B12FAF3F20904F0F6F400F612
:109D58000A01F3FBF40C14ED080B040304071A18AA
:109D6800F2EFFD01010FF4FFF11F100301FC06FEE5
:109D780000ED09FC230AE818F2D8F7F21C110932A1
:109D8800F50AD6FC04231BF922FD10FB0CEE071E76
:109D9800FAFCF5180FF207E6DB1E05F0FEE5FC10ED
:109DA800E7D4FCED1F0EEE16FFFB01E806160E0ABF
:109DB800FFFDF5FDFD0925E3F1FF0B05F901F40DA4
:109DC800001CF5180DE809ECFA0E0308010601015C
:109DD80002E507051BDDF5EAEBE9F9FF0518FF26A3
:109DE8000306EE0D021BEBDF22011AE6F013081F33
:109DF8000430020BE3111014E8D1DCFF081627EC3D
:109E0800EE1F18FFD5032016FA240F2202D113EEF5
:109E1800FDE10DF50AFF0A29FAE8DF04C07E383FA4
:109E28000C48F366C8C942C109F3FBF1F8FF26FAEA
:109E3800BD05FAFD1B0A1511ECF1FE19FF02E1E957
:109E48000E0D0AFFFFF8FC071FF5FDF9C1FF20FA08
:109E5800F23CED1DE7D930E608BE1CF9F701F822FF
:109E6800F2FB1BFB05F806FEF6FF0D0E01F81B289A
:109E780001F10CFFF6FCF0FBF9FE02F51EE2F90217
:109E8800FB06FD1EF5FE06EDFE05FEFA0101F902D0
:109E980001FC0C09150200110DF1EC0215FA0EFC7B
:109EA800F81FF904F0EFFB10EEE6F40607ED1510C5
:109EB800EA00FE07FE07FEFEECFDF5FBF2F4FF1DCF
:109EC800EFDF0802FCF5F60EF0EFFA00190511F1C4
:109ED800F50EF8FB0A0700FAF6F1F9F304F918058C
:109EE8000C04F01724FA0CFBE50D100809FD0A0D07
:109EF800EFE5E203071A261AF8EC04D8F22C191F2A
:109F0800DD24CEEE020F31D305F3C3F9FB1F06FDA6
:109F1800ED030218FBF603FE17F2ED03FF0E04FE35
:109F2800EE02DE01EC271000F918FAF8E4D7F5255F
:109F380018000E01F5D6F1F9F7E2F2FE0C14DDFC7B
:109F4800F415F1FC20D9FFDCF323FFFCF0E625EA49
:109F5800D3E1F9F5F9BCBA08011BF12B32FD1AC29D
:109F6800EDF1E80208F82525F0CDFFF7F30D09F922
:109F78000013FC1BDFF5CFCD11160505FB1AF7E220
:109F880018080DF80110D926F11005C8DD0EBDAB73
:109F9800EA2A0009030FF0A3202134081204E7FE7F
:109FA800EE05F02003EBFFD811FD07020711190099
:109FB80004F214EEDE11D7F3F6ECFF1E1B1A1DDDBA
:109FC80005E9FEF3F10F20D3DCEFCE100803DE0520
:109FD800E714F902E80DE595F21AFC08F01206D527
:109FE8000B0917F41014070E02080FFCF8F80F15E8
:109FF8000A0DFF00FBF4040A0D0E0DFDEF0FC7FC60
:10A0080004EDF42F0207F4A81D11120A06F719FD32
:10A01800F0C8D8F4EB290C010BF8F9FB010E061671
:10A028001E1C0803F000FBEAF50ADF03F50D09F72B
:10A03800FE0DFE1200F70A101CF406F9FDFE07FAE1
:10A04800F710F0F6F2200CF40212F5FBEFFF1813EC
:10A058001812FFF006F9F706E2FAE50D08151303E2
:10A068000CE907F5F515F8070B050F06FE00EDFCE2
:10A078001219E6FAFE091E100212F2FFF2F9223B4B
:10A0880024DD0903F304EA10F4E0EFFF08021303E8
:10A09800F8F3E9EE06F7F71603ECFA010015F20AF1
:10A0A800102115FEEFF52B09010000FD0009182FFE
:10A0B800FFF10B03F9F6EF1A05F30EF90B0307FC92
:10A0C800F4FCF2EDF6F9F405FE18ED00F51F1BF1AE
:10A0D800FB0F0CFC0A01DAE80206061CF1D110EBB2
:10A0E800160E0D00FB0E27FAF2E2EBEDF6FF25F552
:10A0F800F1FA09DF131C1418EE1B0B05FE091FF0FB
:10A1080006FA1506F80808F7FCFE02F2F112FBDB66
:10A11800262806F30C0619DBF7001B0807040DF1C7
:10A128000AE4FCE8100F0CEA0111EDF8080620E239
:10A1380007FE11EC1902F6FEFCF0F515F3CCFF064C
:10A14800FFFAF906F2EEFDFAEA10DEF3061E1C0429
:10A15800F003F8FB0D250CE614100AF3FEF70EE0E9
:10A16800FEEA02FAF507FC11F718F70AE7EE1804F9
:10A1780014F2FD0EF404FD02FE04F700F610F909CE
:10A18800F110F423F1F604F9E2F8E3EFF3FAF70932
:10A1980002F3F8010FED00F0E90800FB0EE80106F4
:10A1A800FC0A050904FFFB0D1524F5040A10010F2C
:10A1B80003F8EB050608FFFAFB11FCF9081E07FB7C
:10A1C800120AF8ED00011315F608E8FF02FDF60C77
:10A1D8000607000C0B110C011910FDFBFA01040B0A
:10A1E800010600DE1DF903FEF700F6F8FF05FBEF98
:10A1F800071802F703E0280BFDFEF7E71221071CFA
:10A20800ECF100F9FCF402221F0F21FB1B18F006E9
:10A21800F2EEFEE4EEEEF1EB0B06FC0401F010EDBD
:10A22800081B0FFB0FF0120BF7F2F4E30D12FEFD03
:10A23800E5030AFCFF0A0AF615F9FF04110F0DF4ED
:10A24800000EECFBFC1B1606E8EFE407EFFC10041D
:10A25800061021FC11F20DD402F1FCDE1D231A3088
:10A26800F3F618FCFA040DF90A101AF913DBFF0CBF
:10A27800FB0EFE010801F614E20AFA0707F90EEAD6
:10A2880004F716F60EE83405F6EDFAF41F34FC155B
:10A29800E804EDF4100713EE1BE3110513FD0EFAA5
:10A2A800FA07EE13E30CE61309150C0311F112F685
:10A2B80007F315F2F9091BFDEDF9FDE2FC00E7F9DA
:10A2C8000104F005EEFEFAFE061109F8050617026C
:10A2D800FA03F8100B1607F6FF180CF702E8F9FE58
:10A2E800E9EB10FB04180A100C10FA08001008FA21
:10A2F80008EB02F3F2F400010E0EFCFB0BF8F40875
:10A30800011BFBF20B1A16FBF8F006FCF30812F21D
:10A31800090A16030EFB011304FBEFE1F401E7F948
:10A32800080AE90700FE12052517FEFF220CEA07B6
:10A33800EFEEF1E803F1FAF8F0F9F205FEF90FFB98
:10A34800070BFAFD15F61612EF0AEAFC0BF217F0E6
:10A35800F9F00204020B080B0801E70506050407DB
:10A3680003F6F1EE08FBEDF00B1E02F1EDF9030F19
:10A378000F10F3F30809D7090FEC09D814ED1E1DC7
:10A38800FDF415F2FCE80B09FD06E1EFEF080B0000
:10A39800F9F9F9FBF40CF806160CE503F706F419BD
:10A3A8000CFA08050D190C02F8F1F6010AE70BFF83
:10A3B800FF00FDFC06F3000606F4C0F308F50705E8
:10A3C80006F40206ED0BD814070BEE00000901F99C
:10A3D8000AFC07F609E8EFE10AEFEBF11B001508A4
:10A3E80002FD1F0CF8F50C05E400FFE8EA2F151133
:10A3F800F416EED2FAD11C2EF11210F3FDFB09E58A
:10A408001107BBF00103341A010EFFEDD3FBCE2D6B
:10A41800CB1BF8F1FA08FEF1191E06F5D0395712D0
:10A42800011E06EFC311E116C70900FAFEFDE9D6C1
:10A4380025080E051CFEFFEAFD0801E7F31CFC19C0
:10A4480012FBECFEF7F20BF2FB0331F3ECFE202CCF
:10A45800041405FBFA00E61ED211F5050D020FFAE9
:10A4680012FD01FE0C0CFB140402021405FEFF246D
:10A478001A0610FA03F2EF0EEFF9FBF120E6FBFEE5
:10A4880006F902E611271E0802F0F3F103FE08ECB4
:10A49800F1FD09FD02001911FDFEF302F60DF4E2CB
:10A4A80024050202EEF6080D060DEEF2F50D0B0D71
:10A4B800FC12EB0EF6F9CFFC0EFDDEFF0304EC0AEE
:10A4C8001BF3011011FFF9F3040D020115FFF0E26F
:10A4D8000A0AED070305F50F1CF20003050E1AFD25
:10A4E800F8EDF71AE01BE2F11F0A00F3EF16FE1170
:10A4F800281FFB06180BFF08F1DDF3EC1AF01D15F9
:10A50800E73E4003FE01D912F301C0F9F3F3D5FE8B
:10A51800F40CFCFBE910163500F3FE020B0CE2F01C
:10A52800020EF301E41A16FAEB19FB01020E0D1CD8
:10A5380012FB090504E1EBEEE9FAEEF1DE1203FE87
:10A54800EE0A0B161518190C18E80709F3F8ED0EA2
:10A55800EB1EE2FCDC0D0C18F505E9250E11190DB2
:10A5680023100AFF01FD081D13D5F90307170B0D6A
:10A57800F40401220D02F7C3F2ED0904FC0401E919
:10A58800F2ECF3F9EA09E4DDF2DAEC090FFDD8A000
:10A59800F6F3F806F82753A9EDCD3CF31111221074
:10A5A800EEFFF312FFEE0911FA0211F3F80DEA2398
:10A5B8000413E9FDCBE3D4E7EDDC03F01D3B2601F2
:10A5C800FFD90106F83311060BFD33F11FF708F127
:10A5D800EBE3F0FC1AF5E7DDF90C05FD0A171705A2
:10A5E800FDE6FBF215030F13F6FEF814F3EB131850
:10A5F8000BEFF3FB01FB0A0404F4F5F1CB1B21F08C
:10A6080005EB08E8F527165C1F170E02EF18F6FA97
:10A61800FAF414F2DE11CFCC080FFBEE022013057A
:10A6280008DC0A08FF2109D5071B1005EAFDE1E34C
:10A6380004FE0E08F7F52229F90CF9F50C120102AF
:10A64800F10112F9F5FDE0E4FEF703F30712183CF7
:10A658000A0B11F9F6F2DC00F81BDD0FE20BE1F34F
:10A66800EF08FE12F41805F90DDA00FEFF17FCE4F6
:10A67800001D0CF60CEA0D15F5F5F2DEF00E1227AA
:10A68800E5F707F707EBF706F513FC000B12E80BE5
:10A698000407E80EFA070E000A060B020300F9F495
:10A6A8000604E6FC050BF50EEAFA00FDFB0E09149C
:10A6B800FC011003F1F506F8F80608F8FFF4F202B9
:10A6C800EB02F3060AF6FCF507EBF404FC10F903B9
:10A6D800071CEEFBF4DB1AE7EE150210F515FE0475
:10A6E80007F513F115020D06FAEDF103E546F4EF4F
:10A6F80000EAFE051204FBE810E926FA05140FF536
:10A70800E80E0D05FA2304E3F0E506F21603F1E37B
:10A71800EFDC01F7040516E50405470D0E18F201F4
:10A7280002F5FA04FAECDEC105F80CF8FB1F01FC8F
:10A73800F702BD0901C9FF02F311FB0226151D210D
:10A748000EEE1B02FA04C83B120C00F41419F3EDC8
:10A75800F7E606F117F9001EF705F8F404F821E208
:10A7680013FF0CEF0A0302120712FD19FCF2FE098F
:10A778001401F2F3F806F9FDF0F2F8FD06DC08FF23
:10A78800FC1AF7F1150AFC4400F703080707D71D60
:10A798001A1509F8FEF5EAFAFC05F10305FC06FEB0
:10A7A800FCFAF7080601FB090313EDFEF9D6F312CC
:10A7B800FE05FEFE151906E2EDF8E807080E040B83
:10A7C8000708F8020FDB0205EB0AEA0D05E90407A2
:10A7D8001E150A0BFAF5F7101109E2EFE6F8ED116C
:10A7E800EAFAF804180B13EF13EC02060416EEF855
:10A7F8000B0101FDF30CFE20040303F2FF0D13F51A
:10A808002D190DF5EFFDFFFE0706E4FB0CEFF8EC44
:10A81800EDE4F313FF13F2D8F906110104230A0536
:10A828000209FAF50D0000FEF0EE020510F914F524
:10A838000D0FFD0AEE08FF06FAFBF9EE0208E80E16
:10A8480004FD050FF209E8F004F7E4F8052601070E
:10A85800182AF3F31F06F70D0AE5ECDFF40EFAF4F5
:10A86800F91D360009F92EECF913F8FDE72A0C0A50
:10A8780006EFEA10282A1D261FF80409FA13040017
:10A88800F0FC080BED3811D8F9F50AEF0C1DF203AE
:10A8980002DF09FD031302F6EC0E220BFC12F8EBA3
:10A8A800F9EF030F1B04B9171C0E130BEFFDFAFF8A
:10A8B800F004F8FCF5D70EEE020DE901EF00EBF31A
:10A8C800FA031509FB12D7050603EB010611FF0071
:10A8D800F9030ADE0525EA26FB05EDF7F10012EA81
:10A8E80016F52113F51707FAFE1A040E04F00F05E2
:10A8F80017FD09030DFAF3050701090E05FE0B1FE5
:10A90800F9F101D402F2EEFCEF2205FBF0071CFC82
:10A918001FFFD0FC0BE50AFEE902FD160CF701F358
:10A9280010EB03F0FF1EE902FD11F7FC08E1D0FE71
:10A93800020DFF190215EBDD04F0E1ECF6F9E70A68
:10A94800F8F613F605F7FB0AEA08F705F50501C45A
:10A95800F9FEE5EF081A110A09FC0303F6E506F704
:10A96800F30C020BFD0CF7F508FDE9EFF406E4061D
:10A97800090510EE02E41BEEFEF8FC1705030CE6D1
:10A98800111B0008F203FB11F7FEFAF1F5F5DF01E0
:10A99800EFF504F9051DB11602FEF303FC1DF51CC5
:10A9A8001C1109F1FDEB0B12FA02E81FFB0818F065
:10A9B800FFF8E7F2F815F61A0CFDF903F81B020781
:10A9C800F3EFF3F0EA1DC91E12230804EEFEF80E99
:10A9D80013200B0B0FF2FB0CF804EFF71AFC46DC04
:10A9E800010D0304FAF208F9E5F400FE16161D0736
:10A9F80004F50711FD29251E02F406F0F801EA2BDB
:10AA080002200506E93E37EDF8F803FF0814F01FA9
:10AA18000B040FEFF80FE300F00AD108E838170429
:10AA2800F0E201D2FD18C64A10113DF5FC00E6FA25
:10AA3800103BCD11FE06E1F60409F6CB0C07D00752
:10AA4800FB1306FE0DEBFFFEFF20FEF6F33C41F77D
:10AA5800FBE40BEAE701D71F18120EFF0306ED000F
:10AA68001E0CB3FDFC090B1901160308FCEF0E269A
:10AA7800080104F80FF4F5FA00EFF4090312FFF9DE
:10AA880000F7FAE30B0E0CE9FA0C08FAF5F609FEE2
:10AA9800060CE5F1F9DE03FDF112FDFA0B22DE18D2
:10AAA8000BF7F3F40914EE0D0C12060ADDDEDC07D1
:10AAB800FA02FA0B03129A11121507FFF800D924AB
:10AAC80010190FFE03E2DBF9F00A03ED0A29DEE1B3
:10AAD800F7FFFEF309FC0011FBE824EC000AFCF781
:10AAE800FD1704E4FE19BB2CFFF0FFFA1208CD0A8B
:10AAF80014171D0503C0D50EEFFEF9270331DA162A
:10AB080015E3EBF4FC13E71BF8DE330C0000000040
:10AB1800000000000000000000000000000000002D
:10AB2800000000000000000000000000000000001D
:10AB3800000000000000000000000000000000000D
:10AB480000000000000000000000000000000000FD
:10AB580000000000000000000000000000000000ED
:10AB680000000000000000000000000000000000DD
:10AB780000000000000000000000000000000000CD
:10AB880000000000000000000000000000112F2F4E
:10AB98002F1081552F000000000000000000000069
:10ABA800000000000000004B99D9FDFDFDD7F6FD1F
:10ABB800FD00000000000000000000000000000090
:10ABC800238EF4FCFDFDFDFDFDFDFDFDFD000000F7
:10ABD8000000000000000000000000003FFDFDFD37
:10ABE800FDFDFDFDD5AAAAAAAA00000000000000EC
:10ABF800000000001484480039EEE3EEA87C4514F8
:10AC08000B00000000000000000000000000000B26
:10AC1800CEFD4E000020001E0200000000000000D3
:10AC28000000000000000000000006B1FD840A00DA
:10AC3800000000000000000000000000000000000C
:10AC480000000000000C85FDE90F00000000000076
:10AC580000000000000000000000000000000000EC
:10AC6800005CFDDF1C000000000000000000000088
:10AC78000000000000000000000000000096FDAE8B
:10AC880000000000000000000000000000000000BC
:10AC9800000000000000000000EAFDF67F3100001F
:10ACA800000000000000000000000000000000009C
:10ACB8000000000000FFFDFDFDFB935B79552A2A8B
:10ACC800551C00000000000000000000000000000B
:10ACD800008BFDFDFDFDFDFDFDFDFDFDFDE8A80072
:10ACE800000000000000000000000000000335DA4A
:10ACF800DEFBFDFDFDFDFDFDFDFDFC7C0000000013
:10AD0800000000000000000000000000004348C8E8
:10AD1800FDFDFDFDFDFDFDAF000000000000000091
:10AD2800000000000000000000000078FDF99833E2
:10AD3800A4FDFDAF000000000000000000000000BE
:10AD48000000000000000032FDFDFDBCFCFDFD948C
:10AD580000000000000000000000000000000000EB
:10AD680000000009A7FDFDFDFDFAAF0B0000000083
:10AD780000000000000000000000000000000000CB
:10AD880017B4E7FDDD8000000000000000000000AF
:10AD980000000000000000000000000000005D95B9
:10ADA8001600000000000000000000000000000085
:10ADB800000000000000000000000000000000008B
:10ADC800000000000000000000000000000000007B
:10ADD800000000000000000000000000000000006B
:10ADE800000000000000000000000000000000005B
:10ADF800000000000000000000000000000000004B
:10AE0800000000000000000000000000000000003A
:10AE1800000000000000000000000000EEFAFFFF44
:10AE2800C4FFFFFF94FFFFFFF5000000C509000005
:10AE3800F5FEFFFF06FBFFFF1AFBFFFF08FFFFFF02
:10AE480002F5FFFF62050000F5FDFFFF9B0A000009
:10AE5800D5FEFFFF6EFAFFFF3008000056FCFFFF2B
:10AE680042FFFFFF75FAFFFF2E030000B700000046
:10AE780071080000E7070000CA0900008AFFFFFF09
:10AE88007F0400006300000027F7FFFFD0090000DF
:10AE98008E0E000057FEFFFF6CFAFFFF3807000018
:10AEA80021FEFFFFF30200004FFFFFFF57010000E4
:10AEB80053FEFFFFA302000004060000C5090000BE
:10AEC800B3070000510000007AFBFFFF7500000087
:10AED800CF0B0000AFF9FFFFCE0000004CFAFFFFD8
:10AEE80012030000C10800004BFFFFFF8E020000A4
:10AEF80066F9FFFF3D000000FCFAFFFFC4FFFFFFFB
:10AF080070FBFFFFDFF8FFFF120200008F03000055
:10AF180057060000BD060000570A0000B5000000F3
:10AF280010030000E400000092F8FFFF43FAFFFF5F
:10AF38007605000073FEFFFF87FFFFFF6CF6FFFF3B
:10AF480017FDFFFF6605000018F9FFFF75FAFFFF00
:10AF580059F8FFFF010500002DFCFFFFADFDFFFFC5
:10AF680069FDFFFF50030000A7F2FFFFF1EFEBFFC1
:10AF7800EBF0F105E8E80CE913EAFC1205F90C0E10
:10AF8800150001FCFFF0FE10160F100D10F9F21855
:10AF980005F5F012EA02E90F0E150F14FEF4E6E6C5
:10AFA800E5FD0D141718F7FD0F08E903F7F1EE0D8D
:10AFB80002EB0CFBEC06E4140AFB10FB14F80A0D78
:10AFC800FDEF030224BA0DFC27D3FC0A12D10CF8BA
:10AFD800F9DFE143071236DB30C2E738F6D102F376
:10AFE8003015CE1817252F0FEBF52ACC0FE5FDDC11
:10AFF8000E131C2F27E61CF00AFAF927E0F2E0E905
:10B0080007062F04E7D344E00004310107F3FBE609
:10B01800E3FEEF1A051813F52B09F1FED6EBEDF94F
:10B0280012FFF10D1412C4F4072706F6CF0802B771
:10B038001E1F07EB13031DFC10DEEFF300F9D4F21B
:10B048000F07E5FE12EC00080DDCDC01FADBEEE987
:10B0580002131B0FF6000DEAF6EDDE09FF03EBD72E
:10B06800DDF40FF6EEEF20CA031CE420112AE6E90E
:10B078000EEE112BF5FDFFF9181AF0CD0410DCFCCB
:10B0880018331B0B36FA06EBD808DEF1EADAF72C90
:10B09800FA08E2CBF92704F8E5FD1CFCE30A0CEBFF
:10B0A8000F05DADA0110061AF7EDEAE6EE12052BBB
:10B0B80012F71AE71209F80008E6131AE7F6FBF286
:10B0C8001A0BE110ECFF18FF0A0AF6031BEC0E0836
:10B0D800FEE7F7EC2308EE1BEA0109EB09EA070390
:10B0E8001A0CEB08F3FDFF13F109F6090416F7E94A
:10B0F800F3E9F5F9EF070EFD0AE4180CF5FAECEAA6
:10B10800F3EAFB071403F7ED04E605EB15ED01ED93
:10B1180011F51AED00EAFF0B0E10EFECEC080CEC41
:10B12800EB05F018F6F009181A0713F5F3031810D1
:10B13800E8F3EBF607E819FE1104FCF60310E8E75C
:10B14800E3E60715190AEAE9091B060DFDFB1017C6
:10B158000213111AE91304F41201E71411E6F7F3C4
:10B16800FF020FEAF00CF7E9F7ED0319E60EF3FB1F
:10B1780013F6F3030B1011F2FDF5EFF5F0EBEDF616
:10B18800F5D812E9F4F202E600FCFA0806000B0012
:10B19800021FE90607FF160616F8190CF2EFFF2141
:10B1A800FD0A0219EE0411FB0EFD13FAF3EDFFEF91
:10B1B8000C0F14E105E8DFFC05130F071BDA040D7B
:10B1C8001A11ED313EFB01E6F5EAD72DF21D16D630
:10B1D800C6DD0BDF0FF4F0160213D32009D4251BAC
:10B1E800EC1CF1D316E0E9F0D91C18080DE4F808B6
:10B1F8000201FAF9F0FDF1CBEA0F28F507CA27F3A7
:10B20800FCF1DEF906F5FFEEEDE5F907E81703DADC
:10B21800EF22D60DFAEC26F106E6FF31040802F615
:10B2280004F7F7340E10290C262C1BE9051E1AFD0D
:10B238000A161502F80504150228DD0A07FB12F59F
:10B24800EA0CEAFCFE04F9D91315EE0AFB25D90E1F
:10B25800060CE22C12050CDECE19D72AEBE2FF030E
:10B26800EBCEFBF6FC15F6F40D033E0AD2101507DB
:10B278001C32F30CEC071B08040B07040DFD12D35A
:10B288000CFDF4FEE8FADA04EFE7F5EA030FE6D876
:10B29800F1D2E2FAF6062AF5DC30DD1314290605A8
:10B2A800F419ECF5F412F105E4F315021017DF1B9D
:10B2B8000F060311ECF4E72C04E50E0318F1E11D69
:10B2C8000DE9ACE020F90010FC48F1F404EA0EE7BF
:10B2D80037EFEB06E4F7CEE9C4020235ED0E08EAD3
:10B2E800F60AE303D82B1C0506FCF3F208FD05F368
:10B2F800F32920D805CB0DF4F40405F901F9150A52
:10B30800F9F2FCE9E6FD07FCF804E4D818D4C9DF33
:10B318002217E7130BE10ADE231AF11602FE08E3EF
:10B32800D0A824ECF8F70523C723FAF91BCF250189
:10B33800E437F7F212E8E81427F00B13F8082007AF
:10B34800E503FE0C18F6DED311053BF100E109FC1C
:10B358001FDEC8E201E52A13DFE4E4DCFBF5EBF3CA
:10B3680024E9DDE8E1E4180526E9CA02F2F904094E
:10B37800FF2027FCF619EBEE3321E60AF20004144D
:10B388001C24ED14F9FFD5FAEB11E1E6E5F41ADC1B
:10B398000FDCE2FBEFE905E81213FDE41411E4E623
:10B3A800EFE6D8F1DAFEEEFCE7FB18EFF1ED07E582
:10B3B800D70FF40E000AE6F5070B152FFDFDE6275B
:10B3C8002C0F1AE6FAEC2AFFF00EEEE61A2AFA1803
:10B3D800D4031102DDDA03181AF3EA0A010DF7E1C2
:10B3E80001F31702EC071AFFEA1CDC920907E411C3
:10B3F8000412C6080421FA099710EAE8E8F10D19C1
:10B4080004FB41140B23F91233D5CBF92F1505157D
:10B4180024E6E9ECFF181320EF16F5DD01EAF31F27
:10B428001109021C12E4EED8F7D1EB31020B07F533
:10B438000D1513F5F3242BFFFAD90BF42A02EFEDBF
:10B448000F030503EE0FE8FC0DE3140BDDE119F023
:10B4580025E803FA04EA40D4EC190C0B01C91FE4EF
:10B4680013FA0CDF2DE310E500FDEE181AF7EF1EB6
:10B4780023F4D513E6F90EF213ECFD10C7F91ED527
:10B488003EF32CE70BEEE6E60F090CFB250C110248
:10B4980010FCDDF0E4F92E2D081AF8FEE024FDF684
:10B4A800F60A05D918FDE7FF0300EF0F0E0BE4DEDF
:10B4B800FE29D4E4DA1C2A1313F7152212031F0EEF
:10B4C8000625EF1D00270D062B1BFBF23403ECF1BC
:10B4D800C803D00E14E0F1EAD33E0BDBF30DFCD326
:10B4E800FC0C15073320F7E50327F40E1BF5DAF8F3
:10B4F800E22519F409FE1EED17EDE91FFCF612EC22
:10B50800FDFA1206F5E20709EA0DF9F1F5E6FBFA8C
:10B51800EBF710E6F7FCF00301E8F0FF041B150554
:10B528001319F7F8F9F205FC10081BF9F6050C1ABF
:10B53800030FFB09F20712020AF7EE07EAFB130BE7
:10B54800F2F4F50811FD09000B0EE611FE0A1503C9
:10B558001AF8FBFC0B14041906E713E61EE92FE59D
:10B56800F5D612DED9FBF82321160F11F825E905C7
:10B5780005E3FBF334082CE71B15FEF6E9DD0AFDAD
:10B5880030E002EE14F7C818EA131AE3FB11020FB1
:10B598002A351BDAE5FC0FEDEC0112DC2FF01CFB61
:10B5A800E905F2DB11FE1BF8F439EFFB0727071159
:10B5B800CD1FC72A2621E6F707FB2EE9081CEC0F4A
:10B5C80098FC18B03D0DC023A207F0F81493061A92
:10B5D800EA350400E612093802FC44E6FC06D80FF6
:10B5E800E0E7F12A02C602F91DDCFE020420E401AC
:10B5F80001FCEA0CDD0910DEEFE1FFB3D818E20721
:10B608001105DFFFD7EFF7E803EB0309FF040C0F81
:10B61800021FFC10052E18DFEF0411F7F70F0322A5
:10B628001F001E121C1D02E3130C1918EF111ADD5E
:10B638000FE2D0EBF60AE32405212AEE00E6F20831
:10B64800FBFD08191506E8DBF4E3F4EF01E9FE0C4D
:10B65800E3ED0F3DDAEF55FCF8F5242CC71E01E8A1
:10B668006C15F4EFD5D727FF1EA50F2EAD3E190C8C
:10B6780012F90DF60D3BECD5170447D615D2020783
:10B6880042010124DAE332EB1810EC0CA4E4D625CD
:10B698000DE10FF7F2174333CEEAEE08EC0808384D
:10B6A800F7040535E8ECEAFB0308E805EBF9E8EBF5
:10B6B80008EFF301F3E4F60CF10E1507F8F202F5C2
:10B6C8000605060CEE0DEBF9F1130903F7F8F21471
:10B6D800F3EAF501FA06FB011304ED1712F419F168
:10B6E800070E191012E70AF5EDF008FA140FF10A1F
:10B6F800F4F6F6E6E9F8E3FDE1FF03D9E216D5FC36
:10B708002E0FEF19E508E206030DF5063200FD26B7
:10B71800DA1B32FC28EA0A02FE2909F837FCFA2368
:10B72800CD06E1F8132209FB01E019F6FE07E6EA67
:10B73800EE1BF02005DFD8C925051BEEEEDE05FA65
:10B7480018EEEB0F01F31EF4E7F8E718FD18FB19E4
:10B758001AF8170D09F4210216FDEEECF8E3F7FDCF
:10B76800E8F7261319FEF205E2FCECF2210CFC15B1
:10B77800F5F9EAEA0EE61DF9F60A08D61DE1EAFF30
:10B788000AF016E7180A0CE01928FD09FB19F80455
:10B79800E51BFDF7E50218E5F2FFE0F9F4042E1ABF
:10B7A800D9FAF7F2ED0D0AFFDDEA46FEFBEF3C069B
:10B7B800F008F52A51031005242AFB15D7CB3ADFE8
:10B7C800530015C9FB3FE92D04B50C06FEFDEFDE5D
:10B7D8000BD7C216DCEB30023332F6E51D3501EC2F
:10B7E800F6FADE02E215F9E541FF4F0F1A03002FC2
:10B7F80000FA3B01F3010CF804F7E1070BEFF00D39
:10B8080018EEEBFB050FFFE9FB1C14EA0AF406FA35
:10B818000B061709F1F912F11C011BEE02130D13A7
:10B82800E8F0EA080E11F3EEF9F0F011060A160036
:10B838001704FE111AEAF802EFF2F2E8FAE609FF35
:10B8480002EF07E1ED001004DD22EC0E1009060AF4
:10B85800B00126ED2BF4E314DC0DCA001200F70149
:10B86800DF0505FA0B2CE7EDFC06311205D801FAC5
:10B87800080BF10E08EDFD02FAE60EE30AF0EAED18
:10B88800DDFEE3FBFB151A0CDD17FDF1F023DF12DB
:10B8980004E6FFF8F1F500DF0103FA00E4FF1430D5
:10B8A800E121EBDD0F29F828D924E4F4E047E4CCC2
:10B8B800F70AE5EDE205F6E00706FE2FC9F703DF14
:10B8C80008CFCE41E6EB11F9EC31F710E2DAFFE6EA
:10B8D800E712FFFFEE2800FEF3130BED13F9C6E79E
:10B8E8000004132B0312F2DD0D01F530E5E24A04E2
:10B8F8001B06EB033CCD03FDEC2011293206E5269F
:10B9080020CF161B091B071C09DBE4152D1DEF3280
:10B91800F61E1511011EFB0C37E226D7D817E3D403
:10B92800142621E32FEC26E605DCFCF1F6EE0C16D6
:10B9380003EBE0FE12121A07D30637EFFFE0F8EA2E
:10B94800FC0808E8FAD0E90BE3FB19EDD8FD10175D
:10B95800E8FEF8DC2B0DE0172AF623E308CDF918EA
:10B96800E1FE2627FAF634E13226F5E0F2FFF7DCAD
:10B978001BBFF93240B5BF41D5EE0B05E8FCF928ED
:10B98800C50DE0A81F1A140BE00AFE08EA0AD0DE6B
:10B99800E2F91035EFE60BF101E112FA10D7F702E0
:10B9A800FCF1230B14C507241B0A2307F71E190FE4
:10B9B800FA01F8E9142E17240921EC15E7F41EEC16
:10B9C800081E1BED0713E7F218E2FF0617F228F826
:10B9D800E302F6EE0CF7FFF11A1CFBFD0CFE230D3B
:10B9E800EA0DF30D02EAF106F3EB080BEAFD0BFB97
:10B9F800FD05F6E71E050802EDFBE7FF130AFEEE5C
:10BA08001A0AF3050411EAFFF9F5EF1A1F0720F5E2
:10BA18001B0E0110F20615FE140010FB160510FF90
:10BA2800EF11E718FC07E60F0BEA171CF71E0A1AB6
:10BA3800FE1214F3F80C110A08170DF1F60DED04B7
:10BA4800EC01E4E10FDA09E616C80EEF0AD0E91EA8
:10BA5800030DFB2C06042C0928ED1818EF07F9DF55
:10BA68001F1618FE041A25E7090713EAFBFDFCE474
:10BA7800EBF2E9F712120F12FB0F0724EC0705F19E
:10BA880000F52D070C1A2908D2F9FF120D04F70842
:10BA9800F8FB042602E2F99CFD20DA0100DF37E515
:10BAA800F8E52C67E6FFEBF802E00044010030FE01
:10BAB80016FDF9F8F6322321070A16ED032708F5D3
:10BAC800DB3FFC16F9FCD2FC14F7E8ECE2FB051AA4
:10BAD8001DEEE2250239E9F006EEFDF0FFFC150542
:10BAE800E2F4BE25F110D8EC1606FE2710D8151082
:10BAF800D5F6020814E3CFEF1EFEF8FE053B200A38
:10BB0800E2F8F0DA1C16CE1F19E2D319E320F61971
:10BB18000A01F5F8F9EF1603DDF010FFFBF517053C
:10BB280006E4F5D9F9F708FB0CDC0FFDF309E0157D
:10BB3800DBF5FB08F2DF2CD5EAEB21CAEF360A2F3A
:10BB48000400B6F9DA300A02D0FE5CE7F53ECDC44F
:10BB5800FAB30B19082A03F2AE1B3D51CCF51608AF
:10BB6800E8A2F7F815FBFDEE34F3123C41E6D3E703
:10BB78000E0C2603231E09D00015F2C3E626ADEFEE
:10BB88000DB416263CFEF9F5F2F91917010041DD4E
:10BB9800E6EE19120BF90611F10C0E07FD010BF078
:10BBA80013E9120A0A14EAFF0FECFC1B050608F554
:10BBB80004F2080D08FB05F9E70CE61916F8EA0186
:10BBC800FEE7E403FB0E11F2000CFCF8F1F813E5B4
:10BBD800FDFB1AF4041511F7080E0C130FE604F612
:10BBE800F31915F503E910040F1CE2EFF3FC111328
:10BBF800120BE9FDDD160B071E262B1BCA0511C10A
:10BC08002C02F2EF1BF803F82EFCEA200405CCFC0A
:10BC1800FEFEEA0FE5F50DE608E8C01407EB07FAA3
:10BC2800101920DD1C24E4FDFEFFD01316DDFBE710
:10BC3800D9F9130DF2E72404FAE9E320F3E20CF250
:10BC48001BC205480C191ED7EE3200FA291F3FD730
:10BC58001816EB1E16EEE92C05F4F9E113E0D545AC
:10BC6800D9F2DFFB0913DBFB010BF1FDCEF507036E
:10BC780017120BEB043F00CA1C0409F10200E81379
:10BC8800F511260A1FFA2D29FFE73E0ACD07EC1900
:10BC9800DEF81108E8DF1D13F4051FE4F503D7FBF0
:10BCA8002DED2A160C23CA19FA340ABB0FFC11D43D
:10BCB800FD25CB23E8C5F4000703F9FF23E2F52EA1
:10BCC800DAF4170BFB1AEB200B1B33F5FC11110EE2
:10BCD800FD12EDF122F41906B80B1000F4DD3A005C
:10BCE800DAF5EB1F16F7D6EDCBEFF9230CE51F2895
:10BCF800210FF127FD0631FBD40B0B0D1121F7168F
:10BD08000600F3021AF905F9EE11F20312F3EE2810
:10BD180014E6FEF0ECF807F619EFE41A0FEE151129
:10BD2800F708F20EF9F1092211DDFBE6E8100FF130
:10BD38000E05FCC80C0412E70A19DD090FEF2505EA
:10BD48000A00F628F508FF120523280EC612E7C3D5
:10BD58001D02FD1D2A1EE50014F80D1BE304E1FA7F
:10BD6800012DE8E503FBF7D6EDEFE6E6F3F3F4E99A
:10BD780009150602042DE3EDFFE1050DFAE20E07B1
:10BD8800EFF30E0700E92EF2F100E31505080E0D9A
:10BD9800F5E9FEEE14FF07E2E8FAEA0A28091707B0
:10BDA800B404FBCB0BF40011E2FC260622C413E317
:10BDB800F91CD1ED1DFBFD0DFBE8EAF8150CC4FFDD
:10BDC800DCFAEB0909ED10C5ED0315EAFCF6F0FC09
:10BDD80016E8C6F5E7E71C1408011606D0FE00258C
:10BDE800CD0B0BE5EFE43208D1EDDBF81333DC1BA8
:10BDF80009F32AED3F22FA35DF0830052DD826EC65
:10BE0800321BD40ED4D1FD0C34F206EFFEC7E51276
:10BE1800EEF2170A1224FF3AFE110CF1F309FA1593
:10BE2800EE18101417E904E4EA01FD2403EB171DCA
:10BE3800F721011BFA1617061FCB1BC509E91E219E
:10BE48002223C701E4BF090DF8060718B41411EA44
:10BE5800D8022046C5C517AFEE1A02ED4DCDF71032
:10BE680024F8EAF9231C1CEE0226E9D7D51BF406B0
:10BE7800F70B0517E6F628081106DB0F1500BC16A8
:10BE8800FAE7EE43110FFC0112080703F6F0E80D7C
:10BE980008FE0D140DF90002080E00F1F5E2FEFA95
:10BEA8000D1A021C07F0F4F618E9040C07050B112B
:10BEB8000CF008110F0208F3EFF0EF19130AF5F26E
:10BEC800E8FBECEDE30DEDFDF7FF0B0D0FF8F0E8E7
:10BED80000F0ECF8EE17F016FE1BF20001CD1B0087
:10BEE800170113CB20D00217DCDF0627031B130B27
:10BEF800F3E8FB2AED03F0E3270D2F1305150FD206
:10BF08000806FBE5FBE0E9EEFF20F1F91DED220E46
:10BF18000300E529F4192C06E6012A090E06ECDBD4
:10BF28001506E5F4EFFFF1C40E0BE812F0F9EA1379
:10BF38000B07FDF91114FFFF1013E00B081E1CD2AC
:10BF4800E3250D1F1A14F6EE022D153A251E0EF2E2
:10BF5800DBFBE32D2608FE13F401E211141416FD91
:10BF6800F6F4120837EA01B30612F8F4F82BBE010A
:10BF7800E9100C08C9E71AF61AECEF24FDFD250DA7
:10BF8800F5E1E4EA2EEC28E8DBF80E061CE9D30913
:10BF9800F5E337FF2826161BE9E9F4FF2224BA0C3B
:10BFA8001C0C06EF13FD2BFD1F05EFDED91611182B
:10BFB800030EF4E500F60A0B05E8F217081505006C
:10BFC80025F503E4F116F8D8D3DF23EEE500F5D024
:10BFD800ED0AF20AF4D914FD14B33CED04EA0E0993
:10BFE800FAC9050F18DDF93100F72900EEC7FA1074
:10BFF800EC1AE81A1C22FD12392E31D8070527E160
:10C008000CDEFEFA0CC9EE25170908F2F6D10F1955
:10C01800F8EC0B01163C060BFD090DEDC1E50C0C07
:10C02800F4F6F503FAEB061EF31CE6EF36DEC3F66C
:10C03800DED4F50F1CC71E091AE711F90215FA0517
:10C04800F5E515FF10F703F9E0001B26E8FD27EDDD
:10C058000A1516F60A1B0E0BFC3625F810F104FC1F
:10C06800E1F3070102C8ED33EA11EDE8FAFD120E1B
:10C07800FA0CF0FB060DF11E150A10F6DB0CEEF9B2
:10C08800F31702F3D10713EBE6162D092118E0F197
:10C09800FAF10F11ECE1FBF8EC1D0E08E3172D0B7C
:10C0A800020915F7FF1F13FF1CF4F92621FEE8E625
:10C0B800FCE9EB00E3F90AFD13F7101B15F625F070
:10C0C800F4061E000CF8F707E6E0091CFF13EC0263
:10C0D800FB120C0C27E80BEE3014EA0113F314EAF8
:10C0E80022CD2A39EF05181304D2E01C0DF604F30B
:10C0F800F6F9FC0FF2091D020CFE25E3E9E913CA63
:10C10800E4FF12FA1F102CF017F30BE813E8EA10FB
:10C11800F50014DDE8F531D0EF0E2802180301E927
:10C12800F3FF081902F9F407F90B101301F5F91FC9
:10C13800090CEDF5F8EFF4F00CE7F0EF10E0E7F597
:10C14800E321FD06111E0D0E00F6020EECFE1BF299
:10C1580016EC06141F01F9F6F90A010009F80A0994
:10C168001106E9EA11FE0104F815F711FE15FCEBBA
:10C1780006F4E5F8F0F7F40C0DF6FC33E2D6140AF1
:10C18800D1021F16F0CDFDCF2817EB2308120DE1C1
:10C198001A19DA02E53B0C172FCA03E9EA16B7FBAE
:10C1A80001DA10DE2BE915DD07B5CEEBCEFA32F257
:10C1B80006040CF3E93E24ECE700DFED0C1EFDFF5E
:10C1C80018E31502D0F01AF7E9095BF509F7F9FB4E
:10C1D80013FCCE15F7E1010AFFD4FFF1D7FFFD11DB
:10C1E8003E0500F83BFC164E02DA00BE0201F2D909
:10C1F8000BE613DED82100E5F611FFE1ED1D040F73
:10C208000FF90EEFFD08F63338FA0309160531FB6E
:10C2180009DA0BEB1EDE24FFF21201D8EFFCE0EB8B
:10C22800130CFC06F0F6FFF1EFEBF4F70515E6F852
:10C23800ED0C0B1716F0E5050EF41109F7010F0DBB
:10C24800F10D110302080016151506090E000EF26D
:10C25800E0FBF80B03F1F21AFEF804E6F91EEC0312
:10C268001FEF000BEBEEEC1AFD04F2F1061712FDBE
:10C27800F8F502EDE8FCED17E0F81AFAFFECF01D0E
:10C28800E1F0FCFD16F7F013201B16EA0DFA1A0F61
:10C29800E015E20D10EC1D0001FE200FFFF023D782
:10C2A80029D9FF1C0EECF6F5010817E91029DE055F
:10C2B800F02CF5CF080A2416FD1506FB19F3EEE954
:10C2C8000304FDDDFBF6F130E81511021B18B4E09C
:10C2D80004D7D71F21130624F30AECF2ED26F2F354
:10C2E800F42426F42D03E9E4E308E11317D0190434
:10C2F800FF14E6EE03151515D80814D804DDB901A6
:10C3080010EEDAF2F6F2D518EFF4E9E70707E6F9E6
:10C31800DEFBF5EBEFE31B06E7FB18F8EBFAEEEDB7
:10C32800EA1307F80C0AF3E607E716F5F7F9180C0D
:10C33800120D0913EB06FDF9130FFE11F9EFF0F2D8
:10C34800E9E7EE0313160A00090001F711F0EEFC05
:10C3580016F5FBFCF0E9F117E415E908FE00EB100F
:10C368000F14EDE3EBF6FEEC0016F1060004FA1FDD
:10C37800DDDBE40F20D24DED171DF81B06FADFFEBA
:10C3880013C6E221002010DDC2D8FA04DAEFD5FC8A
:10C398000C0B1F0FF2F72FCC131C16F511D215FB3F
:10C3A800F3F80D1223FF0103EFD50B40EFE923CD7E
:10C3B800EC0813ED08EF090CFFFFB10A08E0FFE6EF
:10C3C800F4FDE5F1FFF1E8E815EA04EF05F7FC0BE9
:10C3D800F1EC171B05FA01FDF8FD24070400030F13
:10C3E8001FF012EE0A07F9F201E1FB01E7F0DA0BA0
:10C3F800FB1C09040B02FFF3FBE8E4E81305EA1051
:10C408000400FD0AFE1C05F01003F0120FF1DFF026
:10C41800FA00FFE5EB0BF8EFD9E5F5F5CF1EFBF7D2
:10C428003408F027DE18DC271B14D60D0C05FE088F
:10C43800BA0215E52FFFE7FBC30FDEFD0EFD03096A
:10C44800CC30F7F9051FEAF5D9E31DDAF8DAE1F798
:10C45800C129EA151027ECDC1CFD2D02E218F0209A
:10C4680002E6A2F9F6F9DF03EEF7FC23170BE6095B
:10C478000B0B15F9E70D160F01F603EDFFE3151782
:10C48800F70E070DF80DEEF1F3E51618F3EC1BF7B0
:10C4980001F8F715F7111703F3001A1101F50C0B42
:10C4A800FDFE01E7FF04F213F1EFE9E8EBF705F110
:10C4B800F3F212E7ED0C17F4EB0F09020B0EF5027D
:10C4C80016ECFC05000A05F011EF0515EF05FF0E47
:10C4D800F2FFFD0002171AFFEA06F60EEEEC120351
:10C4E800EC0EF91513FFF3F4150C12EB16FAE6002F
:10C4F800F6FBE906EB080C09EBF3F915EE05FEED82
:10C50800061B0CEB15ED1207F10CF5FAFCF9EBF430
:10C518001501F606ECE213FCDD1812ECE71A23F617
:10C52800E014DD1D0B240CFF1FF11DFDDA23D9F5E6
:10C53800222101CF07FC1EE5160BF000F4ECE9DD23
:10C54800F62B16061CE2F118D8EEDBE8CD2AF3F537
:10C558000829FA06F8F61111F512F6EBFAFFF20EB1
:10C56800FC0005E911F920F2F818EFF8F90C131995
:10C5780002FFF518E8FF091AFBF315F713F911FD87
:10C58800F3E8F4FF070BFE1AFDF1FB07F7090101B9
:10C59800EBF4F7000802FE0B0918FFFB0EF40AF88B
:10C5A800F5EAF8F3EF09FCFFEE1A15F9F0EB19F8C4
:10C5B800EEFFFBE812FA0F10F907EC0B0EF3EFF998
:10C5C8001D1507E9E4DDFAFF0AFFE0F1E401F724AD
:10C5D8000C200CF20A23E6130825FDE01EFF1D07B8
:10C5E800EB23FA1723FF060EF626FC090F030314A4
:10C5F800100514091DF80212161E3009171416EE3C
:10C608000718011520E225E9E3FBFFEA08DD19E137
:10C6180001FDF2FF0EE7E1EE04DCEBE104EDFC14B2
:10C6280009F4F9E80E0B1B16F2131FF306F2F7ECE8
:10C63800F20803221011F8EC190B13FC0404E6EFBE
:10C648000D2C1A010601F6FB0A19FA13FAFC0E045E
:10C65800E7F9F1F800F41E1208F9E4FEF6FE03E724
:10C668000BF30B070805F9F2DAF603E0033BE80FD2
:10C67800E4202EF5F25A36D32ADBEBF2D0D427D1B8
:10C68800F2DD3663B718E6CE229AE936E80FF902EA
:10C698000DD3FA1C1FDF020EB7FEF2DFF71EE322EE
:10C6A800E0FDDFB51BE51426EFDF2721240DD90AAD
:10C6B800F9FE352E10F829EF02180C010DEFF9ECF0
:10C6C8001A1918FB02ED1E00001114171208EC1DB0
:10C6D800EF0F19F0FEFE0CFC211301E9FFF5FFE94D
:10C6E800150417F5F2FA1705FEF40EF808071E18D8
:10C6F800FFF114F211E80E0A04E8121A05F21CFA06
:10C7080006E8F2F919030510EB12F7E6F2F609F557
:10C718000D0917EDD8D52BF0FBF41400F61D1ED724
:10C72800FAE9FF20EA2018071FF80BD71A01F4FCD2
:10C73800FFF910EAEC0D1D0F0F21F4DF13E5DBF014
:10C74800DFF83300F224F9DFF720F6150FF607E7D4
:10C75800FC2B0CE7D4F214020706C1F30E04102DCB
:10C76800100E03E801F4C0120BFDECF3FADC3615E9
:10C778001B231605EFFE0203F2F401E20D090AFB82
:10C78800FA15FAF502031121FD2017E80EFB0E2613
:10C798000923060B09D319F81D17033711D1CDF258
:10C7A800100B1AF414F6381006E50D03170E0922BB
:10C7B8000D0F1CEFEBD6FFDAF60C11ECEE0B321076
:10C7C800FCDCF50A2C1722E8E9032A1716051CFEDB
:10C7D8002C310B0BF417EB19E50913F9000520F8B8
:10C7E800F5170DDE1CFAECF6DEF635FB06FE00CC7E
:10C7F800FBF4DFE92AF1DEFEED14FF02AF00220EA2
:10C808001D0BE727FF090E0B0C36F12C0F0541FD18
:10C81800F53A19E7F2F223F9F0F1E7D5B7EEE81D9A
:10C82800CDEE06D1EE343248BAD4021EF1AAFEE0AB
:10C83800440227FC26FCEAEB2AF7270327EBCA0762
:10C84800E421E6F3ECFB1A03CB0CFFF1F0E70F133E
:10C85800E4FECEF7F608052AE1DB3212F5FAF5F91F
:10C868000E18F519F10B0CF7F91600F004F5F5F6AA
:10C878001D0FF716E9060A0DFD12071100EFF6075E
:10C88800F0F7F5170214F6EAE1F419F3110912E6C4
:10C89800050CFA130301E60E131D09F315F2F3F55F
:10C8A800060EE31C0B09090303E7FBF117F3F61067
:10C8B800F626EFEDECFACFFBF305010308C91C24BB
:10C8C800EC0EF5D8E7E9041017F728000FFC0C0365
:10C8D800DA1807F300F128E2F335F4E10313031C37
:10C8E800FA1DFCD209EDF0100B0502F9EFE3EF1782
:10C8F80010F20CEA12FE2F0A0EF70CDDFB01EDF523
:10C90800E9F2091708110C080804EBEFFD0CF2FD19
:10C91800E5170A10F2ECEBF4EA01E6F1EA04070085
:10C92800FEEA110C000F1BE8FFEFFAFEEFF0F00F24
:10C93800EEF30CF4F31907FBFDEEF9F7EFF10EEF48
:10C94800F8F1F30BED190412FEF6FCE3FA091014E2
:10C9580002F9EDED11EAFA18D8F70B00FE0DFFFC0D
:10C968001FE3000814EADDF30AE7FF121D27F8F0B9
:10C97800F9FB1B241EFCDDF41902FE11161D0AFE2C
:10C98800ED2DFCE30514FA0105200304100409E564
:10C9980010140E070106F6EA0CE405E3F1F1E5E8E8
:10C9A8000F06DB0CF8E318DC0C04EE0C182DE7F787
:10C9B80020FCE50D19BDD6FA39D9F1FAE8D5DF031F
:10C9C800FC2E1CDB20F30F1209EC11DE0919FE0501
:10C9D800FFF627F83105EAF1E9E503080A2C29F6FC
:10C9E80020EFDFEC36D9FE0A15D60228F0EB081541
:10C9F800F0FB1D0DD80224F72A0E05E0FAEB1B17F1
:10CA08000507E900E2070103B6FB1CDF28E1E2FAAB
:10CA1800E8F6E8162022F61AFB24FEE11C15FFF3BF
:10CA28000001FA03001D0BFCECF3DD051711F208F9
:10CA3800DCE605E0EA000909FAE60B1009123A13E8
:10CA4800FAF5F7050204D3EDEDE701F7C5FCEEF0C2
:10CA5800E7051EF2F60BFE031501DA04F5FE1CD9F4
:10CA6800DF08302CF818FCD3E1E3F0220E0B061691
:10CA78000C262C2AEC2112FFD3051915202919019F
:10CA8800F20B0311040D21E200070EE21EF4FFD29F
:10CA980014EFE2F80B18D40FDFFAFD21DCEE25FEC7
:10CAA80010EB1402E308E8F2F42AFB19F006C706B3
:10CAB800F203FAF01DE011EA1107EAEF1D27E60379
:10CAC800080820DDFAFDE4EDD9E7160BFCC91905C5
:10CAD800FB190EF2F6FEF116F7162DF70CE0FB0D1A
:10CAE8000BDC0B1718DA110411DC1C0700E209151E
:10CAF8001E05D2E70DE5240B02F4DDC6E12202098A
:10CB0800FE140F0FE5E238FCE6F7FC1EFAF2CDE161
:10CB1800E5FAF71717FBECF60D381DEE2CF0351972
:10CB2800EB1F00E21CEF260D1328E61119F9FC147F
:10CB38001EDC1E1216FAFCCF17033622E20BD5F6BE
:10CB48000D1F1911F5110C0CEEFAC701F400F0ECE9
:10CB5800F628FEF8DA1602E8C9ECFF00EAD323FC4F
:10CB6800E5FA00D6F2F7D128220A200714F8F2DDF8
:10CB7800B5DAE4FFDCCE0FF20F26200A1032FE33BE
:10CB880002F722CA03F21012EC27FD031C0D152030
:10CB980022E52001F30BE21305F0DDDC17110B078A
:10CBA8000FE8FAEFED1B10F2130E18080D05FA0A3C
:10CBB800F0F9EAE8E2F4F40AEE10DC00F9FA121AE5
:10CBC800E9F21E02F7E1F7F515030109E8101B1A4F
:10CBD800ECF3F5FBEEFFFAEE0A0B0BF00C1E090066
:10CBE8000F1B0F0B0CEC0AEC0CEDEC06E40A1D0015
:10CBF8001904E403F91319FEFB10F6100B0D050BCD
:10CC0800C0DEFDE4EFF10FFDE4080DE909190B0999
:10CC180007F60EF9F817D317D60C37062FCC04DE13
:10CC2800302809F81CE6EA2C3501F6EFF8FA040E6C
:10CC3800E9D8E43615FB11DC1712F80EE3F4D00A34
:10CC480027EABCF200E6FCD80816EAC3EA0814F49E
:10CC5800F3EBF208F1F4F2ECFCDDFE27F4F7FFF851
:10CC68000214F3F9C7072FDB06F7D3F6CB2C150C04
:10CC78002EF630FE053610F3F618E90F0308FADA37
:10CC88001CEFDE05CD10E618EED706F61F020CF9EC
:10CC9800F5EA11090EF2C50D07E5191400EDE9CB07
:10CCA800F71F111BEE14E0E4181623F8E8FE0FEC4A
:10CCB800051FCCE6FCEEE2FB1727E5F0F7191AECA6
:10CCC80020D511F0D523E62D18DBE814F904F41665
:10CCD800FEF8EB10EBF80FE63E2C0ACE150C0F16FB
:10CCE800F505C3EFF51D13FCECFEF9EE16EC0E137B
:10CCF8000F0D3EF9FA2BE21108FFFAFDF3C4EE0D11
:10CD08000EE7E6DBF202D3012614F91C03FCF71147
:10CD18000101D50318F91FFD14E01C0800EFE60F08
:10CD280021EB15F8FA041204ECF4040EEF15F9FBE4
:10CD38000E26260BDD0F15EAE00CE31122F9D204CA
:10CD4800CFFD1AFEE7E213FB12EAF8ED0EF70C0F1F
:10CD580011E7FB1406E9151A20000B09E4E5EFE8D2
:10CD6800E9EE11DFFAFDFDF5090F0B0215F00CE6EF
:10CD7800FAF0FAFE15F7FE0303F5EF060F00EB0FC6
:10CD88000E1A16F5031B07DA000613061A00000B25
:10CD98001AFCFAFE090F020EE6F4E900F41AF11083
:10CDA8000304FF0BE2CB2C0317E10520F8ECC109C3
:10CDB800F103DCF213E7E322032BFBE71BDF0A2472
:10CDC800B3FE0FE027072CF3F1FFDEDD1505F1EDCB
:10CDD8002DFC23DD0B1003C2D5011931E802EA0747
:10CDE800EF1AF809CF041CE228ECF8E81200F11A4F
:10CDF800EC15F11201F7E70DEFF006F8F61416033B
:10CE080018FE181A14EEEBEA11EB0610EBF70D12E8
:10CE180014F8F318F309EDF4FF13FA0108EF0AF810
:10CE28000817FDF41A14F7FC1602110BFBFD0E107F
:10CE3800E9F7F514E9F316ED0D01FDF1000602EA34
:10CE4800F306020B01100307EF0133EF13EB16068D
:10CE580002EFEBEF15DEDB19DA230B11FFD91D28E2
:10CE6800F31D03F1E2E61001C4E2F7D43C1823D91C
:10CE78001D0217EFFF33FC06270B22EC06190B06E1
:10CE8800EA1D082716032ADEFB2E0FFBE905E8F446
:10CE980019EA0EF213EF0B1BFDF3FD17F02622F62D
:10CEA800F7D529E5FBF306E2CAFBDF0E3AFDEC04F1
:10CEB8003D1BDD40F0EB28DE36CC2AE5E618EE21F6
:10CEC80021C513040013F9EC01F1F1F3E5FA2BE2A3
:10CED800251B03E60E1225F4D3F31CF8EC2A18DE02
:10CEE80018E223E5D7E8F1EC03E12B1806DEEFD9C9
:10CEF800EF2212F8D6D232D0FDF21126031804021E
:10CF080011091D312709131CF6E7FDD0FE1D30F36A
:10CF1800101507E6DBED0B07021211050BDBD5E751
:10CF2800F7EA2101E8F60BFD2215241F0D1602E190
:10CF3800052AD80912E81EF40CDEF6F2E50ACA1E24
:10CF4800F80DFD27BCD1140B3404C0DCB9D6CEEDE6
:10CF58002229E7C80CF3EFFF18DF42FCCE2BE13E95
:10CF6800EAFB20DC082C133726271CD908CDE5441A
:10CF78001AF23804F5130E0E08E20B20C0EEE79EF5
:10CF88002DE80F0212D82F3239EDC4EDFCFD27F73A
:10CF9800F6E4E057E037E91DE229F0FFEBEAEFC3DA
:10CFA8002918E61C0440E8B5EBBB160AC0470C9FDD
:10CFB800F35E09D3F7FA16660DE921EBE80DD6F60C
:10CFC80031F50B212AFF100CF5E7C002B0F507C1B7
:10CFD800E9011F14C942B4E8E6E52A41D5F59DE9FF
:10CFE800CC0FF807020D0F4E1813E9390ADD65EF6B
:10CFF8003CEB1FFF03EEF5E110E8E311FD3002FC06
:10D008000905F31FDA02BBF9FFDC022BCC0919E290
:10D01800320C2EF7170CECEA080CFF071A02FC0E6C
:10D0280005E5E820CD2434E1D714F7F7032F0BEDFD
:10D03800DFEAE7F3EBDF10F4EBF70FF5EEE60EFBB4
:10D04800F7FD08E814F223EB02120BFB0BFCF30EBE
:10D05800F9E0E5F70007060DFE18FAECF217F31CE5
:10D06800FC0C0AFFFA0712110EFDF90012E6E6FBA6
:10D078000419F7F00EF206EFFB1CF30A130AE6E8B0
:10D0880016ED0E22E905EAF0EDEA12FD0AF0090FA5
:10D098001B1FF80E16DA01D2EFF8F701FBEDEFE5EA
:10D0A80019FD05011126DBF11805DF0DE70BE91D58
:10D0B800D8B8FBF5EDD304ED370703D42AE3E4042D
:10D0C800073928F7070A08CF1DED0A08FD151012C1
:10D0D800D0F5FEF4E4F3E61432F4EBE3EDFB07D904
:10D0E800DCDF1ED8040213EADBF00500EC0224188A
:10D0F8000C19F7FDE10512F2FC10EAE8FCFC050248
:10D108001FF72224F5EAF30AF6F2090500F3F6E818
:10D118000F1AF0E3F2E81217080E12FBF0FCF50BF9
:10D128000909FB1C0BF821150E000111ED13140B56
:10D13800FBEC041BF1F3F7FFFB17FD33F60AF3FCD6
:10D148003BD3D1FBF3CBF5FAF435E9F60C26EDE841
:10D158001D1C12F704F316B60AEBEFE2DDD0E01A55
:10D16800D4F901DC2F000119DD202AFA02E8F3FDC9
:10D178002237E7221A160CEDF8D31F0504FBDB173C
:10D1880027E9E8EBF2EDF3E9F205061604E10DE90B
:10D19800070AE5EF2B0813020FFDF120E5EB370E28
:10D1A8001C070822EEFCE71017E91AF3F810DAFB5F
:10D1B800EC23200AF4FA18E4E31714F9CE070A0658
:10D1C800FFF6FBFB1705ED261EF5090B2FEF3104C3
:10D1D800F7EB08CEF40838FFDE05FB1CFB0DE9F77A
:10D1E800F8F7EAED19DAFF04FE110A30140AFD25F2
:10D1F8001ECF06DBDB09F82305C71915173EE2FD2C
:10D20800E8091113CF21000C181714F0AD2AE8D241
:10D218000DE907FC0DED3BE50BFD06D9E9ECFD1624
:10D228002DFADFE6093EFCE0AB082F08FCEDE2161C
:10D2380001DE12EBEF160FE8F627C9F148E80AF10C
:10D2480025150616E5FFFA061841DC051D0E032014
:10D25800300BF6B927FF0BE4E31B0A030A25DAEDC6
:10D26800CB1AE21FF93C3ADEF8DCE30B3ECEFFF4C2
:10D2780001DB302214EF17E9EF0DBFF52F00230271
:10D28800DEFBFEE5F903DDFBE64CECE130120DFBBD
:10D29800C1A03981E3E93C1424FAC7F2DAACD828F2
:10D2A80032E51720C2FD34D91B2F6440130836AA73
:10D2B8000912510D1806121A553603F4FCE53A0204
:10D2C800FCDB022AFECCEB38CC0F00E7E8FE31018C
:10D2D80034FE4EF8BF06C60E0B07D0FDD9FCEF0E84
:10D2E800F32725032912F13CFBFF20F4250ECF205C
:10D2F800FB06FAFBDBD71027ED020D07FA0405F849
:10D30800180DF81A0CF213D020DD09FD12F31427BA
:10D3180002F9CAE5F9200324ED0EEAC8F6EE2AF46C
:10D3280011EAFF152EEB9EF103EC1E1705080F19E5
:10D33800FCF0F40E18A7370E0D081AE93BD6E3EDFA
:10D34800E40E17121F182AF5FBEEE5F8D009E6F0EF
:10D3580003FF320631FD1CD91DFA07F3F2E9E6D9BD
:10D368001AD8EEED14021D11EEE6F223EA1943DC99
:10D37800F3380D02E50807D2FAFDF502F01AFBEAC8
:10D38800E310FF08E01214081CEBE6FEF0DF0BD1F7
:10D3980027D5FC06E507DEF821180D16D62BEFB4C5
:10D3A800EAE41F071B16EDFC2F092E1DE00AEC0FFF
:10D3B800FF0112FB0C01100F0A08F7E5F5F9EC273D
:10D3C80004D30CDE0B38FD09E5AA1FEA1BE7FBF0C6
:10D3D800E3E011FBF1FA17DE12E9E91BEE1712EA96
:10D3E80015171614EE08FFEE070BF6EC01F8FCF61D
:10D3F800EBF7F60E1404F802E914EC12020809EC33
:10D4080015F2F0E90FFBFCEF0005F21AF41704E837
:10D41800FF12FC0FE8FDFC14031C0016E60AF4F6E4
:10D4280016F917F200E805F20708030C10FF1713A6
:10D43800E3EA190C081717F606E7FC1FFB0AE80AC7
:10D4480006FDE9E9121CFE0CF7070D12FDE70B00BB
:10D458000AF5F814EA04FA18EDF41408F1EDF502E7
:10D4680002EA0115F11906F2EEFE0700F9FC00F4D4
:10D4780006F1E90305190D151405F7EF0AF71AF770
:10D48800FA1411F7EC292EF9292B21FDCE2435F2B7
:10D498001D1D06D6D4DFDAFE21F52A2523053B0912
:10D4A800EFEBFFDBD625E2FB0EEE00F5EA250A06D8
:10D4B800FF16FEEEEF0E1AE5242E0B09DC0FEF0225
:10D4C80018C81F0CEC271F11D4EF1CFF35F5DC0D15
:10D4D8000B080A09E8EBFE110A150EEA09E4231500
:10D4E80015EDCF0108F0E41CEB0321FF2912F4111C
:10D4F800FA1B07E41B06EC06E81ED823040D1BE5FF
:10D50800FC20F9F5F407F2050CF708071E13DCFEFA
:10D518000E142FF9020B10FDF01AE40309F220DEB5
:10D52800E0EB130913032911FD0CF4ED1206EFFDCE
:10D5380033D8E024F6EF1515FD0D0F32170A29ED43
:10D54800E7E32FF608E1F0F6FC10081EF5D32C18D7
:10D55800DA2416E229D40916F50E1B0F1E0EE3ED88
:10D56800DF21E61F1000F3FD0EF802F1FDE43EF3A3
:10D578000AE7E8ECF2FCF0180403F60713FCE4F8F9
:10D58800F4002600EA1C2BFED3EA262A21101FD01D
:10D59800DBDA0D0FDFFC11F6E91C0F02F7FEED1DBB
:10D5A800E2DEF0EBF90721F11017EAF2F314131C8D
:10D5B8001BE30EF80B3403EBEE10FD00FAFA0FE74D
:10D5C800E82D0116B2F00CEC01E5E121EEEE17268C
:10D5D800DA0C12140D2FD802F525FB12F0F024F9FD
:10D5E8002624E9C1DED5F713EF2331FDE0241C2BF7
:10D5F800F9EFFC0AE6EBEBF5F520FFFB26FBFD193E
:10D6080011FF14D00E01DDEBFD0909DCDBF3F30398
:10D61800061209EB08F51C34DBF306080A0EF42998
:10D62800FDF715ECED1F030FFC02FBF1DFFDEB1F0F
:10D638002321FC052AE91EDC08170E02EE12EBB7BF
:10D648003D23C925DDFECA05CFE0F0361119F4FBEC
:10D65800EF19F306E0032BFC15EFEFEFF30106EEED
:10D66800E01B15F523DBCBFAF823C81A00E1E5FB2C
:10D6780002F1001612E91BA1EDF40BEF1BF104F700
:10D68800F0F7F9050AF10000FC041716E20DFB0497
:10D69800F501FD0CF906FEFEEDFDEB09F116F5FBB3
:10D6A800F610EA0C09050DECEF161504ECFB19F25F
:10D6B8000611FCF90AEDED0021FF131701F5EBE95E
:10D6C80016EBF008ECE9EF0E06F6E8F1B9F4FFFF07
:10D6D80013FDFFFF4B010000FFFCFFFF9FFEFFFF54
:10D6E800360B000001FDFFFFC9F4FFFFEB09000046
:10D6F800EF000000F9F1E9EFE9ECD801D3E7000EFB
:10D7080001E4CC1B200217B0DC120100000F0F1C33
:10D718001805EE00030F1B370B36F1F0DA0924E287
:10D72800F82124DB302634F6F233E9F5E23604C575
:10D73800EDD802F02EFCFF0E41BBE2ECEDF00C0838
:10D74800ECE8EC03C4BDDF00E6254BC5FF9C0D5299
:10D75800D2D9E1E6F214D21AF60F03091CC2A82D99
:10D768001120C014EA281225FBCBDA01D9CDE7E154
:10D77800E72D1DE026280B01EC0EC6D9ACF4F9D62E
:10D7880048295DC8A9FE04EFBDAA10001E30CDBF10
:10D79800E013230AB6041A1C28F6F2DB09DC091583
:10D7A8002821CE11BC33D2F61901D3F505F0F1F5D5
:10D7B800E133D4C7D3EA2AD92DE7DE242F0DEFB7FA
:10D7C8000701F209CD2D08BAD40C122B19D5031D67
:10D7D800CAD22B0C270AF302E62B13111B17E2D827
:10D7E800AF26371EFC57A4BD360EF1BEB4F1F4CDFA
:10D7F800ED0BCD14EF2BEE0E21F51113EAE70CD348
:10D80800F7BF20489AE033FE329ED10003E5E03BA3
:10D81800B713F1D21E20C3F61F230918A617350027
:10D82800132615CAF122F137B4FFF15809D5E40FD0
:10D83800E0EC9B05CDFAEBCA26D0BEE9A9341DF36E
:10D848003113D8DCF5D00B281EDE14CE29D4D2250E
:10D8580020FBC1CE11F1DBEE11F313CE35BD22AFA3
:10D868000CC4DCE5E03935F729D30C05DF8C8B0BCC
:10D878000AE221DFF4DE33C71D020D02E925C63EA8
:10D88800E0E8BC1AB12AF1BE3128E9DB37DB2DDB31
:10D898001F13D6FD2CB01CDFFB330DE418D40CEF9E
:10D8A80008C4F6DCE3FCE0FBF216FCEB00D714F24C
:10D8B80013FC1E33CBDE0511DF39C7EEC80825215E
:10D8C800F5FA0403041800F3EBFD26C507EBF0FF97
:10D8D800E9EBE8BFED1335D326DCA71109E6FA20FA
:10D8E800C4C0D50F36C222D80308F205BB3118C50B
:10D8F80018E6C3D0F2CE161103F2C610E6F3F8EE1E
:10D90800F6F120D014E8F9E812DCF7D20E04E6DCD0
:10D91800D31806E63081D5F0E410F1FD140E19E5B0
:10D92800000F04E1D218B0B01A47FEF5E430EC2D30
:10D93800F52505D22232C3E313E7FB10DB100311F0
:10D948000E0F36CAC3D736A50EEFE32419D9DBF577
:10D95800CDE1FE0CFB24CECCCC060FF5E31AD304A4
:10D96800F5CCC1E31B15F01B18070935EFC0EDC650
:10D9780005124AF428170F320A11F6C7081DD2D526
:10D9880031F001E2DF180F2629E6D7082DF333CD51
:10D99800CAF607E9EA0DDBDDE813090BE8F910EF31
:10D9A800F2FFF6ED16E803F9BA232DDBFC0825FF94
:10D9B800B93029D0D51015FADEB907001B29EC2299
:10D9C800EB0606C64F30ACD89BC7036A05E61004C1
:10D9D80006DDDDE1F5180915EE26ABEC0DF6FAE8E3
:10D9E800EB4319F0E2FA16D2E4E50C0BB714F6FE95
:10D9F800D7E8F3F2C2BEDDF103F702120AFDF61909
:10DA080013000ADBFF2BF4EFC8FECC2E291DDAFF2A
:10DA1800BC20DCF1F2E9F4FEF7FAEEE81CF1FBE7D2
:10DA2800E713090EE117F307A91FFB10FE29E324EA
:10DA3800EF142EEA2BDAF3143E25BF9F00010202F1
:10DA4800030303030404040404040404050505058E
:10DA5800050505050505050505050505060606066A
:10DA6800060606060606060606060606060606064E
:10DA7800060606060606060606060606070707073A
:10DA8800070707070707070707070707070707071E
:10DA9800070707070707070707070707070707070E
:10DAA80007070707070707070707070707070707FE
:10DAB80007070707070707070707070708080808EA
:10DAC80008080808080808080808080808080808CE
:10DAD80008080808080808080808080808080808BE
:10DAE80008080808080808080808080808080808AE
:10DAF800080808080808080808080808080808089E
:10DB0800080808080808080808080808080808088D
:10DB1800080808080808080808080808080808087D
:10DB2800080808080808080808080808080808086D
:10DB3800080808080808080808080808000000007D
:10DB480000000000000000000000000000000000CD
:10DB580000000000000000000000000000000000BD
:10DB680000000000000000000000000000000000AD
:10DB7800000000000000000000000000000000009D
:10DB8800000000000000000000000000000000008D
:10DB9800000000000000000000000000232D302BD2
:10DBA80020000000686C4C00656667454647000029
:10DBB80030313233343536373839414243444546BB
:10DBC800000000003031323334353637383961627D
:10DBD8006364656600000000A445FFFFBA45FFFFC7
:10DBE8007A45FFFF7A45FFFF7A45FFFF7A45FFFF39
:10DBF800BA45FFFF7A45FFFF7A45FFFF7A45FFFFE9
:10DC08007A45FFFF1047FFFFF845FFFFE246FFFF99
:10DC18007A45FFFF7A45FFFF4047FFFF7A45FFFF40
:10DC2800F845FFFF7A45FFFF7A45FFFFEA46FFFF09
:10DC38000000000064DB008084DB008044DB00809F
:10DC480000000000000000000000000000000000CC
:10DC580000000000000000000000000000000000BC
:10DC680000000000000000000000000000000000AC
:10DC7800000000000000000000000000000000009C
:10DC8800000000000000000000000000000000008C
:10DC9800903B009000B4C404000000900000000015
:04DCA80000000090E8
:040000058000000077
:00000001FF
